<?xml version="1.0" encoding="UTF-8"?>
<gpx xmlns="http://www.topografix.com/GPX/1/1" xmlns:xsi="http://www.w3.org/2001/XMLSchema-instance" xsi:schemaLocation="http://www.topografix.com/GPX/1/1 http://www.topografix.com/GPX/1/1/gpx.xsd" version="1.1" creator="gpx.py -- https://github.com/tkrajina/gpxpy">
  <trk>
    <name>G727 2026</name>
    <trkseg>
      <trkpt lat="43.48806" lon="3.66963">
        <ele>32.7</ele>
      </trkpt>
      <trkpt lat="43.49136" lon="3.66631">
        <ele>41.2</ele>
      </trkpt>
      <trkpt lat="43.49232" lon="3.66574">
        <ele>42.8</ele>
      </trkpt>
      <trkpt lat="43.49393" lon="3.66575">
        <ele>48.0</ele>
      </trkpt>
      <trkpt lat="43.49591" lon="3.66542">
        <ele>44.0</ele>
      </trkpt>
      <trkpt lat="43.49982" lon="3.66352">
        <ele>49.1</ele>
      </trkpt>
      <trkpt lat="43.50003" lon="3.66346">
        <ele>49.5</ele>
      </trkpt>
      <trkpt lat="43.50394" lon="3.66128">
        <ele>66.3</ele>
      </trkpt>
      <trkpt lat="43.50443" lon="3.66107">
        <ele>69.3</ele>
      </trkpt>
      <trkpt lat="43.50592" lon="3.66066">
        <ele>77.9</ele>
      </trkpt>
      <trkpt lat="43.50747" lon="3.65841">
        <ele>90.2</ele>
      </trkpt>
      <trkpt lat="43.50779" lon="3.65795">
        <ele>95.5</ele>
      </trkpt>
      <trkpt lat="43.50986" lon="3.65533">
        <ele>112.1</ele>
      </trkpt>
      <trkpt lat="43.50894" lon="3.65456">
        <ele>119.0</ele>
      </trkpt>
      <trkpt lat="43.50847" lon="3.65424">
        <ele>122.2</ele>
      </trkpt>
      <trkpt lat="43.50566" lon="3.65189">
        <ele>141.4</ele>
      </trkpt>
      <trkpt lat="43.50493" lon="3.65164">
        <ele>146.5</ele>
      </trkpt>
      <trkpt lat="43.50218" lon="3.64811">
        <ele>163.2</ele>
      </trkpt>
      <trkpt lat="43.5019" lon="3.64745">
        <ele>164.2</ele>
      </trkpt>
      <trkpt lat="43.4984" lon="3.6466">
        <ele>189.3</ele>
      </trkpt>
      <trkpt lat="43.498" lon="3.64637">
        <ele>188.3</ele>
      </trkpt>
      <trkpt lat="43.49792" lon="3.64618">
        <ele>187.1</ele>
      </trkpt>
      <trkpt lat="43.49905" lon="3.64148">
        <ele>162.3</ele>
      </trkpt>
      <trkpt lat="43.49911" lon="3.64127">
        <ele>160.9</ele>
      </trkpt>
      <trkpt lat="43.50018" lon="3.63805">
        <ele>145.7</ele>
      </trkpt>
      <trkpt lat="43.50018" lon="3.63795">
        <ele>146.1</ele>
      </trkpt>
      <trkpt lat="43.49817" lon="3.63716">
        <ele>155.0</ele>
      </trkpt>
      <trkpt lat="43.49594" lon="3.63567">
        <ele>141.0</ele>
      </trkpt>
      <trkpt lat="43.4929" lon="3.63354">
        <ele>143.5</ele>
      </trkpt>
      <trkpt lat="43.49165" lon="3.63259">
        <ele>147.4</ele>
      </trkpt>
      <trkpt lat="43.48846" lon="3.62918">
        <ele>122.2</ele>
      </trkpt>
      <trkpt lat="43.48849" lon="3.62874">
        <ele>120.9</ele>
      </trkpt>
      <trkpt lat="43.48896" lon="3.62774">
        <ele>126.9</ele>
      </trkpt>
      <trkpt lat="43.48874" lon="3.627">
        <ele>121.9</ele>
      </trkpt>
      <trkpt lat="43.49033" lon="3.62277">
        <ele>94.0</ele>
      </trkpt>
      <trkpt lat="43.49075" lon="3.62332">
        <ele>94.8</ele>
      </trkpt>
      <trkpt lat="43.4916" lon="3.62014">
        <ele>74.1</ele>
      </trkpt>
      <trkpt lat="43.49161" lon="3.61987">
        <ele>72.7</ele>
      </trkpt>
      <trkpt lat="43.49201" lon="3.61866">
        <ele>64.5</ele>
      </trkpt>
      <trkpt lat="43.49121" lon="3.61879">
        <ele>59.3</ele>
      </trkpt>
      <trkpt lat="43.48772" lon="3.61637">
        <ele>64.7</ele>
      </trkpt>
      <trkpt lat="43.48653" lon="3.61293">
        <ele>53.4</ele>
      </trkpt>
      <trkpt lat="43.48619" lon="3.61288">
        <ele>53.9</ele>
      </trkpt>
      <trkpt lat="43.48504" lon="3.60959">
        <ele>41.5</ele>
      </trkpt>
      <trkpt lat="43.48441" lon="3.60909">
        <ele>39.5</ele>
      </trkpt>
      <trkpt lat="43.48429" lon="3.60901">
        <ele>39.2</ele>
      </trkpt>
      <trkpt lat="43.48235" lon="3.60794">
        <ele>41.4</ele>
      </trkpt>
      <trkpt lat="43.47938" lon="3.60514">
        <ele>34.8</ele>
      </trkpt>
      <trkpt lat="43.47756" lon="3.60186">
        <ele>24.8</ele>
      </trkpt>
      <trkpt lat="43.47711" lon="3.60086">
        <ele>24.9</ele>
      </trkpt>
      <trkpt lat="43.47598" lon="3.59973">
        <ele>19.5</ele>
      </trkpt>
      <trkpt lat="43.47357" lon="3.59843">
        <ele>20.8</ele>
      </trkpt>
      <trkpt lat="43.47351" lon="3.59841">
        <ele>20.6</ele>
      </trkpt>
      <trkpt lat="43.47318" lon="3.5972">
        <ele>16.4</ele>
      </trkpt>
      <trkpt lat="43.47301" lon="3.59483">
        <ele>17.0</ele>
      </trkpt>
      <trkpt lat="43.46887" lon="3.5929">
        <ele>20.5</ele>
      </trkpt>
      <trkpt lat="43.46837" lon="3.59435">
        <ele>15.6</ele>
      </trkpt>
      <trkpt lat="43.46833" lon="3.59455">
        <ele>15.0</ele>
      </trkpt>
      <trkpt lat="43.46445" lon="3.59448">
        <ele>13.0</ele>
      </trkpt>
      <trkpt lat="43.46352" lon="3.59438">
        <ele>19.0</ele>
        <time>2026-09-17T07:20:26Z</time>
      </trkpt>
      <trkpt lat="43.46334" lon="3.59345">
        <ele>19.6</ele>
        <time>2026-09-17T07:20:42Z</time>
      </trkpt>
      <trkpt lat="43.46446" lon="3.59048">
        <ele>12.9</ele>
        <time>2026-09-17T07:22:43Z</time>
      </trkpt>
      <trkpt lat="43.46494" lon="3.58854">
        <ele>13.0</ele>
        <time>2026-09-17T07:23:15Z</time>
      </trkpt>
      <trkpt lat="43.46483" lon="3.58856">
        <ele>17.8</ele>
        <time>2026-09-17T07:23:19Z</time>
      </trkpt>
      <trkpt lat="43.46391" lon="3.58862">
        <ele>17.6</ele>
        <time>2026-09-17T07:23:43Z</time>
      </trkpt>
      <trkpt lat="43.4663" lon="3.58597">
        <ele>13.0</ele>
      </trkpt>
      <trkpt lat="43.46847" lon="3.5822">
        <ele>26.8</ele>
      </trkpt>
      <trkpt lat="43.46875" lon="3.58101">
        <ele>33.8</ele>
      </trkpt>
      <trkpt lat="43.47027" lon="3.578">
        <ele>38.4</ele>
        <time>2026-09-17T07:27:51Z</time>
      </trkpt>
      <trkpt lat="43.46979" lon="3.57765">
        <ele>41.8</ele>
        <time>2026-09-17T07:28:07Z</time>
      </trkpt>
      <trkpt lat="43.46906" lon="3.57774">
        <ele>43.4</ele>
      </trkpt>
      <trkpt lat="43.46778" lon="3.57677">
        <ele>55.6</ele>
        <time>2026-09-17T07:29:39Z</time>
      </trkpt>
      <trkpt lat="43.46711" lon="3.57599">
        <ele>54.8</ele>
        <time>2026-09-17T07:29:59Z</time>
      </trkpt>
      <trkpt lat="43.46807" lon="3.57414">
        <ele>56.0</ele>
        <time>2026-09-17T07:30:41Z</time>
      </trkpt>
      <trkpt lat="43.46781" lon="3.57202">
        <ele>46.3</ele>
        <time>2026-09-17T07:31:05Z</time>
      </trkpt>
      <trkpt lat="43.47211" lon="3.56956">
        <ele>41.4</ele>
      </trkpt>
      <trkpt lat="43.472" lon="3.56936">
        <ele>41.0</ele>
      </trkpt>
      <trkpt lat="43.46861" lon="3.56452">
        <ele>36.0</ele>
      </trkpt>
      <trkpt lat="43.46639" lon="3.56135">
        <ele>39.1</ele>
      </trkpt>
      <trkpt lat="43.46384" lon="3.55968">
        <ele>47.7</ele>
      </trkpt>
      <trkpt lat="43.46318" lon="3.55899">
        <ele>44.0</ele>
      </trkpt>
      <trkpt lat="43.46361" lon="3.55414">
        <ele>67.1</ele>
      </trkpt>
      <trkpt lat="43.46389" lon="3.55309">
        <ele>71.0</ele>
      </trkpt>
      <trkpt lat="43.464" lon="3.55237">
        <ele>67.2</ele>
      </trkpt>
      <trkpt lat="43.46576" lon="3.55026">
        <ele>52.7</ele>
      </trkpt>
      <trkpt lat="43.46706" lon="3.54801">
        <ele>57.1</ele>
      </trkpt>
      <trkpt lat="43.46823" lon="3.54543">
        <ele>63.3</ele>
      </trkpt>
      <trkpt lat="43.46886" lon="3.54419">
        <ele>61.8</ele>
        <time>2026-09-17T07:41:06Z</time>
      </trkpt>
      <trkpt lat="43.46767" lon="3.54085">
        <ele>57.6</ele>
        <time>2026-09-17T07:41:54Z</time>
      </trkpt>
      <trkpt lat="43.46665" lon="3.53901">
        <ele>57.4</ele>
        <time>2026-09-17T07:42:26Z</time>
      </trkpt>
      <trkpt lat="43.46636" lon="3.53861">
        <ele>56.0</ele>
        <time>2026-09-17T07:42:38Z</time>
      </trkpt>
      <trkpt lat="43.46665" lon="3.53657">
        <ele>51.8</ele>
        <time>2026-09-17T07:43:12Z</time>
      </trkpt>
      <trkpt lat="43.46681" lon="3.53237">
        <ele>58.2</ele>
        <time>2026-09-17T07:44:32Z</time>
      </trkpt>
      <trkpt lat="43.46681" lon="3.53121">
        <ele>60.8</ele>
        <time>2026-09-17T07:45:00Z</time>
      </trkpt>
      <trkpt lat="43.46645" lon="3.53059">
        <ele>63.4</ele>
      </trkpt>
      <trkpt lat="43.46288" lon="3.5268">
        <ele>51.8</ele>
        <time>2026-09-17T07:46:48Z</time>
      </trkpt>
      <trkpt lat="43.46094" lon="3.52556">
        <ele>52.6</ele>
        <time>2026-09-17T07:47:22Z</time>
      </trkpt>
      <trkpt lat="43.46021" lon="3.52589">
        <ele>54.2</ele>
        <time>2026-09-17T07:47:38Z</time>
      </trkpt>
      <trkpt lat="43.45839" lon="3.52366">
        <ele>48.5</ele>
      </trkpt>
      <trkpt lat="43.45845" lon="3.52321">
        <ele>47.6</ele>
        <time>2026-09-17T07:48:52Z</time>
      </trkpt>
      <trkpt lat="43.45579" lon="3.51968">
        <ele>38.0</ele>
        <time>2026-09-17T07:49:54Z</time>
      </trkpt>
      <trkpt lat="43.45334" lon="3.51903">
        <ele>38.8</ele>
        <time>2026-09-17T07:50:55Z</time>
      </trkpt>
      <trkpt lat="43.45356" lon="3.51751">
        <ele>41.8</ele>
      </trkpt>
      <trkpt lat="43.45372" lon="3.51673">
        <ele>35.6</ele>
        <time>2026-01-15T09:26:16Z</time>
      </trkpt>
      <trkpt lat="43.45488" lon="3.51305">
        <ele>41.4</ele>
        <time>2026-01-15T09:27:08Z</time>
      </trkpt>
      <trkpt lat="43.4553" lon="3.51121">
        <ele>55.6</ele>
        <time>2026-01-15T09:27:36Z</time>
      </trkpt>
      <trkpt lat="43.45652" lon="3.50871">
        <ele>60.4</ele>
        <time>2026-01-15T09:28:04Z</time>
      </trkpt>
      <trkpt lat="43.45695" lon="3.50839">
        <ele>60.0</ele>
        <time>2026-01-15T09:28:08Z</time>
      </trkpt>
      <trkpt lat="43.45689" lon="3.50812">
        <ele>50.2</ele>
        <time>2026-01-15T09:28:26Z</time>
      </trkpt>
      <trkpt lat="43.45587" lon="3.5061">
        <ele>58.6</ele>
        <time>2026-01-15T09:29:16Z</time>
      </trkpt>
      <trkpt lat="43.4565" lon="3.50184">
        <ele>82.4</ele>
      </trkpt>
      <trkpt lat="43.45655" lon="3.49943">
        <ele>89.0</ele>
      </trkpt>
      <trkpt lat="43.45685" lon="3.49541">
        <ele>92.7</ele>
      </trkpt>
      <trkpt lat="43.4573" lon="3.49389">
        <ele>95.3</ele>
      </trkpt>
      <trkpt lat="43.45906" lon="3.49261">
        <ele>96.8</ele>
      </trkpt>
      <trkpt lat="43.45855" lon="3.4909">
        <ele>98.0</ele>
      </trkpt>
      <trkpt lat="43.4583" lon="3.49051">
        <ele>97.1</ele>
      </trkpt>
      <trkpt lat="43.45718" lon="3.48523">
        <ele>94.0</ele>
      </trkpt>
      <trkpt lat="43.45692" lon="3.48437">
        <ele>93.1</ele>
      </trkpt>
      <trkpt lat="43.4557" lon="3.47976">
        <ele>88.6</ele>
      </trkpt>
      <trkpt lat="43.45564" lon="3.47951">
        <ele>87.9</ele>
      </trkpt>
      <trkpt lat="43.45535" lon="3.47759">
        <ele>86.5</ele>
      </trkpt>
      <trkpt lat="43.45565" lon="3.47475">
        <ele>83.7</ele>
      </trkpt>
      <trkpt lat="43.45565" lon="3.47265">
        <ele>84.5</ele>
      </trkpt>
      <trkpt lat="43.45485" lon="3.46905">
        <ele>79.7</ele>
      </trkpt>
      <trkpt lat="43.45517" lon="3.46777">
        <ele>82.3</ele>
      </trkpt>
      <trkpt lat="43.45519" lon="3.46237">
        <ele>92.0</ele>
      </trkpt>
      <trkpt lat="43.45524" lon="3.46149">
        <ele>92.0</ele>
      </trkpt>
      <trkpt lat="43.45524" lon="3.46">
        <ele>88.0</ele>
      </trkpt>
      <trkpt lat="43.45623" lon="3.4564">
        <ele>69.5</ele>
      </trkpt>
      <trkpt lat="43.45623" lon="3.45627">
        <ele>68.6</ele>
      </trkpt>
      <trkpt lat="43.45639" lon="3.45515">
        <ele>63.4</ele>
      </trkpt>
      <trkpt lat="43.45814" lon="3.45521">
        <ele>51.8</ele>
      </trkpt>
      <trkpt lat="43.45931" lon="3.45532">
        <ele>53.2</ele>
      </trkpt>
      <trkpt lat="43.45982" lon="3.45472">
        <ele>46.3</ele>
      </trkpt>
      <trkpt lat="43.46203" lon="3.45117">
        <ele>21.5</ele>
      </trkpt>
      <trkpt lat="43.46434" lon="3.4537">
        <ele>21.3</ele>
      </trkpt>
      <trkpt lat="43.46465" lon="3.45366">
        <ele>18.7</ele>
      </trkpt>
      <trkpt lat="43.4653" lon="3.4539">
        <ele>19.1</ele>
      </trkpt>
      <trkpt lat="43.46641" lon="3.45289">
        <ele>18.0</ele>
      </trkpt>
      <trkpt lat="43.46777" lon="3.45231">
        <ele>16.3</ele>
      </trkpt>
      <trkpt lat="43.47079" lon="3.45162">
        <ele>16.7</ele>
      </trkpt>
      <trkpt lat="43.47167" lon="3.45155">
        <ele>15.6</ele>
      </trkpt>
      <trkpt lat="43.47275" lon="3.45221">
        <ele>16.0</ele>
      </trkpt>
      <trkpt lat="43.47348" lon="3.44777">
        <ele>16.0</ele>
      </trkpt>
      <trkpt lat="43.47446" lon="3.44674">
        <ele>19.9</ele>
      </trkpt>
      <trkpt lat="43.47491" lon="3.44427">
        <ele>19.3</ele>
      </trkpt>
      <trkpt lat="43.47358" lon="3.44368">
        <ele>16.3</ele>
      </trkpt>
      <trkpt lat="43.47294" lon="3.44322">
        <ele>16.6</ele>
      </trkpt>
      <trkpt lat="43.47333" lon="3.4388">
        <ele>15.0</ele>
      </trkpt>
      <trkpt lat="43.47337" lon="3.43634">
        <ele>16.6</ele>
      </trkpt>
      <trkpt lat="43.4699" lon="3.43471">
        <ele>15.1</ele>
      </trkpt>
      <trkpt lat="43.46983" lon="3.4348">
        <ele>15.0</ele>
      </trkpt>
      <trkpt lat="43.46659" lon="3.43358">
        <ele>15.0</ele>
      </trkpt>
      <trkpt lat="43.46492" lon="3.43265">
        <ele>16.6</ele>
      </trkpt>
      <trkpt lat="43.46333" lon="3.43264">
        <ele>15.0</ele>
      </trkpt>
      <trkpt lat="43.4599" lon="3.43228">
        <ele>16.1</ele>
      </trkpt>
      <trkpt lat="43.46042" lon="3.43032">
        <ele>15.9</ele>
      </trkpt>
      <trkpt lat="43.46186" lon="3.42597">
        <ele>18.0</ele>
      </trkpt>
      <trkpt lat="43.46246" lon="3.42484">
        <ele>20.0</ele>
      </trkpt>
      <trkpt lat="43.46233" lon="3.42447">
        <ele>17.9</ele>
      </trkpt>
      <trkpt lat="43.46127" lon="3.42314">
        <ele>22.1</ele>
      </trkpt>
      <trkpt lat="43.45992" lon="3.42298">
        <ele>20.3</ele>
      </trkpt>
      <trkpt lat="43.45946" lon="3.42205">
        <ele>21.6</ele>
      </trkpt>
      <trkpt lat="43.45987" lon="3.41882">
        <ele>30.2</ele>
      </trkpt>
      <trkpt lat="43.45954" lon="3.41863">
        <ele>31.5</ele>
      </trkpt>
      <trkpt lat="43.45996" lon="3.41768">
        <ele>33.2</ele>
      </trkpt>
      <trkpt lat="43.46047" lon="3.41252">
        <ele>32.3</ele>
      </trkpt>
      <trkpt lat="43.46171" lon="3.4075">
        <ele>53.1</ele>
      </trkpt>
      <trkpt lat="43.46172" lon="3.40699">
        <ele>54.0</ele>
      </trkpt>
      <trkpt lat="43.4626" lon="3.4021">
        <ele>38.3</ele>
      </trkpt>
      <trkpt lat="43.46254" lon="3.39866">
        <ele>33.9</ele>
      </trkpt>
      <trkpt lat="43.4628" lon="3.39708">
        <ele>36.6</ele>
      </trkpt>
      <trkpt lat="43.4625" lon="3.39654">
        <ele>38.5</ele>
      </trkpt>
      <trkpt lat="43.46222" lon="3.39634">
        <ele>38.0</ele>
      </trkpt>
      <trkpt lat="43.45835" lon="3.39406">
        <ele>45.9</ele>
      </trkpt>
      <trkpt lat="43.45766" lon="3.3945">
        <ele>39.7</ele>
      </trkpt>
      <trkpt lat="43.45654" lon="3.3911">
        <ele>47.3</ele>
      </trkpt>
      <trkpt lat="43.45611" lon="3.38674">
        <ele>43.7</ele>
      </trkpt>
      <trkpt lat="43.45642" lon="3.38392">
        <ele>60.0</ele>
      </trkpt>
      <trkpt lat="43.45638" lon="3.38367">
        <ele>60.8</ele>
      </trkpt>
      <trkpt lat="43.45605" lon="3.38165">
        <ele>72.4</ele>
      </trkpt>
      <trkpt lat="43.45383" lon="3.38144">
        <ele>77.3</ele>
      </trkpt>
      <trkpt lat="43.45062" lon="3.3797">
        <ele>87.1</ele>
      </trkpt>
      <trkpt lat="43.44952" lon="3.37873">
        <ele>79.2</ele>
      </trkpt>
      <trkpt lat="43.4477" lon="3.37758">
        <ele>65.6</ele>
      </trkpt>
      <trkpt lat="43.44633" lon="3.37579">
        <ele>76.7</ele>
      </trkpt>
      <trkpt lat="43.44535" lon="3.37576">
        <ele>75.7</ele>
      </trkpt>
      <trkpt lat="43.44205" lon="3.37301">
        <ele>103.2</ele>
      </trkpt>
      <trkpt lat="43.44185" lon="3.37286">
        <ele>103.1</ele>
      </trkpt>
      <trkpt lat="43.4381" lon="3.37071">
        <ele>91.7</ele>
      </trkpt>
      <trkpt lat="43.43779" lon="3.37057">
        <ele>92.0</ele>
      </trkpt>
      <trkpt lat="43.43649" lon="3.3698">
        <ele>87.6</ele>
      </trkpt>
      <trkpt lat="43.43479" lon="3.36768">
        <ele>77.5</ele>
      </trkpt>
      <trkpt lat="43.43349" lon="3.36651">
        <ele>79.3</ele>
      </trkpt>
      <trkpt lat="43.43208" lon="3.3639">
        <ele>78.0</ele>
      </trkpt>
      <trkpt lat="43.43104" lon="3.36197">
        <ele>77.3</ele>
      </trkpt>
      <trkpt lat="43.42867" lon="3.36157">
        <ele>98.7</ele>
      </trkpt>
      <trkpt lat="43.42687" lon="3.36031">
        <ele>103.5</ele>
      </trkpt>
      <trkpt lat="43.42695" lon="3.35991">
        <ele>102.7</ele>
      </trkpt>
      <trkpt lat="43.42567" lon="3.36148">
        <ele>77.0</ele>
      </trkpt>
      <trkpt lat="43.42521" lon="3.36204">
        <ele>70.5</ele>
      </trkpt>
      <trkpt lat="43.42404" lon="3.36038">
        <ele>68.0</ele>
      </trkpt>
      <trkpt lat="43.42275" lon="3.36278">
        <ele>63.3</ele>
      </trkpt>
      <trkpt lat="43.42111" lon="3.36534">
        <ele>55.0</ele>
      </trkpt>
      <trkpt lat="43.42006" lon="3.36769">
        <ele>46.3</ele>
      </trkpt>
      <trkpt lat="43.41968" lon="3.36733">
        <ele>47.6</ele>
      </trkpt>
      <trkpt lat="43.41661" lon="3.37036">
        <ele>38.0</ele>
      </trkpt>
      <trkpt lat="43.41415" lon="3.37135">
        <ele>34.0</ele>
      </trkpt>
      <trkpt lat="43.41388" lon="3.37258">
        <ele>38.4</ele>
      </trkpt>
      <trkpt lat="43.41343" lon="3.37372">
        <ele>41.7</ele>
      </trkpt>
      <trkpt lat="43.40922" lon="3.37206">
        <ele>31.9</ele>
      </trkpt>
      <trkpt lat="43.40902" lon="3.372">
        <ele>30.7</ele>
      </trkpt>
      <trkpt lat="43.40704" lon="3.3708">
        <ele>23.3</ele>
      </trkpt>
      <trkpt lat="43.40761" lon="3.37574">
        <ele>27.8</ele>
      </trkpt>
      <trkpt lat="43.407" lon="3.37829">
        <ele>26.4</ele>
      </trkpt>
      <trkpt lat="43.40616" lon="3.37813">
        <ele>24.0</ele>
      </trkpt>
      <trkpt lat="43.40529" lon="3.37754">
        <ele>22.0</ele>
      </trkpt>
      <trkpt lat="43.40483" lon="3.37729">
        <ele>21.0</ele>
      </trkpt>
      <trkpt lat="43.4037" lon="3.37998">
        <ele>20.0</ele>
      </trkpt>
      <trkpt lat="43.4032" lon="3.38133">
        <ele>19.1</ele>
      </trkpt>
      <trkpt lat="43.40313" lon="3.38147">
        <ele>19.0</ele>
      </trkpt>
      <trkpt lat="43.40191" lon="3.38158">
        <ele>17.0</ele>
      </trkpt>
      <trkpt lat="43.39795" lon="3.37894">
        <ele>17.9</ele>
      </trkpt>
      <trkpt lat="43.39687" lon="3.37835">
        <ele>17.3</ele>
      </trkpt>
      <trkpt lat="43.39662" lon="3.37925">
        <ele>17.0</ele>
      </trkpt>
      <trkpt lat="43.3967" lon="3.38066">
        <ele>17.0</ele>
      </trkpt>
      <trkpt lat="43.39629" lon="3.38547">
        <ele>15.8</ele>
      </trkpt>
      <trkpt lat="43.39606" lon="3.38642">
        <ele>15.0</ele>
      </trkpt>
      <trkpt lat="43.39505" lon="3.38898">
        <ele>14.0</ele>
      </trkpt>
      <trkpt lat="43.39378" lon="3.39174">
        <ele>14.0</ele>
      </trkpt>
      <trkpt lat="43.39371" lon="3.3916">
        <ele>13.9</ele>
      </trkpt>
      <trkpt lat="43.39135" lon="3.38894">
        <ele>19.0</ele>
      </trkpt>
      <trkpt lat="43.39094" lon="3.38871">
        <ele>20.5</ele>
      </trkpt>
      <trkpt lat="43.3898" lon="3.38779">
        <ele>26.0</ele>
      </trkpt>
      <trkpt lat="43.38634" lon="3.38564">
        <ele>27.7</ele>
      </trkpt>
      <trkpt lat="43.38377" lon="3.38306">
        <ele>34.0</ele>
      </trkpt>
      <trkpt lat="43.38302" lon="3.38228">
        <ele>37.8</ele>
      </trkpt>
      <trkpt lat="43.38168" lon="3.3801">
        <ele>45.0</ele>
      </trkpt>
      <trkpt lat="43.38123" lon="3.3796">
        <ele>42.4</ele>
      </trkpt>
      <trkpt lat="43.37809" lon="3.37911">
        <ele>38.9</ele>
      </trkpt>
      <trkpt lat="43.37698" lon="3.37894">
        <ele>37.8</ele>
      </trkpt>
      <trkpt lat="43.37623" lon="3.38057">
        <ele>31.4</ele>
      </trkpt>
      <trkpt lat="43.37604" lon="3.38327">
        <ele>38.1</ele>
      </trkpt>
      <trkpt lat="43.37533" lon="3.38601">
        <ele>30.1</ele>
      </trkpt>
      <trkpt lat="43.37533" lon="3.38663">
        <ele>31.9</ele>
      </trkpt>
      <trkpt lat="43.37551" lon="3.38803">
        <ele>36.7</ele>
      </trkpt>
      <trkpt lat="43.37565" lon="3.38857">
        <ele>36.7</ele>
      </trkpt>
      <trkpt lat="43.37354" lon="3.38797">
        <ele>34.4</ele>
      </trkpt>
      <trkpt lat="43.37075" lon="3.38436">
        <ele>19.2</ele>
      </trkpt>
      <trkpt lat="43.37007" lon="3.38373">
        <ele>18.6</ele>
      </trkpt>
      <trkpt lat="43.36841" lon="3.38282">
        <ele>21.3</ele>
      </trkpt>
      <trkpt lat="43.36778" lon="3.3835">
        <ele>22.4</ele>
      </trkpt>
      <trkpt lat="43.36515" lon="3.38694">
        <ele>18.5</ele>
      </trkpt>
      <trkpt lat="43.36334" lon="3.38728">
        <ele>22.8</ele>
      </trkpt>
      <trkpt lat="43.36264" lon="3.38744">
        <ele>23.2</ele>
      </trkpt>
      <trkpt lat="43.36051" lon="3.38822">
        <ele>19.1</ele>
      </trkpt>
      <trkpt lat="43.35803" lon="3.38891">
        <ele>20.0</ele>
      </trkpt>
      <trkpt lat="43.35449" lon="3.39044">
        <ele>31.3</ele>
      </trkpt>
      <trkpt lat="43.3538" lon="3.39085">
        <ele>32.3</ele>
      </trkpt>
      <trkpt lat="43.35337" lon="3.39126">
        <ele>32.3</ele>
      </trkpt>
      <trkpt lat="43.3517" lon="3.39345">
        <ele>29.0</ele>
      </trkpt>
      <trkpt lat="43.35063" lon="3.39502">
        <ele>26.9</ele>
      </trkpt>
      <trkpt lat="43.34907" lon="3.39703">
        <ele>23.7</ele>
      </trkpt>
      <trkpt lat="43.34988" lon="3.39863">
        <ele>21.0</ele>
      </trkpt>
      <trkpt lat="43.34976" lon="3.40113">
        <ele>19.0</ele>
      </trkpt>
      <trkpt lat="43.34908" lon="3.4014">
        <ele>19.9</ele>
      </trkpt>
      <trkpt lat="43.34826" lon="3.40016">
        <ele>20.6</ele>
      </trkpt>
      <trkpt lat="43.34761" lon="3.39876">
        <ele>23.3</ele>
      </trkpt>
      <trkpt lat="43.3451" lon="3.40236">
        <ele>20.2</ele>
      </trkpt>
      <trkpt lat="43.34434" lon="3.40255">
        <ele>20.3</ele>
      </trkpt>
      <trkpt lat="43.34281" lon="3.40309">
        <ele>19.0</ele>
      </trkpt>
      <trkpt lat="43.34116" lon="3.40082">
        <ele>13.2</ele>
      </trkpt>
      <trkpt lat="43.34085" lon="3.40037">
        <ele>12.0</ele>
      </trkpt>
      <trkpt lat="43.3408" lon="3.39564">
        <ele>10.0</ele>
      </trkpt>
      <trkpt lat="43.34075" lon="3.39513">
        <ele>10.0</ele>
      </trkpt>
      <trkpt lat="43.33366" lon="3.39546">
        <ele>7.0</ele>
      </trkpt>
      <trkpt lat="43.33078" lon="3.3944">
        <ele>6.7</ele>
      </trkpt>
      <trkpt lat="43.32901" lon="3.39284">
        <ele>7.4</ele>
      </trkpt>
      <trkpt lat="43.32895" lon="3.39199">
        <ele>7.7</ele>
      </trkpt>
      <trkpt lat="43.3304" lon="3.38971">
        <ele>7.6</ele>
      </trkpt>
      <trkpt lat="43.33106" lon="3.38826">
        <ele>8.0</ele>
        <time>2025-05-03T07:59:11Z</time>
      </trkpt>
      <trkpt lat="43.33217" lon="3.38579">
        <ele>8.0</ele>
      </trkpt>
      <trkpt lat="43.33208" lon="3.38495">
        <ele>8.0</ele>
        <time>2025-05-03T08:01:05Z</time>
      </trkpt>
      <trkpt lat="43.33023" lon="3.38445">
        <ele>10.0</ele>
        <time>2025-05-03T08:02:44Z</time>
      </trkpt>
      <trkpt lat="43.32908" lon="3.38303">
        <ele>9.3</ele>
      </trkpt>
      <trkpt lat="43.32795" lon="3.38156">
        <ele>8.6</ele>
      </trkpt>
      <trkpt lat="43.32513" lon="3.37774">
        <ele>12.0</ele>
        <time>2025-05-03T08:07:32Z</time>
      </trkpt>
      <trkpt lat="43.32272" lon="3.37671">
        <ele>13.0</ele>
        <time>2025-05-03T08:09:18Z</time>
      </trkpt>
      <trkpt lat="43.32286" lon="3.37594">
        <ele>13.4</ele>
      </trkpt>
      <trkpt lat="43.32341" lon="3.37285">
        <ele>11.0</ele>
        <time>2025-05-03T08:10:59Z</time>
      </trkpt>
      <trkpt lat="43.32376" lon="3.37017">
        <ele>10.5</ele>
        <time>2025-05-03T08:12:37Z</time>
      </trkpt>
      <trkpt lat="43.32649" lon="3.37028">
        <ele>13.0</ele>
        <time>2025-05-03T08:14:28Z</time>
      </trkpt>
      <trkpt lat="43.32647" lon="3.37018">
        <ele>12.9</ele>
      </trkpt>
      <trkpt lat="43.32635" lon="3.36788">
        <ele>13.1</ele>
        <time>2025-05-03T08:15:41Z</time>
      </trkpt>
      <trkpt lat="43.32638" lon="3.36682">
        <ele>14.4</ele>
      </trkpt>
      <trkpt lat="43.3263" lon="3.36357">
        <ele>19.1</ele>
        <time>2025-05-03T08:17:52Z</time>
      </trkpt>
      <trkpt lat="43.32514" lon="3.36197">
        <ele>17.0</ele>
        <time>2025-05-03T08:19:03Z</time>
      </trkpt>
      <trkpt lat="43.32666" lon="3.3567">
        <ele>19.0</ele>
      </trkpt>
      <trkpt lat="43.32694" lon="3.35583">
        <ele>19.0</ele>
        <time>2025-05-03T08:22:25Z</time>
      </trkpt>
      <trkpt lat="43.328" lon="3.35232">
        <ele>23.0</ele>
        <time>2025-05-03T08:24:22Z</time>
      </trkpt>
      <trkpt lat="43.3277" lon="3.35091">
        <ele>21.9</ele>
        <time>2025-05-03T08:25:10Z</time>
      </trkpt>
      <trkpt lat="43.32802" lon="3.34629">
        <ele>19.0</ele>
      </trkpt>
      <trkpt lat="43.32824" lon="3.34362">
        <ele>20.0</ele>
      </trkpt>
      <trkpt lat="43.3283" lon="3.34343">
        <ele>19.0</ele>
        <time>2025-05-03T08:29:02Z</time>
      </trkpt>
      <trkpt lat="43.32694" lon="3.3393">
        <ele>16.5</ele>
      </trkpt>
      <trkpt lat="43.3265" lon="3.33712">
        <ele>16.0</ele>
        <time>2025-05-03T08:32:26Z</time>
      </trkpt>
      <trkpt lat="43.32585" lon="3.33359">
        <ele>17.0</ele>
        <time>2025-05-03T08:34:16Z</time>
      </trkpt>
      <trkpt lat="43.32579" lon="3.33255">
        <ele>17.8</ele>
      </trkpt>
      <trkpt lat="43.32563" lon="3.33073">
        <ele>17.0</ele>
        <time>2025-05-03T08:35:42Z</time>
      </trkpt>
      <trkpt lat="43.32412" lon="3.32622">
        <ele>19.0</ele>
        <time>2025-05-03T08:38:13Z</time>
      </trkpt>
      <trkpt lat="43.3223" lon="3.32826">
        <ele>17.0</ele>
      </trkpt>
      <trkpt lat="43.32176" lon="3.32781">
        <ele>18.0</ele>
        <time>2025-05-03T08:40:45Z</time>
      </trkpt>
      <trkpt lat="43.32137" lon="3.32748">
        <ele>18.1</ele>
        <time>2025-05-03T08:41:07Z</time>
      </trkpt>
      <trkpt lat="43.32156" lon="3.32384">
        <ele>20.0</ele>
      </trkpt>
      <trkpt lat="43.32194" lon="3.31764">
        <ele>24.0</ele>
      </trkpt>
      <trkpt lat="43.32176" lon="3.31555">
        <ele>26.0</ele>
        <time>2025-05-03T08:47:13Z</time>
      </trkpt>
      <trkpt lat="43.32223" lon="3.31179">
        <ele>20.0</ele>
        <time>2025-05-03T08:49:07Z</time>
      </trkpt>
      <trkpt lat="43.32139" lon="3.31066">
        <ele>14.0</ele>
        <time>2025-05-03T08:49:55Z</time>
      </trkpt>
      <trkpt lat="43.32192" lon="3.30863">
        <ele>11.0</ele>
        <time>2025-05-03T08:51:14Z</time>
      </trkpt>
      <trkpt lat="43.32054" lon="3.30687">
        <ele>6.0</ele>
        <time>2025-05-03T08:52:31Z</time>
      </trkpt>
      <trkpt lat="43.32015" lon="3.30577">
        <ele>5.0</ele>
        <time>2025-05-03T08:53:14Z</time>
      </trkpt>
      <trkpt lat="43.31895" lon="3.30325">
        <ele>4.0</ele>
        <time>2025-05-03T08:55:28Z</time>
      </trkpt>
      <trkpt lat="43.3176" lon="3.30282">
        <ele>7.7</ele>
        <time>2025-05-03T08:56:24Z</time>
      </trkpt>
      <trkpt lat="43.31744" lon="3.30257">
        <ele>6.2</ele>
        <time>2025-05-03T08:56:36Z</time>
      </trkpt>
      <trkpt lat="43.31692" lon="3.30089">
        <ele>3.0</ele>
        <time>2025-05-03T08:57:47Z</time>
      </trkpt>
      <trkpt lat="43.31557" lon="3.29379">
        <ele>3.9</ele>
      </trkpt>
      <trkpt lat="43.31549" lon="3.29348">
        <ele>6.0</ele>
        <time>2025-05-03T09:01:35Z</time>
      </trkpt>
      <trkpt lat="43.31549" lon="3.291">
        <ele>4.0</ele>
        <time>2025-05-03T09:02:49Z</time>
      </trkpt>
      <trkpt lat="43.31709" lon="3.2829">
        <ele>4.0</ele>
        <time>2025-05-03T09:07:01Z</time>
      </trkpt>
      <trkpt lat="43.31772" lon="3.28096">
        <ele>6.0</ele>
        <time>2025-05-03T09:08:05Z</time>
      </trkpt>
      <trkpt lat="43.31777" lon="3.27945">
        <ele>6.0</ele>
        <time>2025-05-03T09:09:01Z</time>
      </trkpt>
      <trkpt lat="43.32171" lon="3.26834">
        <ele>7.0</ele>
        <time>2025-05-03T09:15:05Z</time>
      </trkpt>
      <trkpt lat="43.32224" lon="3.26654">
        <ele>7.0</ele>
        <time>2025-05-03T09:16:04Z</time>
      </trkpt>
      <trkpt lat="43.32245" lon="3.26521">
        <ele>8.0</ele>
        <time>2025-05-03T09:16:45Z</time>
      </trkpt>
      <trkpt lat="43.32269" lon="3.26324">
        <ele>7.7</ele>
      </trkpt>
      <trkpt lat="43.32307" lon="3.26028">
        <ele>9.0</ele>
      </trkpt>
      <trkpt lat="43.32343" lon="3.25637">
        <ele>8.0</ele>
        <time>2025-05-03T09:21:10Z</time>
      </trkpt>
      <trkpt lat="43.32325" lon="3.25007">
        <ele>8.0</ele>
        <time>2025-05-03T09:24:16Z</time>
      </trkpt>
      <trkpt lat="43.32353" lon="3.2476">
        <ele>8.0</ele>
        <time>2025-05-03T09:25:31Z</time>
      </trkpt>
      <trkpt lat="43.32397" lon="3.24664">
        <ele>9.0</ele>
        <time>2025-05-03T09:26:05Z</time>
      </trkpt>
      <trkpt lat="43.3265" lon="3.24399">
        <ele>10.0</ele>
        <time>2025-05-03T09:28:15Z</time>
      </trkpt>
      <trkpt lat="43.3272" lon="3.24286">
        <ele>9.1</ele>
      </trkpt>
      <trkpt lat="43.32752" lon="3.24197">
        <ele>8.9</ele>
        <time>2025-05-03T09:29:28Z</time>
      </trkpt>
      <trkpt lat="43.32823" lon="3.23832">
        <ele>8.4</ele>
        <time>2025-05-03T09:31:21Z</time>
      </trkpt>
      <trkpt lat="43.32835" lon="3.23722">
        <ele>9.1</ele>
      </trkpt>
      <trkpt lat="43.32834" lon="3.23433">
        <ele>9.0</ele>
        <time>2025-05-03T09:33:20Z</time>
      </trkpt>
      <trkpt lat="43.32908" lon="3.23192">
        <ele>11.0</ele>
        <time>2025-05-03T09:34:39Z</time>
      </trkpt>
      <trkpt lat="43.33126" lon="3.22849">
        <ele>10.0</ele>
        <time>2025-05-03T09:36:54Z</time>
      </trkpt>
      <trkpt lat="43.33213" lon="3.22653">
        <ele>9.2</ele>
        <time>2025-05-03T09:38:07Z</time>
      </trkpt>
      <trkpt lat="43.33314" lon="3.2237">
        <ele>10.6</ele>
        <time>2025-05-03T09:39:49Z</time>
      </trkpt>
      <trkpt lat="43.3335" lon="3.22133">
        <ele>13.0</ele>
        <time>2025-05-03T09:41:07Z</time>
      </trkpt>
      <trkpt lat="43.33514" lon="3.21635">
        <ele>12.7</ele>
        <time>2025-05-03T09:43:50Z</time>
      </trkpt>
      <trkpt lat="43.33558" lon="3.21434">
        <ele>18.0</ele>
        <time>2025-05-03T09:44:57Z</time>
      </trkpt>
      <trkpt lat="43.33535" lon="3.21367">
        <ele>17.0</ele>
        <time>2025-05-03T09:45:20Z</time>
      </trkpt>
      <trkpt lat="43.33508" lon="3.21336">
        <ele>9.3</ele>
        <time>2025-05-03T09:45:36Z</time>
      </trkpt>
      <trkpt lat="43.33221" lon="3.20892">
        <ele>18.0</ele>
        <time>2025-05-03T09:48:35Z</time>
      </trkpt>
      <trkpt lat="43.33084" lon="3.20518">
        <ele>18.0</ele>
        <time>2025-05-03T09:50:40Z</time>
      </trkpt>
      <trkpt lat="43.33071" lon="3.20445">
        <ele>15.0</ele>
        <time>2025-05-03T09:51:03Z</time>
      </trkpt>
      <trkpt lat="43.33067" lon="3.20296">
        <ele>16.0</ele>
        <time>2025-05-03T09:51:48Z</time>
      </trkpt>
      <trkpt lat="43.33019" lon="3.19818">
        <ele>32.0</ele>
        <time>2025-05-03T09:54:30Z</time>
      </trkpt>
      <trkpt lat="43.33013" lon="3.19788">
        <ele>32.0</ele>
        <time>2025-05-03T09:54:40Z</time>
      </trkpt>
      <trkpt lat="43.33058" lon="3.19225">
        <ele>33.0</ele>
        <time>2025-05-03T09:57:37Z</time>
      </trkpt>
      <trkpt lat="43.3305" lon="3.19211">
        <ele>34.0</ele>
        <time>2025-05-03T09:57:43Z</time>
      </trkpt>
      <trkpt lat="43.32927" lon="3.19156">
        <ele>32.0</ele>
        <time>2025-05-03T09:58:37Z</time>
      </trkpt>
      <trkpt lat="43.32771" lon="3.18948">
        <ele>36.1</ele>
        <time>2025-05-03T10:00:09Z</time>
      </trkpt>
      <trkpt lat="43.32695" lon="3.18801">
        <ele>33.8</ele>
        <time>2025-05-03T10:00:58Z</time>
      </trkpt>
      <trkpt lat="43.32721" lon="3.18538">
        <ele>35.0</ele>
        <time>2025-05-03T10:02:25Z</time>
      </trkpt>
      <trkpt lat="43.3272" lon="3.18389">
        <ele>32.0</ele>
        <time>2025-05-03T10:03:12Z</time>
      </trkpt>
      <trkpt lat="43.3275" lon="3.18065">
        <ele>33.0</ele>
        <time>2025-05-03T10:04:49Z</time>
      </trkpt>
      <trkpt lat="43.32824" lon="3.17763">
        <ele>35.0</ele>
        <time>2025-05-03T10:06:25Z</time>
      </trkpt>
      <trkpt lat="43.3282" lon="3.17619">
        <ele>34.0</ele>
        <time>2025-05-03T10:07:10Z</time>
      </trkpt>
      <trkpt lat="43.32616" lon="3.1759">
        <ele>38.0</ele>
      </trkpt>
      <trkpt lat="43.32504" lon="3.173">
        <ele>34.8</ele>
      </trkpt>
      <trkpt lat="43.32327" lon="3.16857">
        <ele>33.0</ele>
        <time>2025-05-03T10:13:45Z</time>
      </trkpt>
      <trkpt lat="43.32303" lon="3.16716">
        <ele>33.0</ele>
        <time>2025-05-03T10:14:31Z</time>
      </trkpt>
      <trkpt lat="43.32309" lon="3.16566">
        <ele>35.0</ele>
        <time>2025-05-03T10:15:17Z</time>
      </trkpt>
      <trkpt lat="43.32164" lon="3.16275">
        <ele>35.0</ele>
        <time>2025-05-03T10:17:06Z</time>
      </trkpt>
      <trkpt lat="43.32154" lon="3.1617">
        <ele>31.0</ele>
        <time>2025-05-03T10:17:41Z</time>
      </trkpt>
      <trkpt lat="43.32282" lon="3.15699">
        <ele>36.0</ele>
        <time>2025-05-03T10:20:14Z</time>
      </trkpt>
      <trkpt lat="43.32274" lon="3.15632">
        <ele>35.0</ele>
        <time>2025-05-03T10:20:36Z</time>
      </trkpt>
      <trkpt lat="43.32264" lon="3.15606">
        <ele>34.0</ele>
        <time>2025-05-03T10:20:45Z</time>
      </trkpt>
      <trkpt lat="43.31994" lon="3.1531">
        <ele>35.4</ele>
      </trkpt>
      <trkpt lat="43.31936" lon="3.15074">
        <ele>36.0</ele>
        <time>2025-05-03T10:24:26Z</time>
      </trkpt>
      <trkpt lat="43.3186" lon="3.15022">
        <ele>34.0</ele>
        <time>2025-05-03T10:25:02Z</time>
      </trkpt>
      <trkpt lat="43.31542" lon="3.14812">
        <ele>33.0</ele>
        <time>2025-05-03T10:27:38Z</time>
      </trkpt>
      <trkpt lat="43.31429" lon="3.14547">
        <ele>34.1</ele>
      </trkpt>
      <trkpt lat="43.31396" lon="3.14434">
        <ele>34.0</ele>
        <time>2025-05-03T10:29:51Z</time>
      </trkpt>
      <trkpt lat="43.31245" lon="3.1416">
        <ele>42.0</ele>
        <time>2025-05-03T10:31:36Z</time>
      </trkpt>
      <trkpt lat="43.30845" lon="3.14193">
        <ele>46.5</ele>
      </trkpt>
      <trkpt lat="43.30646" lon="3.14184">
        <ele>53.0</ele>
      </trkpt>
      <trkpt lat="43.3063" lon="3.14184">
        <ele>53.0</ele>
        <time>2025-05-03T10:35:59Z</time>
      </trkpt>
      <trkpt lat="43.30412" lon="3.14402">
        <ele>63.8</ele>
        <time>2025-05-03T10:38:32Z</time>
      </trkpt>
      <trkpt lat="43.30213" lon="3.14429">
        <ele>55.0</ele>
        <time>2025-05-03T10:39:51Z</time>
      </trkpt>
      <trkpt lat="43.30088" lon="3.14449">
        <ele>55.0</ele>
        <time>2025-05-03T10:40:43Z</time>
      </trkpt>
      <trkpt lat="43.30126" lon="3.14614">
        <ele>56.0</ele>
        <time>2025-05-03T10:41:35Z</time>
      </trkpt>
      <trkpt lat="43.30159" lon="3.14789">
        <ele>57.0</ele>
        <time>2025-05-03T10:42:31Z</time>
      </trkpt>
      <trkpt lat="43.30241" lon="3.15234">
        <ele>62.0</ele>
        <time>2025-05-03T10:44:49Z</time>
      </trkpt>
      <trkpt lat="43.29939" lon="3.15349">
        <ele>67.0</ele>
        <time>2025-05-03T10:47:03Z</time>
      </trkpt>
      <trkpt lat="43.29838" lon="3.15523">
        <ele>63.0</ele>
        <time>2025-05-03T10:48:09Z</time>
      </trkpt>
      <trkpt lat="43.29804" lon="3.15563">
        <ele>62.0</ele>
        <time>2025-05-03T10:48:28Z</time>
      </trkpt>
      <trkpt lat="43.2974" lon="3.15591">
        <ele>60.0</ele>
        <time>2025-05-03T10:48:56Z</time>
      </trkpt>
      <trkpt lat="43.29448" lon="3.15814">
        <ele>62.0</ele>
        <time>2025-05-03T10:51:30Z</time>
      </trkpt>
      <trkpt lat="43.29496" lon="3.15288">
        <ele>77.0</ele>
        <time>2025-05-03T10:54:15Z</time>
      </trkpt>
      <trkpt lat="43.29496" lon="3.15011">
        <ele>73.0</ele>
        <time>2025-05-03T10:55:39Z</time>
      </trkpt>
      <trkpt lat="43.2939" lon="3.15051">
        <ele>75.0</ele>
        <time>2025-05-03T10:56:24Z</time>
      </trkpt>
      <trkpt lat="43.29121" lon="3.15072">
        <ele>74.0</ele>
        <time>2025-05-03T10:58:17Z</time>
      </trkpt>
      <trkpt lat="43.28993" lon="3.14974">
        <ele>73.0</ele>
        <time>2025-05-03T10:59:18Z</time>
      </trkpt>
      <trkpt lat="43.28866" lon="3.14838">
        <ele>79.1</ele>
      </trkpt>
      <trkpt lat="43.28854" lon="3.14808">
        <ele>80.0</ele>
        <time>2025-05-03T11:00:49Z</time>
      </trkpt>
      <trkpt lat="43.28578" lon="3.14606">
        <ele>85.0</ele>
      </trkpt>
      <trkpt lat="43.28519" lon="3.14602">
        <ele>83.9</ele>
      </trkpt>
      <trkpt lat="43.28544" lon="3.14507">
        <ele>84.7</ele>
      </trkpt>
      <trkpt lat="43.28428" lon="3.1434">
        <ele>61.0</ele>
        <time>2025-05-03T11:05:47Z</time>
      </trkpt>
      <trkpt lat="43.28304" lon="3.13953">
        <ele>71.2</ele>
      </trkpt>
      <trkpt lat="43.28262" lon="3.13613">
        <ele>66.7</ele>
      </trkpt>
      <trkpt lat="43.28226" lon="3.13338">
        <ele>66.6</ele>
      </trkpt>
      <trkpt lat="43.28211" lon="3.13046">
        <ele>60.2</ele>
      </trkpt>
      <trkpt lat="43.28096" lon="3.12938">
        <ele>69.3</ele>
      </trkpt>
      <trkpt lat="43.28113" lon="3.12875">
        <ele>65.3</ele>
      </trkpt>
      <trkpt lat="43.27899" lon="3.13097">
        <ele>37.2</ele>
      </trkpt>
      <trkpt lat="43.27885" lon="3.13106">
        <ele>35.6</ele>
      </trkpt>
      <trkpt lat="43.27515" lon="3.13067">
        <ele>7.0</ele>
      </trkpt>
      <trkpt lat="43.27487" lon="3.13218">
        <ele>6.4</ele>
      </trkpt>
      <trkpt lat="43.27446" lon="3.13568">
        <ele>4.8</ele>
        <time>2024-12-27T08:47:19Z</time>
      </trkpt>
      <trkpt lat="43.2737" lon="3.1361">
        <ele>3.0</ele>
        <time>2024-12-27T08:46:55Z</time>
      </trkpt>
      <trkpt lat="43.27319" lon="3.13628">
        <ele>2.5</ele>
      </trkpt>
      <trkpt lat="43.26943" lon="3.1384">
        <ele>-2.0</ele>
        <time>2024-12-27T08:44:03Z</time>
      </trkpt>
      <trkpt lat="43.26923" lon="3.13855">
        <ele>-2.0</ele>
        <time>2024-12-27T08:43:57Z</time>
      </trkpt>
      <trkpt lat="43.26903" lon="3.13984">
        <ele>2.0</ele>
        <time>2024-12-27T08:43:33Z</time>
      </trkpt>
      <trkpt lat="43.26854" lon="3.14373">
        <ele>2.0</ele>
        <time>2024-12-27T08:41:16Z</time>
      </trkpt>
      <trkpt lat="43.26821" lon="3.14374">
        <ele>-1.6</ele>
        <time>2024-12-27T08:41:08Z</time>
      </trkpt>
      <trkpt lat="43.26494" lon="3.1436">
        <ele>3.0</ele>
        <time>2024-12-27T08:36:52Z</time>
      </trkpt>
      <trkpt lat="43.26294" lon="3.1427">
        <ele>0.2</ele>
        <time>2024-12-27T08:35:49Z</time>
      </trkpt>
      <trkpt lat="43.26126" lon="3.14033">
        <ele>3.0</ele>
        <time>2024-12-27T08:34:31Z</time>
      </trkpt>
      <trkpt lat="43.25925" lon="3.14127">
        <ele>1.4</ele>
        <time>2024-12-27T08:33:31Z</time>
      </trkpt>
      <trkpt lat="43.25747" lon="3.14091">
        <ele>3.7</ele>
        <time>2024-12-27T08:32:50Z</time>
      </trkpt>
      <trkpt lat="43.25564" lon="3.14053">
        <ele>4.0</ele>
        <time>2024-12-27T08:31:24Z</time>
      </trkpt>
      <trkpt lat="43.25173" lon="3.13978">
        <ele>4.0</ele>
      </trkpt>
      <trkpt lat="43.24815" lon="3.139">
        <ele>5.0</ele>
      </trkpt>
      <trkpt lat="43.24798" lon="3.139">
        <ele>4.2</ele>
        <time>2024-12-27T08:31:21Z</time>
      </trkpt>
      <trkpt lat="43.24812" lon="3.13386">
        <ele>3.4</ele>
      </trkpt>
      <trkpt lat="43.24841" lon="3.1316">
        <ele>5.5</ele>
      </trkpt>
      <trkpt lat="43.24852" lon="3.12988">
        <ele>3.3</ele>
      </trkpt>
      <trkpt lat="43.24887" lon="3.12519">
        <ele>5.4</ele>
      </trkpt>
      <trkpt lat="43.24787" lon="3.12461">
        <ele>4.0</ele>
        <time>2024-12-27T08:24:22Z</time>
      </trkpt>
      <trkpt lat="43.24628" lon="3.12354">
        <ele>7.9</ele>
      </trkpt>
      <trkpt lat="43.24468" lon="3.12189">
        <ele>5.2</ele>
        <time>2024-12-27T08:23:13Z</time>
      </trkpt>
      <trkpt lat="43.24354" lon="3.11953">
        <ele>7.2</ele>
      </trkpt>
      <trkpt lat="43.24326" lon="3.11868">
        <ele>8.4</ele>
      </trkpt>
      <trkpt lat="43.24331" lon="3.1148">
        <ele>5.5</ele>
      </trkpt>
      <trkpt lat="43.24247" lon="3.11215">
        <ele>6.0</ele>
      </trkpt>
      <trkpt lat="43.24103" lon="3.11025">
        <ele>9.7</ele>
      </trkpt>
      <trkpt lat="43.2406" lon="3.1094">
        <ele>13.3</ele>
      </trkpt>
      <trkpt lat="43.24008" lon="3.10869">
        <ele>14.9</ele>
      </trkpt>
      <trkpt lat="43.24104" lon="3.1073">
        <ele>15.0</ele>
      </trkpt>
      <trkpt lat="43.24174" lon="3.10301">
        <ele>14.0</ele>
      </trkpt>
      <trkpt lat="43.24175" lon="3.1013">
        <ele>11.8</ele>
      </trkpt>
      <trkpt lat="43.24134" lon="3.099">
        <ele>6.3</ele>
      </trkpt>
      <trkpt lat="43.23865" lon="3.09622">
        <ele>8.7</ele>
        <time>2024-12-27T08:10:43Z</time>
      </trkpt>
      <trkpt lat="43.23852" lon="3.09565">
        <ele>4.6</ele>
        <time>2024-12-27T08:10:33Z</time>
      </trkpt>
      <trkpt lat="43.2385" lon="3.09508">
        <ele>4.0</ele>
        <time>2024-12-27T08:10:25Z</time>
      </trkpt>
      <trkpt lat="43.23874" lon="3.09343">
        <ele>7.4</ele>
        <time>2024-12-27T08:10:03Z</time>
      </trkpt>
      <trkpt lat="43.23906" lon="3.09129">
        <ele>3.4</ele>
        <time>2024-12-27T08:09:28Z</time>
      </trkpt>
      <trkpt lat="43.23952" lon="3.0873">
        <ele>3.6</ele>
        <time>2024-12-27T08:08:32Z</time>
      </trkpt>
      <trkpt lat="43.23931" lon="3.08508">
        <ele>6.6</ele>
      </trkpt>
      <trkpt lat="43.23918" lon="3.08">
        <ele>4.8</ele>
        <time>2024-12-27T08:06:50Z</time>
      </trkpt>
      <trkpt lat="43.23911" lon="3.07985">
        <ele>6.3</ele>
        <time>2024-12-27T08:06:48Z</time>
      </trkpt>
      <trkpt lat="43.23735" lon="3.07765">
        <ele>4.2</ele>
        <time>2024-12-27T08:06:01Z</time>
      </trkpt>
      <trkpt lat="43.23661" lon="3.0769">
        <ele>6.7</ele>
        <time>2024-12-27T08:05:42Z</time>
      </trkpt>
      <trkpt lat="43.23929" lon="3.07684">
        <ele>3.2</ele>
        <time>2024-12-27T08:04:46Z</time>
      </trkpt>
      <trkpt lat="43.23938" lon="3.0768">
        <ele>3.4</ele>
        <time>2024-12-27T08:04:44Z</time>
      </trkpt>
      <trkpt lat="43.24003" lon="3.07383">
        <ele>7.0</ele>
        <time>2024-12-27T08:04:06Z</time>
      </trkpt>
      <trkpt lat="43.23973" lon="3.07257">
        <ele>5.0</ele>
        <time>2024-12-27T08:03:42Z</time>
      </trkpt>
      <trkpt lat="43.23835" lon="3.06832">
        <ele>5.8</ele>
        <time>2024-12-27T08:02:35Z</time>
      </trkpt>
      <trkpt lat="43.23813" lon="3.06552">
        <ele>6.0</ele>
        <time>2024-12-27T08:01:53Z</time>
      </trkpt>
      <trkpt lat="43.23791" lon="3.06245">
        <ele>6.8</ele>
        <time>2024-12-27T08:01:06Z</time>
      </trkpt>
      <trkpt lat="43.23628" lon="3.05945">
        <ele>4.8</ele>
      </trkpt>
      <trkpt lat="43.23549" lon="3.05779">
        <ele>3.8</ele>
      </trkpt>
      <trkpt lat="43.23517" lon="3.05396">
        <ele>7.4</ele>
      </trkpt>
      <trkpt lat="43.2353" lon="3.05309">
        <ele>7.1</ele>
      </trkpt>
      <trkpt lat="43.23376" lon="3.05047">
        <ele>8.0</ele>
      </trkpt>
      <trkpt lat="43.23297" lon="3.04863">
        <ele>7.0</ele>
      </trkpt>
      <trkpt lat="43.23268" lon="3.04727">
        <ele>6.6</ele>
      </trkpt>
      <trkpt lat="43.23315" lon="3.04179">
        <ele>7.0</ele>
      </trkpt>
      <trkpt lat="43.23433" lon="3.03507">
        <ele>7.6</ele>
      </trkpt>
      <trkpt lat="43.23397" lon="3.03174">
        <ele>8.0</ele>
      </trkpt>
      <trkpt lat="43.23427" lon="3.03047">
        <ele>8.0</ele>
      </trkpt>
      <trkpt lat="43.23344" lon="3.0302">
        <ele>7.6</ele>
      </trkpt>
      <trkpt lat="43.23067" lon="3.02685">
        <ele>7.5</ele>
      </trkpt>
      <trkpt lat="43.22881" lon="3.02604">
        <ele>7.5</ele>
      </trkpt>
      <trkpt lat="43.22828" lon="3.02868">
        <ele>7.0</ele>
      </trkpt>
      <trkpt lat="43.22812" lon="3.02875">
        <ele>7.0</ele>
      </trkpt>
      <trkpt lat="43.22594" lon="3.0279">
        <ele>7.0</ele>
      </trkpt>
      <trkpt lat="43.22313" lon="3.02687">
        <ele>6.4</ele>
      </trkpt>
      <trkpt lat="43.22213" lon="3.02671">
        <ele>6.0</ele>
      </trkpt>
      <trkpt lat="43.21926" lon="3.02558">
        <ele>6.0</ele>
      </trkpt>
      <trkpt lat="43.21248" lon="3.0226">
        <ele>5.9</ele>
      </trkpt>
      <trkpt lat="43.21112" lon="3.02196">
        <ele>5.0</ele>
      </trkpt>
      <trkpt lat="43.21038" lon="3.0215">
        <ele>5.7</ele>
      </trkpt>
      <trkpt lat="43.20703" lon="3.01992">
        <ele>5.3</ele>
      </trkpt>
      <trkpt lat="43.20451" lon="3.01911">
        <ele>5.0</ele>
      </trkpt>
      <trkpt lat="43.20331" lon="3.01811">
        <ele>5.8</ele>
      </trkpt>
      <trkpt lat="43.20248" lon="3.01713">
        <ele>5.1</ele>
      </trkpt>
      <trkpt lat="43.2004" lon="3.01489">
        <ele>7.8</ele>
      </trkpt>
      <trkpt lat="43.19815" lon="3.01331">
        <ele>7.1</ele>
      </trkpt>
      <trkpt lat="43.19723" lon="3.0129">
        <ele>8.9</ele>
      </trkpt>
      <trkpt lat="43.19517" lon="3.01028">
        <ele>9.4</ele>
      </trkpt>
      <trkpt lat="43.19373" lon="3.00817">
        <ele>10.6</ele>
      </trkpt>
      <trkpt lat="43.193" lon="3.00586">
        <ele>10.2</ele>
      </trkpt>
      <trkpt lat="43.19049" lon="3.00216">
        <ele>7.7</ele>
      </trkpt>
      <trkpt lat="43.18843" lon="3.00051">
        <ele>9.5</ele>
      </trkpt>
      <trkpt lat="43.1865" lon="2.99838">
        <ele>5.5</ele>
      </trkpt>
      <trkpt lat="43.18643" lon="2.99839">
        <ele>5.4</ele>
      </trkpt>
      <trkpt lat="43.18561" lon="2.99916">
        <ele>5.2</ele>
      </trkpt>
      <trkpt lat="43.18544" lon="3.0029">
        <ele>13.2</ele>
      </trkpt>
      <trkpt lat="43.18532" lon="3.0034">
        <ele>13.5</ele>
      </trkpt>
      <trkpt lat="43.18304" lon="3.00425">
        <ele>3.6</ele>
      </trkpt>
      <trkpt lat="43.18133" lon="3.0075">
        <ele>5.4</ele>
      </trkpt>
      <trkpt lat="43.18082" lon="3.00853">
        <ele>4.0</ele>
      </trkpt>
      <trkpt lat="43.18024" lon="3.01137">
        <ele>4.0</ele>
      </trkpt>
      <trkpt lat="43.17925" lon="3.01459">
        <ele>3.6</ele>
      </trkpt>
      <trkpt lat="43.17662" lon="3.02179">
        <ele>4.1</ele>
      </trkpt>
      <trkpt lat="43.17514" lon="3.02582">
        <ele>3.5</ele>
      </trkpt>
      <trkpt lat="43.17473" lon="3.02691">
        <ele>3.0</ele>
      </trkpt>
      <trkpt lat="43.17418" lon="3.02798">
        <ele>3.2</ele>
      </trkpt>
      <trkpt lat="43.17391" lon="3.02834">
        <ele>3.1</ele>
      </trkpt>
      <trkpt lat="43.16682" lon="3.03483">
        <ele>3.0</ele>
      </trkpt>
      <trkpt lat="43.16505" lon="3.03697">
        <ele>1.5</ele>
      </trkpt>
      <trkpt lat="43.16374" lon="3.03881">
        <ele>2.1</ele>
      </trkpt>
      <trkpt lat="43.16122" lon="3.03855">
        <ele>2.7</ele>
      </trkpt>
      <trkpt lat="43.15931" lon="3.03739">
        <ele>3.51</ele>
      </trkpt>
      <trkpt lat="43.15697" lon="3.03676">
        <ele>2.3</ele>
      </trkpt>
      <trkpt lat="43.15476" lon="3.03474">
        <ele>2.7</ele>
      </trkpt>
      <trkpt lat="43.15189" lon="3.0325">
        <ele>1.2</ele>
      </trkpt>
      <trkpt lat="43.15152" lon="3.032">
        <ele>2.5</ele>
      </trkpt>
      <trkpt lat="43.14847" lon="3.02941">
        <ele>2.1</ele>
      </trkpt>
      <trkpt lat="43.14721" lon="3.02824">
        <ele>2.6</ele>
      </trkpt>
      <trkpt lat="43.14528" lon="3.02856">
        <ele>2.8</ele>
      </trkpt>
      <trkpt lat="43.14499" lon="3.02871">
        <ele>1.4</ele>
      </trkpt>
      <trkpt lat="43.14388" lon="3.02956">
        <ele>1.4</ele>
      </trkpt>
      <trkpt lat="43.14223" lon="3.03023">
        <ele>2.2</ele>
      </trkpt>
      <trkpt lat="43.1395" lon="3.03051">
        <ele>2.5</ele>
      </trkpt>
      <trkpt lat="43.13838" lon="3.03119">
        <ele>1.5</ele>
      </trkpt>
      <trkpt lat="43.13235" lon="3.03208">
        <ele>1.5</ele>
      </trkpt>
      <trkpt lat="43.13186" lon="3.03211">
        <ele>2.5</ele>
      </trkpt>
      <trkpt lat="43.12982" lon="3.03186">
        <ele>3.0</ele>
      </trkpt>
      <trkpt lat="43.12837" lon="3.03164">
        <ele>2.0</ele>
      </trkpt>
      <trkpt lat="43.12187" lon="3.03107">
        <ele>3.5</ele>
      </trkpt>
      <trkpt lat="43.12189" lon="3.03078">
        <ele>3.7</ele>
      </trkpt>
      <trkpt lat="43.1275" lon="3.03128">
        <ele>1.8</ele>
      </trkpt>
      <trkpt lat="43.12961" lon="3.03134">
        <ele>2.8</ele>
      </trkpt>
      <trkpt lat="43.13002" lon="3.03112">
        <ele>2.0</ele>
      </trkpt>
      <trkpt lat="43.1302" lon="3.02936">
        <ele>1.7</ele>
      </trkpt>
      <trkpt lat="43.13071" lon="3.01666">
        <ele>1.0</ele>
      </trkpt>
      <trkpt lat="43.13427" lon="3.01934">
        <ele>1.0</ele>
      </trkpt>
      <trkpt lat="43.13458" lon="3.01966">
        <ele>1.0</ele>
      </trkpt>
      <trkpt lat="43.13699" lon="3.01726">
        <ele>1.0</ele>
      </trkpt>
      <trkpt lat="43.1389" lon="3.01802">
        <ele>1.1</ele>
      </trkpt>
      <trkpt lat="43.14196" lon="3.01462">
        <ele>1.4</ele>
      </trkpt>
      <trkpt lat="43.1424" lon="3.01271">
        <ele>3.8</ele>
      </trkpt>
      <trkpt lat="43.14249" lon="3.0116">
        <ele>1.0</ele>
      </trkpt>
      <trkpt lat="43.14234" lon="3.01021">
        <ele>2.6</ele>
      </trkpt>
      <trkpt lat="43.14306" lon="3.00555">
        <ele>1.0</ele>
      </trkpt>
      <trkpt lat="43.143" lon="3.00405">
        <ele>1.8</ele>
      </trkpt>
      <trkpt lat="43.14289" lon="3.00134">
        <ele>0.404</ele>
      </trkpt>
      <trkpt lat="43.14377" lon="2.99787">
        <ele>3.889</ele>
      </trkpt>
      <trkpt lat="43.14385" lon="2.99655">
        <ele>0.491</ele>
      </trkpt>
      <trkpt lat="43.14594" lon="2.997">
        <ele>0.076</ele>
      </trkpt>
      <trkpt lat="43.14855" lon="2.99788">
        <ele>2.78</ele>
      </trkpt>
      <trkpt lat="43.14971" lon="2.99805">
        <ele>1.033</ele>
      </trkpt>
      <trkpt lat="43.15055" lon="2.99818">
        <ele>2.343</ele>
      </trkpt>
      <trkpt lat="43.15178" lon="2.99688">
        <ele>3.758</ele>
      </trkpt>
      <trkpt lat="43.1525" lon="2.99513">
        <ele>1.009</ele>
      </trkpt>
      <trkpt lat="43.15249" lon="2.99368">
        <ele>0.957</ele>
      </trkpt>
      <trkpt lat="43.15235" lon="2.993">
        <ele>0.564</ele>
      </trkpt>
      <trkpt lat="43.15061" lon="2.98971">
        <ele>1.182</ele>
      </trkpt>
      <trkpt lat="43.15021" lon="2.98846">
        <ele>1.0</ele>
      </trkpt>
      <trkpt lat="43.15019" lon="2.98814">
        <ele>1.0</ele>
      </trkpt>
      <trkpt lat="43.14732" lon="2.98562">
        <ele>3.457</ele>
      </trkpt>
      <trkpt lat="43.14623" lon="2.98421">
        <ele>10.424</ele>
      </trkpt>
      <trkpt lat="43.14386" lon="2.98345">
        <ele>3.957</ele>
      </trkpt>
      <trkpt lat="43.14274" lon="2.98287">
        <ele>4.579</ele>
      </trkpt>
      <trkpt lat="43.14073" lon="2.98087">
        <ele>1.537</ele>
      </trkpt>
      <trkpt lat="43.13899" lon="2.97937">
        <ele>2.0</ele>
      </trkpt>
      <trkpt lat="43.13754" lon="2.97875">
        <ele>6.5</ele>
      </trkpt>
      <trkpt lat="43.13513" lon="2.97863">
        <ele>6.5</ele>
      </trkpt>
      <trkpt lat="43.13371" lon="2.97473">
        <ele>10.7</ele>
      </trkpt>
      <trkpt lat="43.13331" lon="2.97469">
        <ele>12.0</ele>
      </trkpt>
      <trkpt lat="43.1323" lon="2.97494">
        <ele>16.5</ele>
      </trkpt>
      <trkpt lat="43.13056" lon="2.97677">
        <ele>38.2</ele>
      </trkpt>
      <trkpt lat="43.12976" lon="2.97561">
        <ele>48.7</ele>
      </trkpt>
      <trkpt lat="43.12936" lon="2.975">
        <ele>55.3</ele>
      </trkpt>
      <trkpt lat="43.12827" lon="2.97271">
        <ele>70.4</ele>
      </trkpt>
      <trkpt lat="43.12712" lon="2.97364">
        <ele>81.8</ele>
      </trkpt>
      <trkpt lat="43.12649" lon="2.97372">
        <ele>85.4</ele>
      </trkpt>
      <trkpt lat="43.1246" lon="2.9744">
        <ele>101.9</ele>
      </trkpt>
      <trkpt lat="43.12431" lon="2.97483">
        <ele>101.2</ele>
      </trkpt>
      <trkpt lat="43.12226" lon="2.97363">
        <ele>98.9</ele>
      </trkpt>
      <trkpt lat="43.1198" lon="2.97092">
        <ele>75.1</ele>
      </trkpt>
      <trkpt lat="43.11975" lon="2.97099">
        <ele>74.4</ele>
      </trkpt>
      <trkpt lat="43.11966" lon="2.97143">
        <ele>72.1</ele>
      </trkpt>
      <trkpt lat="43.11686" lon="2.97135">
        <ele>48.9</ele>
      </trkpt>
      <trkpt lat="43.11628" lon="2.97139">
        <ele>46.6</ele>
      </trkpt>
      <trkpt lat="43.11344" lon="2.97199">
        <ele>19.7</ele>
      </trkpt>
      <trkpt lat="43.11333" lon="2.97186">
        <ele>18.4</ele>
      </trkpt>
      <trkpt lat="43.11259" lon="2.96881">
        <ele>3.8</ele>
      </trkpt>
      <trkpt lat="43.11215" lon="2.96634">
        <ele>4.0</ele>
      </trkpt>
      <trkpt lat="43.1108" lon="2.96407">
        <ele>15.2</ele>
      </trkpt>
      <trkpt lat="43.10888" lon="2.96096">
        <ele>15.0</ele>
      </trkpt>
      <trkpt lat="43.10757" lon="2.95895">
        <ele>9.1</ele>
      </trkpt>
      <trkpt lat="43.10689" lon="2.96024">
        <ele>4.5</ele>
      </trkpt>
      <trkpt lat="43.10682" lon="2.96031">
        <ele>4.2</ele>
      </trkpt>
      <trkpt lat="43.10358" lon="2.95917">
        <ele>2.0</ele>
      </trkpt>
      <trkpt lat="43.1027" lon="2.95902">
        <ele>2.0</ele>
      </trkpt>
      <trkpt lat="43.1021" lon="2.9593">
        <ele>1.0</ele>
      </trkpt>
      <trkpt lat="43.1009" lon="2.95999">
        <ele>1.0</ele>
      </trkpt>
      <trkpt lat="43.09858" lon="2.95835">
        <ele>1.0</ele>
      </trkpt>
      <trkpt lat="43.09524" lon="2.95731">
        <ele>2.0</ele>
      </trkpt>
      <trkpt lat="43.09493" lon="2.95718">
        <ele>2.0</ele>
      </trkpt>
      <trkpt lat="43.09373" lon="2.95752">
        <ele>3.0</ele>
      </trkpt>
      <trkpt lat="43.09126" lon="2.9587">
        <ele>2.0</ele>
      </trkpt>
      <trkpt lat="43.09009" lon="2.95923">
        <ele>2.2</ele>
      </trkpt>
      <trkpt lat="43.08903" lon="2.95971">
        <ele>1.0</ele>
      </trkpt>
      <trkpt lat="43.08607" lon="2.96225">
        <ele>1.0</ele>
      </trkpt>
      <trkpt lat="43.08426" lon="2.96288">
        <ele>6.183</ele>
      </trkpt>
      <trkpt lat="43.08314" lon="2.9636">
        <ele>1.4</ele>
      </trkpt>
      <trkpt lat="43.08119" lon="2.96262">
        <ele>2.7</ele>
      </trkpt>
      <trkpt lat="43.07948" lon="2.96075">
        <ele>0.41</ele>
      </trkpt>
      <trkpt lat="43.07853" lon="2.95987">
        <ele>1.3</ele>
      </trkpt>
      <trkpt lat="43.07832" lon="2.95957">
        <ele>1.0</ele>
      </trkpt>
      <trkpt lat="43.07576" lon="2.95445">
        <ele>2.0</ele>
      </trkpt>
      <trkpt lat="43.07414" lon="2.95351">
        <ele>0.368</ele>
      </trkpt>
      <trkpt lat="43.07348" lon="2.95337">
        <ele>0.868</ele>
      </trkpt>
      <trkpt lat="43.07239" lon="2.95379">
        <ele>1.0</ele>
      </trkpt>
      <trkpt lat="43.0718" lon="2.95865">
        <ele>6.1</ele>
      </trkpt>
      <trkpt lat="43.07169" lon="2.96054">
        <ele>1.0</ele>
      </trkpt>
      <trkpt lat="43.07158" lon="2.96086">
        <ele>3.7</ele>
      </trkpt>
      <trkpt lat="43.06745" lon="2.96262">
        <ele>1.956</ele>
      </trkpt>
      <trkpt lat="43.06787" lon="2.96099">
        <ele>3.153</ele>
      </trkpt>
      <trkpt lat="43.06831" lon="2.96012">
        <ele>1.0</ele>
      </trkpt>
      <trkpt lat="43.06831" lon="2.95781">
        <ele>1.098</ele>
      </trkpt>
      <trkpt lat="43.06734" lon="2.9544">
        <ele>3.7</ele>
      </trkpt>
      <trkpt lat="43.06794" lon="2.95318">
        <ele>1.252</ele>
      </trkpt>
      <trkpt lat="43.07006" lon="2.94983">
        <ele>17.5</ele>
      </trkpt>
      <trkpt lat="43.0712" lon="2.94695">
        <ele>18.7</ele>
      </trkpt>
      <trkpt lat="43.07072" lon="2.94594">
        <ele>18.9</ele>
      </trkpt>
      <trkpt lat="43.06967" lon="2.9449">
        <ele>11.3</ele>
      </trkpt>
      <trkpt lat="43.07021" lon="2.94217">
        <ele>9.574</ele>
      </trkpt>
      <trkpt lat="43.06936" lon="2.94124">
        <ele>6.689</ele>
      </trkpt>
      <trkpt lat="43.06807" lon="2.9395">
        <ele>11.4</ele>
      </trkpt>
      <trkpt lat="43.06795" lon="2.93944">
        <ele>11.0</ele>
      </trkpt>
      <trkpt lat="43.06583" lon="2.9404">
        <ele>4.6</ele>
      </trkpt>
      <trkpt lat="43.06541" lon="2.9406">
        <ele>4.9</ele>
      </trkpt>
      <trkpt lat="43.0624" lon="2.95073">
        <ele>2.0</ele>
      </trkpt>
      <trkpt lat="43.0602" lon="2.95817">
        <ele>5.5</ele>
      </trkpt>
      <trkpt lat="43.05896" lon="2.96298">
        <ele>6.8</ele>
      </trkpt>
      <trkpt lat="43.05894" lon="2.9631">
        <ele>6.312</ele>
      </trkpt>
      <trkpt lat="43.05829" lon="2.96392">
        <ele>9.983</ele>
      </trkpt>
      <trkpt lat="43.05768" lon="2.96505">
        <ele>4.874</ele>
      </trkpt>
      <trkpt lat="43.05503" lon="2.96339">
        <ele>6.0</ele>
      </trkpt>
      <trkpt lat="43.05635" lon="2.96867">
        <ele>3.1</ele>
      </trkpt>
      <trkpt lat="43.05608" lon="2.96979">
        <ele>3.3</ele>
      </trkpt>
      <trkpt lat="43.05499" lon="2.97316">
        <ele>4.0</ele>
      </trkpt>
      <trkpt lat="43.05625" lon="2.97678">
        <ele>7.1</ele>
      </trkpt>
      <trkpt lat="43.05647" lon="2.97801">
        <ele>1.7</ele>
      </trkpt>
      <trkpt lat="43.05748" lon="2.97958">
        <ele>2.0</ele>
      </trkpt>
      <trkpt lat="43.05723" lon="2.98083">
        <ele>1.0</ele>
      </trkpt>
      <trkpt lat="43.05666" lon="2.98243">
        <ele>1.0</ele>
      </trkpt>
      <trkpt lat="43.05521" lon="2.98336">
        <ele>1.9</ele>
      </trkpt>
      <trkpt lat="43.05514" lon="2.98362">
        <ele>1.0</ele>
      </trkpt>
      <trkpt lat="43.05237" lon="2.98764">
        <ele>1.0</ele>
      </trkpt>
      <trkpt lat="43.05085" lon="2.98984">
        <ele>10.4</ele>
      </trkpt>
      <trkpt lat="43.05007" lon="2.99183">
        <ele>7.445</ele>
      </trkpt>
      <trkpt lat="43.04777" lon="2.99092">
        <ele>32.7</ele>
      </trkpt>
      <trkpt lat="43.04737" lon="2.9912">
        <ele>35.4</ele>
      </trkpt>
      <trkpt lat="43.04732" lon="2.99202">
        <ele>47.9</ele>
      </trkpt>
      <trkpt lat="43.04679" lon="2.99352">
        <ele>47.1</ele>
      </trkpt>
      <trkpt lat="43.04744" lon="2.99651">
        <ele>40.1</ele>
      </trkpt>
      <trkpt lat="43.04907" lon="3.00017">
        <ele>26.8</ele>
      </trkpt>
      <trkpt lat="43.04992" lon="3.00188">
        <ele>19.8</ele>
      </trkpt>
      <trkpt lat="43.05086" lon="3.0021">
        <ele>17.0</ele>
      </trkpt>
      <trkpt lat="43.05218" lon="3.0005">
        <ele>28.393</ele>
      </trkpt>
      <trkpt lat="43.05254" lon="3.00005">
        <ele>30.0</ele>
      </trkpt>
      <trkpt lat="43.05387" lon="2.99949">
        <ele>29.0</ele>
      </trkpt>
      <trkpt lat="43.05583" lon="3.00136">
        <ele>13.3</ele>
      </trkpt>
      <trkpt lat="43.05657" lon="3.00146">
        <ele>10.27</ele>
      </trkpt>
      <trkpt lat="43.0586" lon="3.00147">
        <ele>23.7</ele>
      </trkpt>
      <trkpt lat="43.0577" lon="3.00269">
        <ele>13.526</ele>
      </trkpt>
      <trkpt lat="43.05704" lon="3.00482">
        <ele>0.649</ele>
      </trkpt>
      <trkpt lat="43.05596" lon="3.0059">
        <ele>1.0</ele>
      </trkpt>
      <trkpt lat="43.05392" lon="3.00546">
        <ele>0.351</ele>
      </trkpt>
      <trkpt lat="43.05167" lon="3.00741">
        <ele>3.96</ele>
      </trkpt>
      <trkpt lat="43.04936" lon="3.00688">
        <ele>6.82</ele>
      </trkpt>
      <trkpt lat="43.04767" lon="3.00585">
        <ele>0.936</ele>
      </trkpt>
      <trkpt lat="43.0471" lon="3.00596">
        <ele>1.0</ele>
      </trkpt>
      <trkpt lat="43.04621" lon="3.00689">
        <ele>0.712</ele>
      </trkpt>
      <trkpt lat="43.04471" lon="3.00916">
        <ele>3.088</ele>
      </trkpt>
      <trkpt lat="43.04323" lon="3.01203">
        <ele>0.703</ele>
      </trkpt>
      <trkpt lat="43.04207" lon="3.0134">
        <ele>3.8</ele>
      </trkpt>
      <trkpt lat="43.04201" lon="3.01335">
        <ele>3.9</ele>
      </trkpt>
      <trkpt lat="43.04172" lon="3.01311">
        <ele>8.1</ele>
      </trkpt>
      <trkpt lat="43.04145" lon="3.00858">
        <ele>13.7</ele>
      </trkpt>
      <trkpt lat="43.0413" lon="3.0082">
        <ele>11.8</ele>
      </trkpt>
      <trkpt lat="43.04031" lon="3.00756">
        <ele>6.8</ele>
      </trkpt>
      <trkpt lat="43.03872" lon="3.0066">
        <ele>5.5</ele>
      </trkpt>
      <trkpt lat="43.03787" lon="3.00544">
        <ele>5.6</ele>
      </trkpt>
      <trkpt lat="43.03872" lon="3.00123">
        <ele>7.1</ele>
      </trkpt>
      <trkpt lat="43.03829" lon="3.00076">
        <ele>5.6</ele>
      </trkpt>
      <trkpt lat="43.03831" lon="2.99915">
        <ele>7.9</ele>
      </trkpt>
      <trkpt lat="43.03802" lon="2.99844">
        <ele>7.6</ele>
      </trkpt>
      <trkpt lat="43.03699" lon="2.99607">
        <ele>1.16</ele>
      </trkpt>
      <trkpt lat="43.03491" lon="2.9941">
        <ele>3.4</ele>
      </trkpt>
      <trkpt lat="43.03429" lon="2.99225">
        <ele>2.0</ele>
      </trkpt>
      <trkpt lat="43.03422" lon="2.99218">
        <ele>2.0</ele>
      </trkpt>
      <trkpt lat="43.03413" lon="2.99023">
        <ele>2.2</ele>
      </trkpt>
      <trkpt lat="43.03411" lon="2.9854">
        <ele>4.8</ele>
      </trkpt>
      <trkpt lat="43.03412" lon="2.98528">
        <ele>4.8</ele>
      </trkpt>
      <trkpt lat="43.031" lon="2.98359">
        <ele>3.0</ele>
      </trkpt>
      <trkpt lat="43.02981" lon="2.98175">
        <ele>4.3</ele>
      </trkpt>
      <trkpt lat="43.02946" lon="2.98155">
        <ele>6.3</ele>
      </trkpt>
      <trkpt lat="43.02899" lon="2.98166">
        <ele>12.8</ele>
      </trkpt>
      <trkpt lat="43.02918" lon="2.9797">
        <ele>18.8</ele>
      </trkpt>
      <trkpt lat="43.02875" lon="2.97862">
        <ele>16.0</ele>
      </trkpt>
      <trkpt lat="43.02788" lon="2.97833">
        <ele>14.4</ele>
      </trkpt>
      <trkpt lat="43.02716" lon="2.98135">
        <ele>12.0</ele>
      </trkpt>
      <trkpt lat="43.02683" lon="2.98132">
        <ele>11.7</ele>
      </trkpt>
      <trkpt lat="43.02419" lon="2.98044">
        <ele>12.5</ele>
      </trkpt>
      <trkpt lat="43.02342" lon="2.97975">
        <ele>11.4</ele>
      </trkpt>
      <trkpt lat="43.0226" lon="2.98068">
        <ele>11.3</ele>
      </trkpt>
      <trkpt lat="43.02183" lon="2.98174">
        <ele>12.0</ele>
      </trkpt>
      <trkpt lat="43.01901" lon="2.98517">
        <ele>25.8</ele>
      </trkpt>
      <trkpt lat="43.01784" lon="2.98293">
        <ele>28.2</ele>
      </trkpt>
      <trkpt lat="43.01571" lon="2.98144">
        <ele>43.0</ele>
      </trkpt>
      <trkpt lat="43.01505" lon="2.9815">
        <ele>46.8</ele>
      </trkpt>
      <trkpt lat="43.01465" lon="2.98165">
        <ele>48.6</ele>
      </trkpt>
      <trkpt lat="43.01444" lon="2.98078">
        <ele>54.0</ele>
      </trkpt>
      <trkpt lat="43.01389" lon="2.97862">
        <ele>50.2</ele>
      </trkpt>
      <trkpt lat="43.01516" lon="2.97799">
        <ele>41.7</ele>
      </trkpt>
      <trkpt lat="43.01684" lon="2.97839">
        <ele>35.5</ele>
      </trkpt>
      <trkpt lat="43.01731" lon="2.97563">
        <ele>33.6</ele>
      </trkpt>
      <trkpt lat="43.01729" lon="2.97545">
        <ele>33.3</ele>
      </trkpt>
      <trkpt lat="43.01722" lon="2.97527">
        <ele>33.0</ele>
      </trkpt>
      <trkpt lat="43.01667" lon="2.97225">
        <ele>26.1</ele>
      </trkpt>
      <trkpt lat="43.0146" lon="2.97191">
        <ele>33.9</ele>
      </trkpt>
      <trkpt lat="43.01453" lon="2.97068">
        <ele>34.9</ele>
      </trkpt>
      <trkpt lat="43.01457" lon="2.96816">
        <ele>29.3</ele>
      </trkpt>
      <trkpt lat="43.01365" lon="2.96543">
        <ele>35.3</ele>
      </trkpt>
      <trkpt lat="43.01435" lon="2.96324">
        <ele>28.3</ele>
      </trkpt>
      <trkpt lat="43.01397" lon="2.96186">
        <ele>33.0</ele>
      </trkpt>
      <trkpt lat="43.01418" lon="2.96123">
        <ele>31.9</ele>
      </trkpt>
      <trkpt lat="43.01726" lon="2.96023">
        <ele>11.9</ele>
      </trkpt>
      <trkpt lat="43.01784" lon="2.95901">
        <ele>11.4</ele>
      </trkpt>
      <trkpt lat="43.01809" lon="2.9588">
        <ele>11.5</ele>
      </trkpt>
      <trkpt lat="43.01508" lon="2.9555">
        <ele>25.8</ele>
      </trkpt>
      <trkpt lat="43.01394" lon="2.95349">
        <ele>43.0</ele>
      </trkpt>
      <trkpt lat="43.014" lon="2.95141">
        <ele>47.4</ele>
      </trkpt>
      <trkpt lat="43.01328" lon="2.95163">
        <ele>51.7</ele>
      </trkpt>
      <trkpt lat="43.01014" lon="2.95324">
        <ele>63.3</ele>
      </trkpt>
      <trkpt lat="43.0094" lon="2.95378">
        <ele>68.1</ele>
      </trkpt>
      <trkpt lat="43.0084" lon="2.95477">
        <ele>58.9</ele>
      </trkpt>
      <trkpt lat="43.00546" lon="2.95744">
        <ele>45.2</ele>
      </trkpt>
      <trkpt lat="43.00524" lon="2.95736">
        <ele>44.5</ele>
      </trkpt>
      <trkpt lat="43.00417" lon="2.95679">
        <ele>47.0</ele>
      </trkpt>
      <trkpt lat="43.00123" lon="2.95558">
        <ele>45.5</ele>
      </trkpt>
      <trkpt lat="43.00078" lon="2.95524">
        <ele>45.8</ele>
      </trkpt>
      <trkpt lat="42.99807" lon="2.95531">
        <ele>42.1</ele>
      </trkpt>
      <trkpt lat="42.99529" lon="2.95616">
        <ele>46.0</ele>
      </trkpt>
      <trkpt lat="42.99281" lon="2.95587">
        <ele>47.8</ele>
      </trkpt>
      <trkpt lat="42.99217" lon="2.9561">
        <ele>50.3</ele>
      </trkpt>
      <trkpt lat="42.98955" lon="2.9533">
        <ele>63.0</ele>
      </trkpt>
      <trkpt lat="42.98912" lon="2.95321">
        <ele>65.1</ele>
      </trkpt>
      <trkpt lat="42.98768" lon="2.94914">
        <ele>77.1</ele>
      </trkpt>
      <trkpt lat="42.98706" lon="2.94897">
        <ele>84.8</ele>
      </trkpt>
      <trkpt lat="42.98546" lon="2.94846">
        <ele>74.8</ele>
      </trkpt>
      <trkpt lat="42.98466" lon="2.9506">
        <ele>74.0</ele>
      </trkpt>
      <trkpt lat="42.98318" lon="2.95269">
        <ele>82.3</ele>
      </trkpt>
      <trkpt lat="42.98245" lon="2.95443">
        <ele>77.5</ele>
      </trkpt>
      <trkpt lat="42.98283" lon="2.95583">
        <ele>74.5</ele>
      </trkpt>
      <trkpt lat="42.98317" lon="2.95621">
        <ele>75.7</ele>
      </trkpt>
      <trkpt lat="42.98515" lon="2.95619">
        <ele>68.0</ele>
      </trkpt>
      <trkpt lat="42.9856" lon="2.95845">
        <ele>61.7</ele>
      </trkpt>
      <trkpt lat="42.98483" lon="2.95907">
        <ele>66.0</ele>
      </trkpt>
      <trkpt lat="42.98468" lon="2.96376">
        <ele>53.7</ele>
      </trkpt>
      <trkpt lat="42.98465" lon="2.96392">
        <ele>54.2</ele>
      </trkpt>
      <trkpt lat="42.98458" lon="2.96404">
        <ele>55.0</ele>
      </trkpt>
      <trkpt lat="42.98379" lon="2.96755">
        <ele>46.9</ele>
      </trkpt>
      <trkpt lat="42.98286" lon="2.96985">
        <ele>61.0</ele>
      </trkpt>
      <trkpt lat="42.98033" lon="2.97347">
        <ele>36.5</ele>
      </trkpt>
      <trkpt lat="42.97942" lon="2.97512">
        <ele>35.6</ele>
      </trkpt>
      <trkpt lat="42.97855" lon="2.97635">
        <ele>27.6</ele>
      </trkpt>
      <trkpt lat="42.97809" lon="2.97807">
        <ele>24.1</ele>
      </trkpt>
      <trkpt lat="42.97735" lon="2.98092">
        <ele>20.0</ele>
      </trkpt>
      <trkpt lat="42.97645" lon="2.98402">
        <ele>32.7</ele>
      </trkpt>
      <trkpt lat="42.97638" lon="2.98595">
        <ele>45.0</ele>
      </trkpt>
      <trkpt lat="42.97583" lon="2.98987">
        <ele>24.4</ele>
      </trkpt>
      <trkpt lat="42.97559" lon="2.98977">
        <ele>22.1</ele>
      </trkpt>
      <trkpt lat="42.97421" lon="2.99196">
        <ele>7.9</ele>
      </trkpt>
      <trkpt lat="42.97239" lon="2.99276">
        <ele>12.1</ele>
      </trkpt>
      <trkpt lat="42.97179" lon="2.99245">
        <ele>15.9</ele>
      </trkpt>
      <trkpt lat="42.9685" lon="2.99197">
        <ele>24.9</ele>
      </trkpt>
      <trkpt lat="42.96777" lon="2.9923">
        <ele>25.0</ele>
      </trkpt>
      <trkpt lat="42.96403" lon="2.99298">
        <ele>6.6</ele>
      </trkpt>
      <trkpt lat="42.96321" lon="2.99265">
        <ele>2.3</ele>
      </trkpt>
      <trkpt lat="42.9615" lon="2.99287">
        <ele>1.0</ele>
      </trkpt>
      <trkpt lat="42.95819" lon="2.9934">
        <ele>2.2</ele>
      </trkpt>
      <trkpt lat="42.95666" lon="2.99399">
        <ele>4.0</ele>
      </trkpt>
      <trkpt lat="42.95611" lon="2.9942">
        <ele>4.0</ele>
      </trkpt>
      <trkpt lat="42.95437" lon="2.99603">
        <ele>4.0</ele>
      </trkpt>
      <trkpt lat="42.95252" lon="2.99764">
        <ele>4.5</ele>
      </trkpt>
      <trkpt lat="42.94981" lon="2.9998">
        <ele>4.5</ele>
      </trkpt>
      <trkpt lat="42.95022" lon="3.00104">
        <ele>3.0</ele>
      </trkpt>
      <trkpt lat="42.95054" lon="3.00333">
        <ele>1.0</ele>
      </trkpt>
      <trkpt lat="42.95046" lon="3.00438">
        <ele>1.0</ele>
      </trkpt>
      <trkpt lat="42.94766" lon="3.00751">
        <ele>1.0</ele>
      </trkpt>
      <trkpt lat="42.94365" lon="3.00983">
        <ele>1.0</ele>
      </trkpt>
      <trkpt lat="42.94281" lon="3.01262">
        <ele>1.0</ele>
      </trkpt>
      <trkpt lat="42.94196" lon="3.01121">
        <ele>1.6</ele>
      </trkpt>
      <trkpt lat="42.94173" lon="3.01087">
        <ele>1.2</ele>
      </trkpt>
      <trkpt lat="42.94113" lon="3.00995">
        <ele>2.0</ele>
      </trkpt>
      <trkpt lat="42.93928" lon="3.01134">
        <ele>2.6</ele>
      </trkpt>
      <trkpt lat="42.93822" lon="3.01222">
        <ele>2.4</ele>
      </trkpt>
      <trkpt lat="42.93667" lon="3.01335">
        <ele>3.9</ele>
      </trkpt>
      <trkpt lat="42.93579" lon="3.01464">
        <ele>3.2</ele>
      </trkpt>
      <trkpt lat="42.93452" lon="3.01335">
        <ele>1.8</ele>
      </trkpt>
      <trkpt lat="42.93107" lon="3.01155">
        <ele>4.9</ele>
      </trkpt>
      <trkpt lat="42.93038" lon="3.01081">
        <ele>5.8</ele>
      </trkpt>
      <trkpt lat="42.92956" lon="3.00978">
        <ele>1.5</ele>
      </trkpt>
      <trkpt lat="42.92953" lon="3.00967">
        <ele>1.3</ele>
      </trkpt>
      <trkpt lat="42.92957" lon="3.00453">
        <ele>2.3</ele>
      </trkpt>
      <trkpt lat="42.93054" lon="3.00108">
        <ele>4.9</ele>
      </trkpt>
      <trkpt lat="42.92876" lon="2.99932">
        <ele>5.7</ele>
      </trkpt>
      <trkpt lat="42.92665" lon="2.9972">
        <ele>9.0</ele>
      </trkpt>
      <trkpt lat="42.92616" lon="2.99669">
        <ele>9.9</ele>
      </trkpt>
      <trkpt lat="42.9244" lon="2.99493">
        <ele>12.2</ele>
      </trkpt>
      <trkpt lat="42.92501" lon="2.99279">
        <ele>14.0</ele>
      </trkpt>
      <trkpt lat="42.92469" lon="2.99217">
        <ele>13.9</ele>
      </trkpt>
      <trkpt lat="42.92261" lon="2.98832">
        <ele>18.0</ele>
      </trkpt>
      <trkpt lat="42.92241" lon="2.98776">
        <ele>18.0</ele>
      </trkpt>
      <trkpt lat="42.92219" lon="2.98731">
        <ele>18.8</ele>
      </trkpt>
      <trkpt lat="42.9186" lon="2.98531">
        <ele>27.0</ele>
      </trkpt>
      <trkpt lat="42.91819" lon="2.98488">
        <ele>28.9</ele>
      </trkpt>
      <trkpt lat="42.91699" lon="2.98367">
        <ele>30.9</ele>
      </trkpt>
      <trkpt lat="42.9148" lon="2.98363">
        <ele>42.4</ele>
      </trkpt>
      <trkpt lat="42.91254" lon="2.98245">
        <ele>50.5</ele>
      </trkpt>
      <trkpt lat="42.91063" lon="2.98259">
        <ele>44.4</ele>
      </trkpt>
      <trkpt lat="42.90994" lon="2.9822">
        <ele>41.1</ele>
      </trkpt>
      <trkpt lat="42.908" lon="2.9824">
        <ele>53.1</ele>
      </trkpt>
      <trkpt lat="42.9054" lon="2.98182">
        <ele>49.3</ele>
      </trkpt>
      <trkpt lat="42.90481" lon="2.98254">
        <ele>45.6</ele>
      </trkpt>
      <trkpt lat="42.90354" lon="2.98433">
        <ele>56.6</ele>
      </trkpt>
      <trkpt lat="42.90323" lon="2.98485">
        <ele>56.5</ele>
      </trkpt>
      <trkpt lat="42.90016" lon="2.98825">
        <ele>29.9</ele>
      </trkpt>
      <trkpt lat="42.90003" lon="2.98846">
        <ele>28.9</ele>
      </trkpt>
      <trkpt lat="42.89917" lon="2.98942">
        <ele>20.9</ele>
      </trkpt>
      <trkpt lat="42.8987" lon="2.98889">
        <ele>17.6</ele>
      </trkpt>
      <trkpt lat="42.8964" lon="2.98665">
        <ele>23.0</ele>
      </trkpt>
      <trkpt lat="42.8948" lon="2.98455">
        <ele>35.8</ele>
      </trkpt>
      <trkpt lat="42.89392" lon="2.98467">
        <ele>40.5</ele>
      </trkpt>
      <trkpt lat="42.89312" lon="2.98582">
        <ele>30.8</ele>
      </trkpt>
      <trkpt lat="42.89178" lon="2.98638">
        <ele>20.4</ele>
      </trkpt>
      <trkpt lat="42.88936" lon="2.98497">
        <ele>25.3</ele>
      </trkpt>
      <trkpt lat="42.88737" lon="2.98571">
        <ele>14.0</ele>
      </trkpt>
      <trkpt lat="42.88716" lon="2.98559">
        <ele>13.7</ele>
      </trkpt>
      <trkpt lat="42.88513" lon="2.9847">
        <ele>16.6</ele>
      </trkpt>
      <trkpt lat="42.8821" lon="2.98256">
        <ele>23.9</ele>
      </trkpt>
      <trkpt lat="42.88178" lon="2.98272">
        <ele>23.2</ele>
      </trkpt>
      <trkpt lat="42.87845" lon="2.98104">
        <ele>41.9</ele>
      </trkpt>
      <trkpt lat="42.87829" lon="2.9808">
        <ele>44.5</ele>
      </trkpt>
      <trkpt lat="42.87445" lon="2.97942">
        <ele>70.2</ele>
      </trkpt>
      <trkpt lat="42.8741" lon="2.97947">
        <ele>72.1</ele>
      </trkpt>
      <trkpt lat="42.87324" lon="2.97918">
        <ele>80.2</ele>
      </trkpt>
      <trkpt lat="42.87338" lon="2.97505">
        <ele>113.0</ele>
      </trkpt>
      <trkpt lat="42.87331" lon="2.9748">
        <ele>115.2</ele>
      </trkpt>
      <trkpt lat="42.8731" lon="2.97262">
        <ele>120.0</ele>
      </trkpt>
      <trkpt lat="42.87111" lon="2.97129">
        <ele>133.3</ele>
      </trkpt>
      <trkpt lat="42.87085" lon="2.97055">
        <ele>129.998</ele>
      </trkpt>
      <trkpt lat="42.87007" lon="2.96898">
        <ele>137.6</ele>
      </trkpt>
      <trkpt lat="42.86764" lon="2.96547">
        <ele>130.0</ele>
      </trkpt>
      <trkpt lat="42.86561" lon="2.96278">
        <ele>138.2</ele>
      </trkpt>
      <trkpt lat="42.86548" lon="2.96249">
        <ele>137.5</ele>
      </trkpt>
      <trkpt lat="42.86352" lon="2.9578">
        <ele>134.661</ele>
      </trkpt>
      <trkpt lat="42.86326" lon="2.956">
        <ele>133.064</ele>
      </trkpt>
      <trkpt lat="42.8641" lon="2.95227">
        <ele>147.6</ele>
      </trkpt>
      <trkpt lat="42.86344" lon="2.94932">
        <ele>153.1</ele>
      </trkpt>
      <trkpt lat="42.86312" lon="2.94661">
        <ele>136.1</ele>
      </trkpt>
      <trkpt lat="42.86293" lon="2.94631">
        <ele>133.3</ele>
      </trkpt>
      <trkpt lat="42.86253" lon="2.94612">
        <ele>128.4</ele>
      </trkpt>
      <trkpt lat="42.85947" lon="2.94353">
        <ele>88.0</ele>
      </trkpt>
      <trkpt lat="42.85922" lon="2.94355">
        <ele>85.335</ele>
      </trkpt>
      <trkpt lat="42.85901" lon="2.94392">
        <ele>84.672</ele>
      </trkpt>
      <trkpt lat="42.85808" lon="2.94516">
        <ele>53.2</ele>
      </trkpt>
      <trkpt lat="42.85845" lon="2.94551">
        <ele>55.133</ele>
      </trkpt>
      <trkpt lat="42.85784" lon="2.94709">
        <ele>35.1</ele>
      </trkpt>
      <trkpt lat="42.85607" lon="2.94531">
        <ele>22.7</ele>
      </trkpt>
      <trkpt lat="42.85521" lon="2.9446">
        <ele>20.678</ele>
      </trkpt>
      <trkpt lat="42.85489" lon="2.94355">
        <ele>15.8</ele>
      </trkpt>
      <trkpt lat="42.85521" lon="2.94106">
        <ele>23.5</ele>
      </trkpt>
      <trkpt lat="42.85349" lon="2.93761">
        <ele>33.1</ele>
      </trkpt>
      <trkpt lat="42.85265" lon="2.93584">
        <ele>17.0</ele>
      </trkpt>
      <trkpt lat="42.85243" lon="2.93514">
        <ele>20.0</ele>
      </trkpt>
      <trkpt lat="42.85119" lon="2.933">
        <ele>11.5</ele>
      </trkpt>
      <trkpt lat="42.85087" lon="2.93242">
        <ele>14.132</ele>
      </trkpt>
      <trkpt lat="42.85284" lon="2.92906">
        <ele>26.332</ele>
      </trkpt>
      <trkpt lat="42.85082" lon="2.9267">
        <ele>15.1</ele>
      </trkpt>
      <trkpt lat="42.85006" lon="2.92601">
        <ele>14.3</ele>
      </trkpt>
      <trkpt lat="42.84742" lon="2.92388">
        <ele>17.0</ele>
      </trkpt>
      <trkpt lat="42.84535" lon="2.92296">
        <ele>15.2</ele>
      </trkpt>
      <trkpt lat="42.84528" lon="2.92229">
        <ele>14.78</ele>
      </trkpt>
      <trkpt lat="42.84472" lon="2.92002">
        <ele>26.917</ele>
      </trkpt>
      <trkpt lat="42.84364" lon="2.91846">
        <ele>20.1</ele>
      </trkpt>
      <trkpt lat="42.8422" lon="2.9186">
        <ele>17.0</ele>
      </trkpt>
      <trkpt lat="42.84137" lon="2.91865">
        <ele>20.4</ele>
      </trkpt>
      <trkpt lat="42.84042" lon="2.91891">
        <ele>15.5</ele>
      </trkpt>
      <trkpt lat="42.83749" lon="2.91892">
        <ele>9.9</ele>
      </trkpt>
      <trkpt lat="42.83675" lon="2.9197">
        <ele>8.3</ele>
      </trkpt>
      <trkpt lat="42.83481" lon="2.91929">
        <ele>6.7</ele>
      </trkpt>
      <trkpt lat="42.82454" lon="2.91713">
        <ele>12.4</ele>
      </trkpt>
      <trkpt lat="42.82411" lon="2.91724">
        <ele>13.0</ele>
      </trkpt>
      <trkpt lat="42.82322" lon="2.91819">
        <ele>11.6</ele>
      </trkpt>
      <trkpt lat="42.82246" lon="2.91885">
        <ele>10.1</ele>
      </trkpt>
      <trkpt lat="42.81964" lon="2.91793">
        <ele>11.3</ele>
      </trkpt>
      <trkpt lat="42.81893" lon="2.91778">
        <ele>12.0</ele>
      </trkpt>
      <trkpt lat="42.81247" lon="2.91806">
        <ele>11.0</ele>
      </trkpt>
      <trkpt lat="42.81177" lon="2.9181">
        <ele>11.8</ele>
      </trkpt>
      <trkpt lat="42.80922" lon="2.91797">
        <ele>11.0</ele>
      </trkpt>
      <trkpt lat="42.80884" lon="2.91789">
        <ele>12.0</ele>
      </trkpt>
      <trkpt lat="42.80616" lon="2.91721">
        <ele>12.0</ele>
      </trkpt>
      <trkpt lat="42.80334" lon="2.9154">
        <ele>12.6</ele>
      </trkpt>
      <trkpt lat="42.80235" lon="2.91506">
        <ele>12.0</ele>
      </trkpt>
      <trkpt lat="42.79825" lon="2.91427">
        <ele>13.1</ele>
      </trkpt>
      <trkpt lat="42.79715" lon="2.91411">
        <ele>14.0</ele>
      </trkpt>
      <trkpt lat="42.79485" lon="2.91295">
        <ele>15.0</ele>
      </trkpt>
      <trkpt lat="42.79299" lon="2.9111">
        <ele>15.3</ele>
      </trkpt>
      <trkpt lat="42.79238" lon="2.91059">
        <ele>16.4</ele>
      </trkpt>
      <trkpt lat="42.79089" lon="2.9081">
        <ele>16.0</ele>
      </trkpt>
      <trkpt lat="42.79146" lon="2.90593">
        <ele>17.5</ele>
      </trkpt>
      <trkpt lat="42.79038" lon="2.90399">
        <ele>17.0</ele>
      </trkpt>
      <trkpt lat="42.78812" lon="2.89984">
        <ele>18.3</ele>
      </trkpt>
      <trkpt lat="42.78638" lon="2.8985">
        <ele>19.0</ele>
      </trkpt>
      <trkpt lat="42.78503" lon="2.89821">
        <ele>19.6</ele>
      </trkpt>
      <trkpt lat="42.78229" lon="2.89973">
        <ele>20.0</ele>
      </trkpt>
      <trkpt lat="42.7816" lon="2.90056">
        <ele>20.0</ele>
      </trkpt>
      <trkpt lat="42.78066" lon="2.89916">
        <ele>22.2</ele>
      </trkpt>
      <trkpt lat="42.77963" lon="2.89985">
        <ele>19.4</ele>
      </trkpt>
      <trkpt lat="42.77795" lon="2.89875">
        <ele>21.7</ele>
      </trkpt>
      <trkpt lat="42.77687" lon="2.8981">
        <ele>20.4</ele>
      </trkpt>
      <trkpt lat="42.7767" lon="2.89435">
        <ele>22.0</ele>
      </trkpt>
      <trkpt lat="42.77664" lon="2.89422">
        <ele>21.8</ele>
      </trkpt>
      <trkpt lat="42.77537" lon="2.89325">
        <ele>17.5</ele>
      </trkpt>
      <trkpt lat="42.7738" lon="2.89299">
        <ele>20.0</ele>
      </trkpt>
      <trkpt lat="42.77486" lon="2.89256">
        <ele>17.9</ele>
      </trkpt>
      <trkpt lat="42.77523" lon="2.89018">
        <ele>18.0</ele>
      </trkpt>
      <trkpt lat="42.77612" lon="2.88641">
        <ele>19.0</ele>
      </trkpt>
      <trkpt lat="42.77609" lon="2.8861">
        <ele>19.0</ele>
      </trkpt>
      <trkpt lat="42.77544" lon="2.88399">
        <ele>19.0</ele>
      </trkpt>
      <trkpt lat="42.77461" lon="2.88">
        <ele>20.4</ele>
      </trkpt>
      <trkpt lat="42.77323" lon="2.87977">
        <ele>17.8</ele>
      </trkpt>
      <trkpt lat="42.77277" lon="2.87761">
        <ele>21.0</ele>
      </trkpt>
      <trkpt lat="42.77168" lon="2.87293">
        <ele>20.5</ele>
      </trkpt>
      <trkpt lat="42.77138" lon="2.87185">
        <ele>20.1</ele>
      </trkpt>
      <trkpt lat="42.77246" lon="2.86927">
        <ele>17.5</ele>
      </trkpt>
      <trkpt lat="42.77289" lon="2.86822">
        <ele>20.4</ele>
      </trkpt>
      <trkpt lat="42.77453" lon="2.86478">
        <ele>22.5</ele>
      </trkpt>
      <trkpt lat="42.77514" lon="2.86352">
        <ele>22.5</ele>
      </trkpt>
      <trkpt lat="42.7754" lon="2.86243">
        <ele>21.2</ele>
      </trkpt>
      <trkpt lat="42.7751" lon="2.86068">
        <ele>20.5</ele>
      </trkpt>
      <trkpt lat="42.77419" lon="2.85783">
        <ele>21.9</ele>
      </trkpt>
      <trkpt lat="42.77239" lon="2.85363">
        <ele>22.9</ele>
      </trkpt>
      <trkpt lat="42.7721" lon="2.85152">
        <ele>21.9</ele>
      </trkpt>
      <trkpt lat="42.77168" lon="2.8485">
        <ele>28.9</ele>
      </trkpt>
      <trkpt lat="42.77202" lon="2.84561">
        <ele>28.2</ele>
      </trkpt>
      <trkpt lat="42.77281" lon="2.8418">
        <ele>30.1</ele>
      </trkpt>
      <trkpt lat="42.77297" lon="2.84145">
        <ele>30.5</ele>
      </trkpt>
      <trkpt lat="42.77521" lon="2.83663">
        <ele>33.0</ele>
      </trkpt>
      <trkpt lat="42.77544" lon="2.83561">
        <ele>33.0</ele>
      </trkpt>
      <trkpt lat="42.77574" lon="2.83365">
        <ele>34.0</ele>
      </trkpt>
      <trkpt lat="42.77451" lon="2.83264">
        <ele>35.4</ele>
      </trkpt>
      <trkpt lat="42.77311" lon="2.83146">
        <ele>37.4</ele>
      </trkpt>
      <trkpt lat="42.77056" lon="2.82967">
        <ele>43.2</ele>
      </trkpt>
      <trkpt lat="42.7695" lon="2.82856">
        <ele>48.5</ele>
      </trkpt>
      <trkpt lat="42.76797" lon="2.82558">
        <ele>60.5</ele>
      </trkpt>
      <trkpt lat="42.76763" lon="2.82574">
        <ele>62.4</ele>
      </trkpt>
      <trkpt lat="42.7639" lon="2.82534">
        <ele>69.4</ele>
      </trkpt>
      <trkpt lat="42.76332" lon="2.82425">
        <ele>66.6</ele>
      </trkpt>
      <trkpt lat="42.76257" lon="2.82186">
        <ele>68.0</ele>
      </trkpt>
      <trkpt lat="42.76174" lon="2.82086">
        <ele>72.1</ele>
      </trkpt>
      <trkpt lat="42.76228" lon="2.81979">
        <ele>75.1</ele>
      </trkpt>
      <trkpt lat="42.76297" lon="2.81867">
        <ele>77.8</ele>
      </trkpt>
      <trkpt lat="42.7629" lon="2.81857">
        <ele>78.3</ele>
      </trkpt>
      <trkpt lat="42.76029" lon="2.81792">
        <ele>82.5</ele>
      </trkpt>
      <trkpt lat="42.75899" lon="2.81761">
        <ele>79.0</ele>
      </trkpt>
      <trkpt lat="42.75686" lon="2.81545">
        <ele>75.8</ele>
      </trkpt>
      <trkpt lat="42.75509" lon="2.81396">
        <ele>75.3</ele>
      </trkpt>
      <trkpt lat="42.75503" lon="2.81351">
        <ele>77.0</ele>
      </trkpt>
      <trkpt lat="42.75127" lon="2.81143">
        <ele>74.0</ele>
      </trkpt>
      <trkpt lat="42.75076" lon="2.80983">
        <ele>81.9</ele>
      </trkpt>
      <trkpt lat="42.7497" lon="2.80694">
        <ele>80.0</ele>
      </trkpt>
      <trkpt lat="42.74912" lon="2.80464">
        <ele>84.3</ele>
      </trkpt>
      <trkpt lat="42.74769" lon="2.80375">
        <ele>93.3</ele>
      </trkpt>
      <trkpt lat="42.74656" lon="2.80316">
        <ele>92.2</ele>
      </trkpt>
      <trkpt lat="42.74476" lon="2.80107">
        <ele>83.9</ele>
      </trkpt>
      <trkpt lat="42.74352" lon="2.80015">
        <ele>88.2</ele>
      </trkpt>
      <trkpt lat="42.74052" lon="2.79638">
        <ele>109.6</ele>
      </trkpt>
      <trkpt lat="42.73973" lon="2.79463">
        <ele>116.0</ele>
      </trkpt>
      <trkpt lat="42.73796" lon="2.79257">
        <ele>112.2</ele>
      </trkpt>
      <trkpt lat="42.7368" lon="2.79143">
        <ele>111.8</ele>
      </trkpt>
      <trkpt lat="42.73539" lon="2.79011">
        <ele>111.4</ele>
      </trkpt>
      <trkpt lat="42.73485" lon="2.78799">
        <ele>102.7</ele>
      </trkpt>
      <trkpt lat="42.73471" lon="2.78762">
        <ele>104.2</ele>
      </trkpt>
      <trkpt lat="42.73217" lon="2.78361">
        <ele>114.0</ele>
      </trkpt>
      <trkpt lat="42.73217" lon="2.78352">
        <ele>114.3</ele>
      </trkpt>
      <trkpt lat="42.73296" lon="2.78201">
        <ele>119.8</ele>
      </trkpt>
      <trkpt lat="42.73447" lon="2.77909">
        <ele>128.8</ele>
      </trkpt>
      <trkpt lat="42.73404" lon="2.7786">
        <ele>131.1</ele>
      </trkpt>
      <trkpt lat="42.73353" lon="2.77789">
        <ele>132.5</ele>
      </trkpt>
      <trkpt lat="42.73078" lon="2.77447">
        <ele>125.4</ele>
      </trkpt>
      <trkpt lat="42.72789" lon="2.77278">
        <ele>125.0</ele>
      </trkpt>
      <trkpt lat="42.72668" lon="2.77218">
        <ele>122.0</ele>
      </trkpt>
      <trkpt lat="42.7256" lon="2.7713">
        <ele>120.0</ele>
      </trkpt>
      <trkpt lat="42.72282" lon="2.77013">
        <ele>118.0</ele>
      </trkpt>
      <trkpt lat="42.7222" lon="2.76966">
        <ele>117.2</ele>
      </trkpt>
      <trkpt lat="42.71858" lon="2.77093">
        <ele>119.0</ele>
      </trkpt>
      <trkpt lat="42.71778" lon="2.77153">
        <ele>119.5</ele>
      </trkpt>
      <trkpt lat="42.7152" lon="2.77407">
        <ele>111.6</ele>
      </trkpt>
      <trkpt lat="42.7143" lon="2.77407">
        <ele>104.6</ele>
      </trkpt>
      <trkpt lat="42.71049" lon="2.77518">
        <ele>95.0</ele>
      </trkpt>
      <trkpt lat="42.70965" lon="2.77503">
        <ele>94.0</ele>
      </trkpt>
      <trkpt lat="42.70777" lon="2.77534">
        <ele>85.9</ele>
      </trkpt>
      <trkpt lat="42.70629" lon="2.77435">
        <ele>72.3</ele>
      </trkpt>
      <trkpt lat="42.70574" lon="2.77381">
        <ele>71.9</ele>
      </trkpt>
      <trkpt lat="42.7023" lon="2.7732">
        <ele>69.0</ele>
      </trkpt>
      <trkpt lat="42.70058" lon="2.77195">
        <ele>69.0</ele>
      </trkpt>
      <trkpt lat="42.69858" lon="2.77044">
        <ele>69.5</ele>
      </trkpt>
      <trkpt lat="42.6966" lon="2.77122">
        <ele>68.0</ele>
      </trkpt>
      <trkpt lat="42.69447" lon="2.77114">
        <ele>66.0</ele>
      </trkpt>
      <trkpt lat="42.69402" lon="2.77028">
        <ele>66.0</ele>
      </trkpt>
      <trkpt lat="42.69278" lon="2.77025">
        <ele>67.0</ele>
      </trkpt>
      <trkpt lat="42.69261" lon="2.77019">
        <ele>67.0</ele>
      </trkpt>
      <trkpt lat="42.69118" lon="2.76711">
        <ele>67.1</ele>
      </trkpt>
      <trkpt lat="42.69051" lon="2.76256">
        <ele>69.0</ele>
      </trkpt>
      <trkpt lat="42.69037" lon="2.76105">
        <ele>68.7</ele>
      </trkpt>
      <trkpt lat="42.68983" lon="2.75719">
        <ele>71.0</ele>
      </trkpt>
      <trkpt lat="42.68965" lon="2.75563">
        <ele>70.7</ele>
      </trkpt>
      <trkpt lat="42.68814" lon="2.75245">
        <ele>72.9</ele>
      </trkpt>
      <trkpt lat="42.68603" lon="2.75322">
        <ele>72.9</ele>
      </trkpt>
      <trkpt lat="42.68462" lon="2.75188">
        <ele>67.8</ele>
      </trkpt>
      <trkpt lat="42.68365" lon="2.75149">
        <ele>70.2</ele>
      </trkpt>
      <trkpt lat="42.68096" lon="2.74864">
        <ele>87.6</ele>
      </trkpt>
      <trkpt lat="42.68036" lon="2.7484">
        <ele>91.0</ele>
      </trkpt>
      <trkpt lat="42.67971" lon="2.74783">
        <ele>93.0</ele>
      </trkpt>
      <trkpt lat="42.6798" lon="2.7449">
        <ele>95.3</ele>
      </trkpt>
      <trkpt lat="42.68018" lon="2.73908">
        <ele>96.4</ele>
      </trkpt>
      <trkpt lat="42.67989" lon="2.73854">
        <ele>95.6</ele>
      </trkpt>
      <trkpt lat="42.67954" lon="2.73815">
        <ele>94.7</ele>
      </trkpt>
      <trkpt lat="42.67898" lon="2.73773">
        <ele>95.4</ele>
      </trkpt>
      <trkpt lat="42.67755" lon="2.73642">
        <ele>98.7</ele>
      </trkpt>
      <trkpt lat="42.67478" lon="2.73763">
        <ele>97.5</ele>
      </trkpt>
      <trkpt lat="42.67223" lon="2.73649">
        <ele>99.6</ele>
      </trkpt>
      <trkpt lat="42.67146" lon="2.73667">
        <ele>99.0</ele>
      </trkpt>
      <trkpt lat="42.66765" lon="2.73521">
        <ele>99.7</ele>
      </trkpt>
      <trkpt lat="42.66647" lon="2.73464">
        <ele>100.7</ele>
      </trkpt>
      <trkpt lat="42.66625" lon="2.73451">
        <ele>99.6</ele>
      </trkpt>
      <trkpt lat="42.66399" lon="2.73283">
        <ele>102.8</ele>
      </trkpt>
      <trkpt lat="42.66309" lon="2.73204">
        <ele>103.3</ele>
      </trkpt>
      <trkpt lat="42.66121" lon="2.72768">
        <ele>109.8</ele>
      </trkpt>
      <trkpt lat="42.66084" lon="2.72797">
        <ele>111.6</ele>
      </trkpt>
      <trkpt lat="42.6593" lon="2.73325">
        <ele>105.0</ele>
      </trkpt>
      <trkpt lat="42.65907" lon="2.73415">
        <ele>105.0</ele>
      </trkpt>
      <trkpt lat="42.65786" lon="2.73865">
        <ele>102.6</ele>
      </trkpt>
      <trkpt lat="42.6575" lon="2.74032">
        <ele>101.8</ele>
      </trkpt>
      <trkpt lat="42.6566" lon="2.7442">
        <ele>99.0</ele>
      </trkpt>
      <trkpt lat="42.65603" lon="2.74672">
        <ele>98.6</ele>
      </trkpt>
      <trkpt lat="42.65525" lon="2.75001">
        <ele>97.0</ele>
      </trkpt>
      <trkpt lat="42.65467" lon="2.75202">
        <ele>95.8</ele>
      </trkpt>
      <trkpt lat="42.65324" lon="2.75537">
        <ele>94.0</ele>
      </trkpt>
      <trkpt lat="42.65253" lon="2.75745">
        <ele>93.7</ele>
      </trkpt>
      <trkpt lat="42.65121" lon="2.76146">
        <ele>91.4</ele>
      </trkpt>
      <trkpt lat="42.65102" lon="2.76229">
        <ele>91.0</ele>
      </trkpt>
      <trkpt lat="42.64914" lon="2.76677">
        <ele>89.0</ele>
      </trkpt>
      <trkpt lat="42.64863" lon="2.76798">
        <ele>88.3</ele>
      </trkpt>
      <trkpt lat="42.64685" lon="2.77235">
        <ele>86.5</ele>
      </trkpt>
      <trkpt lat="42.64649" lon="2.77319">
        <ele>86.0</ele>
      </trkpt>
      <trkpt lat="42.64497" lon="2.77741">
        <ele>82.2</ele>
      </trkpt>
      <trkpt lat="42.64459" lon="2.77768">
        <ele>83.7</ele>
      </trkpt>
      <trkpt lat="42.64294" lon="2.78204">
        <ele>86.0</ele>
      </trkpt>
      <trkpt lat="42.64296" lon="2.78325">
        <ele>85.5</ele>
      </trkpt>
      <trkpt lat="42.64291" lon="2.78338">
        <ele>85.6</ele>
      </trkpt>
      <trkpt lat="42.64044" lon="2.78423">
        <ele>88.0</ele>
      </trkpt>
      <trkpt lat="42.6396" lon="2.78432">
        <ele>88.0</ele>
      </trkpt>
      <trkpt lat="42.63642" lon="2.78791">
        <ele>91.0</ele>
      </trkpt>
      <trkpt lat="42.63633" lon="2.78785">
        <ele>91.0</ele>
      </trkpt>
      <trkpt lat="42.63466" lon="2.78764">
        <ele>92.6</ele>
      </trkpt>
      <trkpt lat="42.63462" lon="2.78772">
        <ele>92.9</ele>
      </trkpt>
      <trkpt lat="42.63471" lon="2.78937">
        <ele>93.0</ele>
      </trkpt>
      <trkpt lat="42.63186" lon="2.79145">
        <ele>95.0</ele>
      </trkpt>
      <trkpt lat="42.63169" lon="2.79293">
        <ele>95.0</ele>
      </trkpt>
      <trkpt lat="42.6302" lon="2.79771">
        <ele>95.8</ele>
      </trkpt>
      <trkpt lat="42.62981" lon="2.79833">
        <ele>96.3</ele>
      </trkpt>
      <trkpt lat="42.62834" lon="2.80169">
        <ele>99.9</ele>
      </trkpt>
      <trkpt lat="42.62792" lon="2.80305">
        <ele>99.0</ele>
      </trkpt>
      <trkpt lat="42.62742" lon="2.80228">
        <ele>100.0</ele>
      </trkpt>
      <trkpt lat="42.62614" lon="2.8005">
        <ele>101.5</ele>
      </trkpt>
      <trkpt lat="42.62419" lon="2.79889">
        <ele>100.9</ele>
      </trkpt>
      <trkpt lat="42.62281" lon="2.79493">
        <ele>103.0</ele>
      </trkpt>
      <trkpt lat="42.62147" lon="2.7938">
        <ele>105.7</ele>
      </trkpt>
      <trkpt lat="42.6183" lon="2.79112">
        <ele>110.9</ele>
      </trkpt>
      <trkpt lat="42.61814" lon="2.79092">
        <ele>110.8</ele>
      </trkpt>
      <trkpt lat="42.6169" lon="2.78963">
        <ele>112.5</ele>
      </trkpt>
      <trkpt lat="42.61575" lon="2.78773">
        <ele>114.4</ele>
      </trkpt>
      <trkpt lat="42.61494" lon="2.78652">
        <ele>117.0</ele>
      </trkpt>
      <trkpt lat="42.61304" lon="2.78342">
        <ele>122.0</ele>
      </trkpt>
      <trkpt lat="42.61085" lon="2.78031">
        <ele>126.0</ele>
      </trkpt>
      <trkpt lat="42.60944" lon="2.77753">
        <ele>129.0</ele>
      </trkpt>
      <trkpt lat="42.60778" lon="2.77239">
        <ele>131.7</ele>
      </trkpt>
      <trkpt lat="42.60741" lon="2.77229">
        <ele>128.2</ele>
      </trkpt>
      <trkpt lat="42.60736" lon="2.77217">
        <ele>128.2</ele>
      </trkpt>
      <trkpt lat="42.60573" lon="2.77221">
        <ele>108.6</ele>
      </trkpt>
      <trkpt lat="42.60406" lon="2.76935">
        <ele>108.8</ele>
      </trkpt>
      <trkpt lat="42.60093" lon="2.76663">
        <ele>133.1</ele>
      </trkpt>
      <trkpt lat="42.59908" lon="2.76499">
        <ele>131.9</ele>
      </trkpt>
      <trkpt lat="42.59829" lon="2.76535">
        <ele>140.0</ele>
      </trkpt>
      <trkpt lat="42.59822" lon="2.76354">
        <ele>137.2</ele>
      </trkpt>
      <trkpt lat="42.59781" lon="2.76272">
        <ele>141.0</ele>
      </trkpt>
      <trkpt lat="42.59502" lon="2.76393">
        <ele>141.9</ele>
      </trkpt>
      <trkpt lat="42.59255" lon="2.76449">
        <ele>138.7</ele>
      </trkpt>
      <trkpt lat="42.59029" lon="2.76506">
        <ele>133.5</ele>
      </trkpt>
      <trkpt lat="42.58981" lon="2.76495">
        <ele>131.7</ele>
      </trkpt>
      <trkpt lat="42.58848" lon="2.76554">
        <ele>136.0</ele>
      </trkpt>
      <trkpt lat="42.58657" lon="2.76726">
        <ele>133.8</ele>
      </trkpt>
      <trkpt lat="42.5853" lon="2.76951">
        <ele>129.8</ele>
      </trkpt>
      <trkpt lat="42.58407" lon="2.77217">
        <ele>138.0</ele>
      </trkpt>
      <trkpt lat="42.58358" lon="2.77278">
        <ele>134.6</ele>
      </trkpt>
      <trkpt lat="42.58212" lon="2.77495">
        <ele>125.5</ele>
      </trkpt>
      <trkpt lat="42.58059" lon="2.77821">
        <ele>142.3</ele>
      </trkpt>
      <trkpt lat="42.57885" lon="2.78195">
        <ele>125.1</ele>
      </trkpt>
      <trkpt lat="42.57889" lon="2.78263">
        <ele>124.0</ele>
      </trkpt>
      <trkpt lat="42.57873" lon="2.78417">
        <ele>131.7</ele>
      </trkpt>
      <trkpt lat="42.57757" lon="2.78499">
        <ele>144.8</ele>
      </trkpt>
      <trkpt lat="42.57495" lon="2.78852">
        <ele>136.9</ele>
      </trkpt>
      <trkpt lat="42.57402" lon="2.79008">
        <ele>128.0</ele>
      </trkpt>
      <trkpt lat="42.57275" lon="2.79066">
        <ele>129.5</ele>
      </trkpt>
      <trkpt lat="42.57007" lon="2.79242">
        <ele>138.5</ele>
      </trkpt>
      <trkpt lat="42.56991" lon="2.79538">
        <ele>156.8</ele>
      </trkpt>
      <trkpt lat="42.56836" lon="2.79664">
        <ele>146.9</ele>
      </trkpt>
      <trkpt lat="42.56805" lon="2.79697">
        <ele>144.8</ele>
      </trkpt>
      <trkpt lat="42.56634" lon="2.79957">
        <ele>125.6</ele>
      </trkpt>
      <trkpt lat="42.5663" lon="2.79955">
        <ele>125.2</ele>
      </trkpt>
      <trkpt lat="42.56381" lon="2.79696">
        <ele>122.6</ele>
      </trkpt>
      <trkpt lat="42.56187" lon="2.79607">
        <ele>136.7</ele>
      </trkpt>
      <trkpt lat="42.56082" lon="2.79516">
        <ele>128.5</ele>
      </trkpt>
      <trkpt lat="42.55969" lon="2.79192">
        <ele>143.9</ele>
      </trkpt>
      <trkpt lat="42.5581" lon="2.79035">
        <ele>140.9</ele>
      </trkpt>
      <trkpt lat="42.55723" lon="2.79157">
        <ele>134.0</ele>
      </trkpt>
      <trkpt lat="42.55522" lon="2.79244">
        <ele>142.9</ele>
      </trkpt>
      <trkpt lat="42.55484" lon="2.79277">
        <ele>145.5</ele>
      </trkpt>
      <trkpt lat="42.55136" lon="2.79544">
        <ele>166.1</ele>
      </trkpt>
      <trkpt lat="42.54954" lon="2.79692">
        <ele>175.3</ele>
      </trkpt>
      <trkpt lat="42.54773" lon="2.7981">
        <ele>165.0</ele>
      </trkpt>
      <trkpt lat="42.54736" lon="2.7981">
        <ele>163.2</ele>
      </trkpt>
      <trkpt lat="42.54426" lon="2.80117">
        <ele>130.2</ele>
      </trkpt>
      <trkpt lat="42.54416" lon="2.80127">
        <ele>131.3</ele>
      </trkpt>
      <trkpt lat="42.54283" lon="2.80007">
        <ele>117.4</ele>
      </trkpt>
      <trkpt lat="42.54207" lon="2.80199">
        <ele>110.2</ele>
      </trkpt>
      <trkpt lat="42.54162" lon="2.80297">
        <ele>110.2</ele>
      </trkpt>
      <trkpt lat="42.5415" lon="2.80396">
        <ele>108.7</ele>
      </trkpt>
      <trkpt lat="42.54313" lon="2.80592">
        <ele>102.6</ele>
      </trkpt>
      <trkpt lat="42.54304" lon="2.80634">
        <ele>100.8</ele>
      </trkpt>
      <trkpt lat="42.54125" lon="2.81047">
        <ele>101.9</ele>
      </trkpt>
      <trkpt lat="42.54103" lon="2.8122">
        <ele>94.4</ele>
      </trkpt>
      <trkpt lat="42.54009" lon="2.81366">
        <ele>92.0</ele>
      </trkpt>
      <trkpt lat="42.53984" lon="2.81012">
        <ele>129.8</ele>
      </trkpt>
      <trkpt lat="42.5398" lon="2.81007">
        <ele>131.7</ele>
      </trkpt>
      <trkpt lat="42.53901" lon="2.81063">
        <ele>134.5</ele>
      </trkpt>
      <trkpt lat="42.53752" lon="2.80832">
        <ele>155.8</ele>
      </trkpt>
      <trkpt lat="42.53718" lon="2.80854">
        <ele>156.7</ele>
      </trkpt>
      <trkpt lat="42.53498" lon="2.80382">
        <ele>182.3</ele>
      </trkpt>
      <trkpt lat="42.5346" lon="2.80294">
        <ele>187.2</ele>
      </trkpt>
      <trkpt lat="42.5326" lon="2.79921">
        <ele>194.3</ele>
      </trkpt>
      <trkpt lat="42.53147" lon="2.7986">
        <ele>189.4</ele>
      </trkpt>
      <trkpt lat="42.52967" lon="2.79635">
        <ele>199.0</ele>
      </trkpt>
      <trkpt lat="42.529" lon="2.79515">
        <ele>196.6</ele>
      </trkpt>
      <trkpt lat="42.52809" lon="2.79185">
        <ele>202.1</ele>
      </trkpt>
      <trkpt lat="42.52821" lon="2.78917">
        <ele>191.9</ele>
      </trkpt>
      <trkpt lat="42.5283" lon="2.78895">
        <ele>192.5</ele>
      </trkpt>
      <trkpt lat="42.52827" lon="2.78885">
        <ele>192.3</ele>
      </trkpt>
      <trkpt lat="42.52562" lon="2.78711">
        <ele>180.8</ele>
      </trkpt>
      <trkpt lat="42.52523" lon="2.78726">
        <ele>180.2</ele>
      </trkpt>
      <trkpt lat="42.52346" lon="2.78549">
        <ele>161.0</ele>
      </trkpt>
      <trkpt lat="42.52326" lon="2.78683">
        <ele>152.6</ele>
      </trkpt>
      <trkpt lat="42.52274" lon="2.78686">
        <ele>145.2</ele>
      </trkpt>
      <trkpt lat="42.52046" lon="2.78845">
        <ele>120.1</ele>
      </trkpt>
      <trkpt lat="42.51999" lon="2.788">
        <ele>115.6</ele>
      </trkpt>
      <trkpt lat="42.5188" lon="2.78722">
        <ele>107.7</ele>
      </trkpt>
      <trkpt lat="42.51466" lon="2.78684">
        <ele>115.8</ele>
      </trkpt>
      <trkpt lat="42.51438" lon="2.78695">
        <ele>114.8</ele>
      </trkpt>
      <trkpt lat="42.51321" lon="2.78741">
        <ele>113.7</ele>
      </trkpt>
      <trkpt lat="42.51217" lon="2.78911">
        <ele>103.1</ele>
      </trkpt>
      <trkpt lat="42.51088" lon="2.79097">
        <ele>106.0</ele>
      </trkpt>
      <trkpt lat="42.50864" lon="2.79326">
        <ele>102.1</ele>
      </trkpt>
      <trkpt lat="42.50626" lon="2.79306">
        <ele>95.0</ele>
      </trkpt>
      <trkpt lat="42.50467" lon="2.79563">
        <ele>91.8</ele>
      </trkpt>
      <trkpt lat="42.50431" lon="2.79732">
        <ele>100.6</ele>
      </trkpt>
      <trkpt lat="42.50476" lon="2.79915">
        <ele>111.7</ele>
      </trkpt>
      <trkpt lat="42.50379" lon="2.79798">
        <ele>115.0</ele>
      </trkpt>
      <trkpt lat="42.50273" lon="2.79832">
        <ele>116.0</ele>
      </trkpt>
      <trkpt lat="42.49889" lon="2.79879">
        <ele>122.0</ele>
      </trkpt>
      <trkpt lat="42.49855" lon="2.79909">
        <ele>122.0</ele>
      </trkpt>
      <trkpt lat="42.49545" lon="2.80111">
        <ele>127.0</ele>
      </trkpt>
      <trkpt lat="42.49155" lon="2.8022">
        <ele>133.6</ele>
      </trkpt>
      <trkpt lat="42.49071" lon="2.80208">
        <ele>130.2</ele>
      </trkpt>
      <trkpt lat="42.49064" lon="2.80222">
        <ele>128.4</ele>
      </trkpt>
      <trkpt lat="42.48945" lon="2.80534">
        <ele>115.4</ele>
      </trkpt>
      <trkpt lat="42.48977" lon="2.80695">
        <ele>129.9</ele>
      </trkpt>
      <trkpt lat="42.48958" lon="2.80689">
        <ele>130.2</ele>
      </trkpt>
      <trkpt lat="42.48925" lon="2.8067">
        <ele>130.5</ele>
      </trkpt>
      <trkpt lat="42.48519" lon="2.80868">
        <ele>157.3</ele>
      </trkpt>
      <trkpt lat="42.48491" lon="2.80879">
        <ele>161.5</ele>
      </trkpt>
      <trkpt lat="42.4819" lon="2.80989">
        <ele>205.3</ele>
      </trkpt>
      <trkpt lat="42.48165" lon="2.81021">
        <ele>209.0</ele>
      </trkpt>
      <trkpt lat="42.48099" lon="2.81042">
        <ele>214.6</ele>
      </trkpt>
      <trkpt lat="42.47903" lon="2.81393">
        <ele>248.8</ele>
      </trkpt>
      <trkpt lat="42.47889" lon="2.81417">
        <ele>251.1</ele>
      </trkpt>
      <trkpt lat="42.47798" lon="2.81728">
        <ele>262.3</ele>
      </trkpt>
      <trkpt lat="42.47797" lon="2.81753">
        <ele>262.5</ele>
      </trkpt>
      <trkpt lat="42.47852" lon="2.81991">
        <ele>253.6</ele>
      </trkpt>
      <trkpt lat="42.47974" lon="2.82158">
        <ele>270.4</ele>
      </trkpt>
      <trkpt lat="42.47963" lon="2.8233">
        <ele>277.6</ele>
      </trkpt>
      <trkpt lat="42.47944" lon="2.82477">
        <ele>271.5</ele>
      </trkpt>
      <trkpt lat="42.47751" lon="2.82706">
        <ele>298.7</ele>
      </trkpt>
      <trkpt lat="42.47682" lon="2.8267">
        <ele>300.0</ele>
      </trkpt>
      <trkpt lat="42.4747" lon="2.82338">
        <ele>292.8</ele>
      </trkpt>
      <trkpt lat="42.47442" lon="2.82343">
        <ele>291.1</ele>
      </trkpt>
      <trkpt lat="42.47373" lon="2.82352">
        <ele>289.1</ele>
      </trkpt>
      <trkpt lat="42.47087" lon="2.82569">
        <ele>307.4</ele>
      </trkpt>
      <trkpt lat="42.47037" lon="2.82553">
        <ele>307.2</ele>
      </trkpt>
      <trkpt lat="42.46931" lon="2.82583">
        <ele>302.1</ele>
      </trkpt>
      <trkpt lat="42.46942" lon="2.82444">
        <ele>297.7</ele>
      </trkpt>
      <trkpt lat="42.4649" lon="2.82175">
        <ele>309.8</ele>
      </trkpt>
      <trkpt lat="42.46432" lon="2.82208">
        <ele>302.2</ele>
      </trkpt>
      <trkpt lat="42.46408" lon="2.82195">
        <ele>303.7</ele>
      </trkpt>
      <trkpt lat="42.46257" lon="2.81932">
        <ele>331.9</ele>
      </trkpt>
      <trkpt lat="42.46218" lon="2.81997">
        <ele>342.3</ele>
      </trkpt>
      <trkpt lat="42.46324" lon="2.82431">
        <ele>352.4</ele>
      </trkpt>
      <trkpt lat="42.46313" lon="2.82568">
        <ele>346.0</ele>
      </trkpt>
      <trkpt lat="42.46313" lon="2.82611">
        <ele>346.3</ele>
      </trkpt>
      <trkpt lat="42.46179" lon="2.82786">
        <ele>335.6</ele>
      </trkpt>
      <trkpt lat="42.46231" lon="2.8277">
        <ele>330.7</ele>
      </trkpt>
      <trkpt lat="42.46288" lon="2.82992">
        <ele>346.6</ele>
      </trkpt>
      <trkpt lat="42.46299" lon="2.83252">
        <ele>333.2</ele>
      </trkpt>
      <trkpt lat="42.4632" lon="2.83317">
        <ele>337.7</ele>
      </trkpt>
      <trkpt lat="42.46552" lon="2.83282">
        <ele>337.4</ele>
      </trkpt>
      <trkpt lat="42.4658" lon="2.83424">
        <ele>340.6</ele>
      </trkpt>
      <trkpt lat="42.46496" lon="2.83554">
        <ele>345.2</ele>
      </trkpt>
      <trkpt lat="42.46487" lon="2.83633">
        <ele>344.9</ele>
      </trkpt>
      <trkpt lat="42.46409" lon="2.83907">
        <ele>351.4</ele>
      </trkpt>
      <trkpt lat="42.46418" lon="2.84005">
        <ele>349.3</ele>
      </trkpt>
      <trkpt lat="42.46221" lon="2.84427">
        <ele>356.1</ele>
      </trkpt>
      <trkpt lat="42.46129" lon="2.84428">
        <ele>361.7</ele>
      </trkpt>
      <trkpt lat="42.45963" lon="2.84735">
        <ele>351.2</ele>
      </trkpt>
      <trkpt lat="42.45978" lon="2.84757">
        <ele>349.4</ele>
      </trkpt>
      <trkpt lat="42.45803" lon="2.8515">
        <ele>320.8</ele>
      </trkpt>
      <trkpt lat="42.45828" lon="2.85172">
        <ele>320.0</ele>
      </trkpt>
      <trkpt lat="42.45675" lon="2.85424">
        <ele>309.4</ele>
      </trkpt>
      <trkpt lat="42.45564" lon="2.85586">
        <ele>308.7</ele>
      </trkpt>
      <trkpt lat="42.45573" lon="2.85607">
        <ele>307.9</ele>
      </trkpt>
      <trkpt lat="42.45879" lon="2.85516">
        <ele>325.0</ele>
      </trkpt>
      <trkpt lat="42.45921" lon="2.85468">
        <ele>322.3</ele>
      </trkpt>
      <trkpt lat="42.45935" lon="2.85466">
        <ele>322.8</ele>
      </trkpt>
      <trkpt lat="42.46032" lon="2.85713">
        <ele>358.9</ele>
      </trkpt>
      <trkpt lat="42.46029" lon="2.85722">
        <ele>358.6</ele>
      </trkpt>
      <trkpt lat="42.46076" lon="2.85862">
        <ele>363.2</ele>
      </trkpt>
      <trkpt lat="42.45979" lon="2.8579">
        <ele>381.0</ele>
      </trkpt>
      <trkpt lat="42.4587" lon="2.8565">
        <ele>370.6</ele>
      </trkpt>
      <trkpt lat="42.45828" lon="2.85621">
        <ele>365.5</ele>
      </trkpt>
      <trkpt lat="42.45527" lon="2.85773">
        <ele>330.2</ele>
      </trkpt>
      <trkpt lat="42.45494" lon="2.8579">
        <ele>329.5</ele>
      </trkpt>
      <trkpt lat="42.45378" lon="2.85841">
        <ele>312.3</ele>
      </trkpt>
      <trkpt lat="42.45364" lon="2.8565">
        <ele>301.3</ele>
      </trkpt>
      <trkpt lat="42.4537" lon="2.85448">
        <ele>305.7</ele>
      </trkpt>
      <trkpt lat="42.45385" lon="2.85208">
        <ele>315.2</ele>
      </trkpt>
      <trkpt lat="42.45418" lon="2.84937">
        <ele>303.9</ele>
      </trkpt>
      <trkpt lat="42.45534" lon="2.84426">
        <ele>327.2</ele>
      </trkpt>
      <trkpt lat="42.45536" lon="2.84413">
        <ele>326.8</ele>
      </trkpt>
      <trkpt lat="42.45471" lon="2.84321">
        <ele>319.7</ele>
      </trkpt>
      <trkpt lat="42.45297" lon="2.8427">
        <ele>351.6</ele>
      </trkpt>
      <trkpt lat="42.45087" lon="2.84453">
        <ele>353.9</ele>
      </trkpt>
      <trkpt lat="42.44874" lon="2.84635">
        <ele>340.8</ele>
      </trkpt>
      <trkpt lat="42.4486" lon="2.84671">
        <ele>340.8</ele>
      </trkpt>
      <trkpt lat="42.4477" lon="2.84991">
        <ele>303.9</ele>
      </trkpt>
      <trkpt lat="42.44744" lon="2.84987">
        <ele>302.5</ele>
      </trkpt>
      <trkpt lat="42.44419" lon="2.85202">
        <ele>280.4</ele>
      </trkpt>
      <trkpt lat="42.44406" lon="2.85282">
        <ele>274.3</ele>
      </trkpt>
      <trkpt lat="42.44224" lon="2.85391">
        <ele>258.0</ele>
      </trkpt>
      <trkpt lat="42.44166" lon="2.85621">
        <ele>240.6</ele>
      </trkpt>
      <trkpt lat="42.44148" lon="2.85646">
        <ele>237.2</ele>
      </trkpt>
      <trkpt lat="42.43982" lon="2.85914">
        <ele>192.0</ele>
      </trkpt>
      <trkpt lat="42.43955" lon="2.85967">
        <ele>188.6</ele>
      </trkpt>
      <trkpt lat="42.43764" lon="2.86387">
        <ele>147.5</ele>
      </trkpt>
      <trkpt lat="42.43743" lon="2.86412">
        <ele>150.5</ele>
      </trkpt>
      <trkpt lat="42.43695" lon="2.86338">
        <ele>149.4</ele>
      </trkpt>
      <trkpt lat="42.43422" lon="2.86144">
        <ele>141.1</ele>
      </trkpt>
      <trkpt lat="42.43373" lon="2.86155">
        <ele>142.2</ele>
      </trkpt>
      <trkpt lat="42.43351" lon="2.86167">
        <ele>141.6</ele>
      </trkpt>
      <trkpt lat="42.43007" lon="2.86404">
        <ele>128.8</ele>
      </trkpt>
      <trkpt lat="42.42979" lon="2.8641">
        <ele>126.6</ele>
      </trkpt>
      <trkpt lat="42.42917" lon="2.86366">
        <ele>130.2</ele>
      </trkpt>
      <trkpt lat="42.42575" lon="2.86581">
        <ele>129.5</ele>
      </trkpt>
      <trkpt lat="42.4234" lon="2.8673">
        <ele>120.5</ele>
      </trkpt>
      <trkpt lat="42.42229" lon="2.86853">
        <ele>129.4</ele>
      </trkpt>
      <trkpt lat="42.41959" lon="2.87118">
        <ele>113.7</ele>
      </trkpt>
      <trkpt lat="42.41818" lon="2.87156">
        <ele>112.1</ele>
      </trkpt>
      <trkpt lat="42.41634" lon="2.87251">
        <ele>104.1</ele>
      </trkpt>
      <trkpt lat="42.41553" lon="2.87266">
        <ele>104.7</ele>
      </trkpt>
      <trkpt lat="42.41572" lon="2.87378">
        <ele>108.0</ele>
      </trkpt>
      <trkpt lat="42.4119" lon="2.87611">
        <ele>107.0</ele>
      </trkpt>
      <trkpt lat="42.41039" lon="2.87814">
        <ele>113.8</ele>
      </trkpt>
      <trkpt lat="42.40884" lon="2.87937">
        <ele>113.0</ele>
      </trkpt>
      <trkpt lat="42.40813" lon="2.88018">
        <ele>122.2</ele>
      </trkpt>
      <trkpt lat="42.4107" lon="2.88215">
        <ele>154.0</ele>
      </trkpt>
      <trkpt lat="42.41105" lon="2.88245">
        <ele>160.0</ele>
      </trkpt>
      <trkpt lat="42.4115" lon="2.88345">
        <ele>164.1</ele>
      </trkpt>
      <trkpt lat="42.40971" lon="2.88414">
        <ele>184.8</ele>
      </trkpt>
      <trkpt lat="42.40947" lon="2.88447">
        <ele>187.4</ele>
      </trkpt>
      <trkpt lat="42.40768" lon="2.88591">
        <ele>199.8</ele>
      </trkpt>
      <trkpt lat="42.40778" lon="2.88648">
        <ele>205.3</ele>
      </trkpt>
      <trkpt lat="42.40832" lon="2.8889">
        <ele>199.2</ele>
      </trkpt>
      <trkpt lat="42.40818" lon="2.88943">
        <ele>199.3</ele>
      </trkpt>
      <trkpt lat="42.40626" lon="2.8933">
        <ele>218.9</ele>
      </trkpt>
      <trkpt lat="42.40599" lon="2.89368">
        <ele>222.1</ele>
      </trkpt>
      <trkpt lat="42.40473" lon="2.89762">
        <ele>203.3</ele>
      </trkpt>
      <trkpt lat="42.40472" lon="2.89777">
        <ele>201.2</ele>
      </trkpt>
      <trkpt lat="42.40294" lon="2.90049">
        <ele>178.6</ele>
      </trkpt>
      <trkpt lat="42.40125" lon="2.90417">
        <ele>181.0</ele>
      </trkpt>
      <trkpt lat="42.39916" lon="2.90491">
        <ele>179.0</ele>
      </trkpt>
      <trkpt lat="42.39811" lon="2.90515">
        <ele>179.6</ele>
      </trkpt>
      <trkpt lat="42.39601" lon="2.90735">
        <ele>174.5</ele>
      </trkpt>
      <trkpt lat="42.39604" lon="2.9082">
        <ele>173.1</ele>
      </trkpt>
      <trkpt lat="42.39478" lon="2.91078">
        <ele>175.3</ele>
      </trkpt>
      <trkpt lat="42.39279" lon="2.9128">
        <ele>168.4</ele>
      </trkpt>
      <trkpt lat="42.39221" lon="2.91351">
        <ele>165.8</ele>
      </trkpt>
      <trkpt lat="42.3905" lon="2.91688">
        <ele>159.4</ele>
      </trkpt>
      <trkpt lat="42.38995" lon="2.91724">
        <ele>155.0</ele>
      </trkpt>
      <trkpt lat="42.38574" lon="2.91859">
        <ele>143.2</ele>
      </trkpt>
      <trkpt lat="42.38556" lon="2.91867">
        <ele>142.4</ele>
      </trkpt>
      <trkpt lat="42.38291" lon="2.91967">
        <ele>135.5</ele>
      </trkpt>
      <trkpt lat="42.38106" lon="2.92017">
        <ele>141.4</ele>
      </trkpt>
      <trkpt lat="42.37857" lon="2.9203">
        <ele>122.4</ele>
      </trkpt>
      <trkpt lat="42.37711" lon="2.91964">
        <ele>119.5</ele>
      </trkpt>
      <trkpt lat="42.37576" lon="2.91952">
        <ele>114.4</ele>
      </trkpt>
      <trkpt lat="42.37312" lon="2.92098">
        <ele>105.4</ele>
      </trkpt>
      <trkpt lat="42.37302" lon="2.92137">
        <ele>105.0</ele>
      </trkpt>
      <trkpt lat="42.36906" lon="2.92321">
        <ele>97.4</ele>
      </trkpt>
      <trkpt lat="42.36624" lon="2.92364">
        <ele>96.1</ele>
      </trkpt>
      <trkpt lat="42.36507" lon="2.92382">
        <ele>100.2</ele>
      </trkpt>
      <trkpt lat="42.36452" lon="2.92384">
        <ele>95.2</ele>
      </trkpt>
      <trkpt lat="42.36103" lon="2.92656">
        <ele>112.2</ele>
      </trkpt>
      <trkpt lat="42.361" lon="2.92671">
        <ele>113.3</ele>
      </trkpt>
      <trkpt lat="42.36082" lon="2.92767">
        <ele>121.7</ele>
      </trkpt>
      <trkpt lat="42.35601" lon="2.92606">
        <ele>122.1</ele>
      </trkpt>
      <trkpt lat="42.35362" lon="2.92616">
        <ele>107.1</ele>
      </trkpt>
      <trkpt lat="42.35323" lon="2.92546">
        <ele>101.9</ele>
      </trkpt>
      <trkpt lat="42.35066" lon="2.92332">
        <ele>81.0</ele>
      </trkpt>
      <trkpt lat="42.35057" lon="2.92359">
        <ele>80.1</ele>
      </trkpt>
      <trkpt lat="42.34964" lon="2.92418">
        <ele>80.7</ele>
      </trkpt>
      <trkpt lat="42.34813" lon="2.9257">
        <ele>79.1</ele>
      </trkpt>
      <trkpt lat="42.34596" lon="2.92687">
        <ele>77.0</ele>
      </trkpt>
      <trkpt lat="42.34318" lon="2.92825">
        <ele>69.8</ele>
      </trkpt>
      <trkpt lat="42.34251" lon="2.92861">
        <ele>65.1</ele>
      </trkpt>
      <trkpt lat="42.33923" lon="2.93114">
        <ele>54.8</ele>
      </trkpt>
      <trkpt lat="42.33875" lon="2.93191">
        <ele>51.8</ele>
      </trkpt>
      <trkpt lat="42.33583" lon="2.93377">
        <ele>45.0</ele>
      </trkpt>
      <trkpt lat="42.33345" lon="2.93439">
        <ele>39.8</ele>
      </trkpt>
      <trkpt lat="42.33336" lon="2.93433">
        <ele>38.8</ele>
      </trkpt>
      <trkpt lat="42.33289" lon="2.93154">
        <ele>42.0</ele>
      </trkpt>
      <trkpt lat="42.33328" lon="2.93012">
        <ele>48.7</ele>
      </trkpt>
      <trkpt lat="42.33254" lon="2.92886">
        <ele>44.9</ele>
      </trkpt>
      <trkpt lat="42.33219" lon="2.9251">
        <ele>47.0</ele>
      </trkpt>
      <trkpt lat="42.33" lon="2.92523">
        <ele>46.0</ele>
      </trkpt>
      <trkpt lat="42.3287" lon="2.92432">
        <ele>54.1</ele>
      </trkpt>
      <trkpt lat="42.32836" lon="2.92509">
        <ele>50.6</ele>
      </trkpt>
      <trkpt lat="42.32695" lon="2.92661">
        <ele>45.4</ele>
      </trkpt>
      <trkpt lat="42.32425" lon="2.92886">
        <ele>46.7</ele>
      </trkpt>
      <trkpt lat="42.32395" lon="2.92904">
        <ele>46.5</ele>
      </trkpt>
      <trkpt lat="42.3214" lon="2.92962">
        <ele>46.0</ele>
      </trkpt>
      <trkpt lat="42.32028" lon="2.9306">
        <ele>46.1</ele>
      </trkpt>
      <trkpt lat="42.31781" lon="2.93056">
        <ele>49.9</ele>
      </trkpt>
      <trkpt lat="42.31514" lon="2.93097">
        <ele>48.2</ele>
      </trkpt>
      <trkpt lat="42.3148" lon="2.93095">
        <ele>47.0</ele>
      </trkpt>
      <trkpt lat="42.31392" lon="2.92896">
        <ele>41.9</ele>
      </trkpt>
      <trkpt lat="42.31375" lon="2.92562">
        <ele>49.3</ele>
      </trkpt>
      <trkpt lat="42.3134" lon="2.92386">
        <ele>47.1</ele>
      </trkpt>
      <trkpt lat="42.31342" lon="2.92355">
        <ele>49.3</ele>
      </trkpt>
      <trkpt lat="42.31387" lon="2.92129">
        <ele>48.1</ele>
      </trkpt>
      <trkpt lat="42.31532" lon="2.91702">
        <ele>50.3</ele>
      </trkpt>
      <trkpt lat="42.31569" lon="2.91515">
        <ele>49.6</ele>
      </trkpt>
      <trkpt lat="42.31591" lon="2.91421">
        <ele>52.3</ele>
      </trkpt>
      <trkpt lat="42.31696" lon="2.91082">
        <ele>50.0</ele>
      </trkpt>
      <trkpt lat="42.31705" lon="2.91062">
        <ele>50.6</ele>
      </trkpt>
      <trkpt lat="42.31461" lon="2.90742">
        <ele>69.4</ele>
      </trkpt>
      <trkpt lat="42.31403" lon="2.90717">
        <ele>70.3</ele>
      </trkpt>
      <trkpt lat="42.31221" lon="2.90564">
        <ele>80.0</ele>
      </trkpt>
      <trkpt lat="42.31075" lon="2.90502">
        <ele>79.6</ele>
      </trkpt>
      <trkpt lat="42.31057" lon="2.90532">
        <ele>76.7</ele>
      </trkpt>
      <trkpt lat="42.3119" lon="2.90719">
        <ele>78.2</ele>
      </trkpt>
      <trkpt lat="42.31033" lon="2.90869">
        <ele>88.2</ele>
      </trkpt>
      <trkpt lat="42.31013" lon="2.90905">
        <ele>90.5</ele>
      </trkpt>
      <trkpt lat="42.3074" lon="2.91225">
        <ele>101.8</ele>
      </trkpt>
      <trkpt lat="42.30742" lon="2.91275">
        <ele>101.0</ele>
      </trkpt>
      <trkpt lat="42.30477" lon="2.9138">
        <ele>104.6</ele>
      </trkpt>
      <trkpt lat="42.30366" lon="2.91474">
        <ele>100.1</ele>
      </trkpt>
      <trkpt lat="42.30208" lon="2.91442">
        <ele>99.3</ele>
      </trkpt>
      <trkpt lat="42.30111" lon="2.91557">
        <ele>108.0</ele>
      </trkpt>
      <trkpt lat="42.30039" lon="2.91439">
        <ele>121.4</ele>
      </trkpt>
      <trkpt lat="42.29993" lon="2.9143">
        <ele>125.2</ele>
      </trkpt>
      <trkpt lat="42.29783" lon="2.91285">
        <ele>137.6</ele>
      </trkpt>
      <trkpt lat="42.29752" lon="2.91302">
        <ele>140.7</ele>
      </trkpt>
      <trkpt lat="42.29663" lon="2.91335">
        <ele>146.0</ele>
      </trkpt>
      <trkpt lat="42.29398" lon="2.91346">
        <ele>160.6</ele>
      </trkpt>
      <trkpt lat="42.2916" lon="2.91345">
        <ele>165.7</ele>
      </trkpt>
      <trkpt lat="42.29122" lon="2.91349">
        <ele>165.7</ele>
      </trkpt>
      <trkpt lat="42.28961" lon="2.91391">
        <ele>166.4</ele>
      </trkpt>
      <trkpt lat="42.28722" lon="2.91482">
        <ele>164.7</ele>
      </trkpt>
      <trkpt lat="42.28471" lon="2.91707">
        <ele>153.9</ele>
      </trkpt>
      <trkpt lat="42.28394" lon="2.91717">
        <ele>151.9</ele>
      </trkpt>
      <trkpt lat="42.28068" lon="2.91795">
        <ele>173.5</ele>
      </trkpt>
      <trkpt lat="42.2802" lon="2.91779">
        <ele>176.6</ele>
      </trkpt>
      <trkpt lat="42.2777" lon="2.91631">
        <ele>179.6</ele>
      </trkpt>
      <trkpt lat="42.27661" lon="2.91445">
        <ele>168.2</ele>
      </trkpt>
      <trkpt lat="42.27544" lon="2.91522">
        <ele>163.7</ele>
      </trkpt>
      <trkpt lat="42.27505" lon="2.91864">
        <ele>177.0</ele>
      </trkpt>
      <trkpt lat="42.27542" lon="2.91927">
        <ele>174.9</ele>
      </trkpt>
      <trkpt lat="42.27539" lon="2.91937">
        <ele>174.4</ele>
      </trkpt>
      <trkpt lat="42.27315" lon="2.92024">
        <ele>170.6</ele>
      </trkpt>
      <trkpt lat="42.27111" lon="2.92406">
        <ele>171.4</ele>
      </trkpt>
      <trkpt lat="42.27026" lon="2.92448">
        <ele>177.0</ele>
      </trkpt>
      <trkpt lat="42.27015" lon="2.92623">
        <ele>173.1</ele>
      </trkpt>
      <trkpt lat="42.2698" lon="2.92936">
        <ele>149.1</ele>
      </trkpt>
      <trkpt lat="42.26849" lon="2.929">
        <ele>140.4</ele>
      </trkpt>
      <trkpt lat="42.26816" lon="2.92952">
        <ele>136.5</ele>
      </trkpt>
      <trkpt lat="42.26521" lon="2.93257">
        <ele>103.1</ele>
      </trkpt>
      <trkpt lat="42.26494" lon="2.93429">
        <ele>100.2</ele>
      </trkpt>
      <trkpt lat="42.26282" lon="2.93577">
        <ele>90.2</ele>
      </trkpt>
      <trkpt lat="42.26257" lon="2.93445">
        <ele>79.5</ele>
      </trkpt>
      <trkpt lat="42.26179" lon="2.93129">
        <ele>76.9</ele>
      </trkpt>
      <trkpt lat="42.26113" lon="2.92941">
        <ele>83.4</ele>
      </trkpt>
      <trkpt lat="42.26094" lon="2.92887">
        <ele>87.9</ele>
      </trkpt>
      <trkpt lat="42.25961" lon="2.92403">
        <ele>97.9</ele>
      </trkpt>
      <trkpt lat="42.25939" lon="2.92326">
        <ele>92.6</ele>
      </trkpt>
      <trkpt lat="42.2575" lon="2.92157">
        <ele>78.7</ele>
      </trkpt>
      <trkpt lat="42.25517" lon="2.91845">
        <ele>87.0</ele>
      </trkpt>
      <trkpt lat="42.25503" lon="2.91621">
        <ele>73.6</ele>
      </trkpt>
      <trkpt lat="42.25426" lon="2.9152">
        <ele>64.4</ele>
      </trkpt>
      <trkpt lat="42.25412" lon="2.91525">
        <ele>63.9</ele>
      </trkpt>
      <trkpt lat="42.25191" lon="2.91499">
        <ele>58.1</ele>
      </trkpt>
      <trkpt lat="42.25016" lon="2.91609">
        <ele>63.4</ele>
      </trkpt>
      <trkpt lat="42.2503" lon="2.91447">
        <ele>67.6</ele>
      </trkpt>
      <trkpt lat="42.24883" lon="2.91392">
        <ele>56.0</ele>
      </trkpt>
      <trkpt lat="42.24688" lon="2.911">
        <ele>56.3</ele>
      </trkpt>
      <trkpt lat="42.24497" lon="2.90984">
        <ele>59.1</ele>
      </trkpt>
      <trkpt lat="42.24471" lon="2.90972">
        <ele>60.3</ele>
      </trkpt>
      <trkpt lat="42.24463" lon="2.90973">
        <ele>61.7</ele>
      </trkpt>
      <trkpt lat="42.24379" lon="2.91126">
        <ele>68.0</ele>
      </trkpt>
      <trkpt lat="42.24218" lon="2.91348">
        <ele>64.1</ele>
      </trkpt>
      <trkpt lat="42.24267" lon="2.91585">
        <ele>63.4</ele>
      </trkpt>
      <trkpt lat="42.24117" lon="2.91658">
        <ele>57.8</ele>
      </trkpt>
      <trkpt lat="42.23981" lon="2.91699">
        <ele>64.6</ele>
      </trkpt>
      <trkpt lat="42.23862" lon="2.91832">
        <ele>56.0</ele>
      </trkpt>
      <trkpt lat="42.23578" lon="2.91962">
        <ele>67.7</ele>
      </trkpt>
      <trkpt lat="42.23364" lon="2.92138">
        <ele>65.1</ele>
      </trkpt>
      <trkpt lat="42.23155" lon="2.92278">
        <ele>64.2</ele>
      </trkpt>
      <trkpt lat="42.22868" lon="2.924">
        <ele>63.3</ele>
      </trkpt>
      <trkpt lat="42.22829" lon="2.9239">
        <ele>63.0</ele>
      </trkpt>
      <trkpt lat="42.22576" lon="2.92503">
        <ele>67.4</ele>
      </trkpt>
      <trkpt lat="42.2247" lon="2.92498">
        <ele>70.7</ele>
      </trkpt>
      <trkpt lat="42.2244" lon="2.92505">
        <ele>70.6</ele>
      </trkpt>
      <trkpt lat="42.22106" lon="2.92562">
        <ele>72.1</ele>
      </trkpt>
      <trkpt lat="42.22105" lon="2.92527">
        <ele>73.0</ele>
      </trkpt>
      <trkpt lat="42.22032" lon="2.92476">
        <ele>73.9</ele>
      </trkpt>
      <trkpt lat="42.21653" lon="2.92352">
        <ele>79.7</ele>
      </trkpt>
      <trkpt lat="42.2149" lon="2.92348">
        <ele>83.6</ele>
      </trkpt>
      <trkpt lat="42.21282" lon="2.92107">
        <ele>61.4</ele>
      </trkpt>
      <trkpt lat="42.21238" lon="2.92066">
        <ele>62.5</ele>
      </trkpt>
      <trkpt lat="42.21227" lon="2.92062">
        <ele>62.5</ele>
      </trkpt>
      <trkpt lat="42.20896" lon="2.92171">
        <ele>82.8</ele>
      </trkpt>
      <trkpt lat="42.20825" lon="2.92183">
        <ele>86.7</ele>
      </trkpt>
      <trkpt lat="42.20524" lon="2.92394">
        <ele>114.2</ele>
      </trkpt>
      <trkpt lat="42.20446" lon="2.92398">
        <ele>116.3</ele>
      </trkpt>
      <trkpt lat="42.20079" lon="2.92417">
        <ele>124.5</ele>
      </trkpt>
      <trkpt lat="42.20014" lon="2.92437">
        <ele>127.6</ele>
      </trkpt>
      <trkpt lat="42.19767" lon="2.92427">
        <ele>139.6</ele>
      </trkpt>
      <trkpt lat="42.19586" lon="2.92627">
        <ele>127.5</ele>
      </trkpt>
      <trkpt lat="42.19366" lon="2.92417">
        <ele>132.2</ele>
      </trkpt>
      <trkpt lat="42.19287" lon="2.92481">
        <ele>128.9</ele>
      </trkpt>
      <trkpt lat="42.19094" lon="2.92882">
        <ele>116.1</ele>
      </trkpt>
      <trkpt lat="42.19095" lon="2.92894">
        <ele>115.9</ele>
      </trkpt>
      <trkpt lat="42.18998" lon="2.93055">
        <ele>114.0</ele>
      </trkpt>
      <trkpt lat="42.18981" lon="2.93286">
        <ele>109.8</ele>
      </trkpt>
      <trkpt lat="42.19116" lon="2.93345">
        <ele>106.1</ele>
      </trkpt>
      <trkpt lat="42.19119" lon="2.93367">
        <ele>106.5</ele>
      </trkpt>
      <trkpt lat="42.18966" lon="2.9357">
        <ele>112.5</ele>
      </trkpt>
      <trkpt lat="42.18957" lon="2.93655">
        <ele>114.8</ele>
      </trkpt>
      <trkpt lat="42.18925" lon="2.93867">
        <ele>121.8</ele>
      </trkpt>
      <trkpt lat="42.18675" lon="2.93848">
        <ele>130.8</ele>
      </trkpt>
      <trkpt lat="42.18668" lon="2.93874">
        <ele>131.5</ele>
      </trkpt>
      <trkpt lat="42.18668" lon="2.939">
        <ele>132.0</ele>
      </trkpt>
      <trkpt lat="42.185" lon="2.94218">
        <ele>112.1</ele>
      </trkpt>
      <trkpt lat="42.18319" lon="2.94452">
        <ele>120.5</ele>
      </trkpt>
      <trkpt lat="42.18292" lon="2.94554">
        <ele>117.9</ele>
      </trkpt>
      <trkpt lat="42.18128" lon="2.94629">
        <ele>114.3</ele>
      </trkpt>
      <trkpt lat="42.18056" lon="2.94696">
        <ele>114.3</ele>
      </trkpt>
      <trkpt lat="42.17925" lon="2.94748">
        <ele>103.1</ele>
      </trkpt>
      <trkpt lat="42.17748" lon="2.94985">
        <ele>106.5</ele>
      </trkpt>
      <trkpt lat="42.17536" lon="2.9531">
        <ele>91.3</ele>
      </trkpt>
      <trkpt lat="42.1744" lon="2.9533">
        <ele>87.4</ele>
      </trkpt>
      <trkpt lat="42.17315" lon="2.95163">
        <ele>75.7</ele>
      </trkpt>
      <trkpt lat="42.17283" lon="2.95236">
        <ele>74.2</ele>
      </trkpt>
      <trkpt lat="42.16974" lon="2.95476">
        <ele>80.0</ele>
      </trkpt>
      <trkpt lat="42.16759" lon="2.95547">
        <ele>72.6</ele>
      </trkpt>
      <trkpt lat="42.16601" lon="2.95559">
        <ele>68.2</ele>
      </trkpt>
      <trkpt lat="42.1644" lon="2.95763">
        <ele>54.8</ele>
      </trkpt>
      <trkpt lat="42.1634" lon="2.95823">
        <ele>51.7</ele>
      </trkpt>
      <trkpt lat="42.16162" lon="2.9595">
        <ele>31.2</ele>
      </trkpt>
      <trkpt lat="42.16134" lon="2.95936">
        <ele>28.2</ele>
      </trkpt>
      <trkpt lat="42.16052" lon="2.95748">
        <ele>34.9</ele>
      </trkpt>
      <trkpt lat="42.15943" lon="2.95691">
        <ele>40.0</ele>
      </trkpt>
      <trkpt lat="42.15872" lon="2.95857">
        <ele>49.6</ele>
      </trkpt>
      <trkpt lat="42.15747" lon="2.96148">
        <ele>39.3</ele>
      </trkpt>
      <trkpt lat="42.15728" lon="2.96289">
        <ele>45.6</ele>
      </trkpt>
      <trkpt lat="42.15511" lon="2.96586">
        <ele>45.6</ele>
      </trkpt>
      <trkpt lat="42.15467" lon="2.96601">
        <ele>45.8</ele>
      </trkpt>
      <trkpt lat="42.15235" lon="2.96624">
        <ele>48.8</ele>
      </trkpt>
      <trkpt lat="42.15218" lon="2.96603">
        <ele>49.7</ele>
      </trkpt>
      <trkpt lat="42.15183" lon="2.96109">
        <ele>80.0</ele>
      </trkpt>
      <trkpt lat="42.15179" lon="2.95941">
        <ele>87.6</ele>
      </trkpt>
      <trkpt lat="42.14928" lon="2.96085">
        <ele>118.4</ele>
      </trkpt>
      <trkpt lat="42.148" lon="2.96108">
        <ele>118.5</ele>
      </trkpt>
      <trkpt lat="42.14546" lon="2.96063">
        <ele>84.2</ele>
      </trkpt>
      <trkpt lat="42.14503" lon="2.96057">
        <ele>81.3</ele>
      </trkpt>
      <trkpt lat="42.14406" lon="2.96287">
        <ele>118.2</ele>
      </trkpt>
      <trkpt lat="42.14089" lon="2.96364">
        <ele>136.3</ele>
      </trkpt>
      <trkpt lat="42.13952" lon="2.96368">
        <ele>121.8</ele>
      </trkpt>
      <trkpt lat="42.13941" lon="2.96362">
        <ele>121.8</ele>
      </trkpt>
      <trkpt lat="42.13722" lon="2.96434">
        <ele>120.6</ele>
      </trkpt>
      <trkpt lat="42.13727" lon="2.96236">
        <ele>103.6</ele>
      </trkpt>
      <trkpt lat="42.13752" lon="2.96162">
        <ele>95.4</ele>
      </trkpt>
      <trkpt lat="42.1376" lon="2.95697">
        <ele>69.9</ele>
      </trkpt>
      <trkpt lat="42.13752" lon="2.95692">
        <ele>69.2</ele>
      </trkpt>
      <trkpt lat="42.13557" lon="2.95752">
        <ele>68.4</ele>
      </trkpt>
      <trkpt lat="42.13426" lon="2.95578">
        <ele>74.9</ele>
      </trkpt>
      <trkpt lat="42.13397" lon="2.95512">
        <ele>72.5</ele>
      </trkpt>
      <trkpt lat="42.13347" lon="2.95523">
        <ele>74.8</ele>
      </trkpt>
      <trkpt lat="42.13084" lon="2.95593">
        <ele>95.4</ele>
      </trkpt>
      <trkpt lat="42.12984" lon="2.95569">
        <ele>95.0</ele>
      </trkpt>
      <trkpt lat="42.12686" lon="2.95659">
        <ele>106.5</ele>
      </trkpt>
      <trkpt lat="42.12662" lon="2.95664">
        <ele>105.8</ele>
      </trkpt>
      <trkpt lat="42.12678" lon="2.95868">
        <ele>111.5</ele>
      </trkpt>
      <trkpt lat="42.12315" lon="2.96028">
        <ele>98.0</ele>
      </trkpt>
      <trkpt lat="42.12323" lon="2.96114">
        <ele>96.6</ele>
      </trkpt>
      <trkpt lat="42.12159" lon="2.9609">
        <ele>92.5</ele>
      </trkpt>
      <trkpt lat="42.12095" lon="2.959">
        <ele>97.3</ele>
      </trkpt>
      <trkpt lat="42.11962" lon="2.95457">
        <ele>99.2</ele>
      </trkpt>
      <trkpt lat="42.11889" lon="2.95448">
        <ele>91.1</ele>
      </trkpt>
      <trkpt lat="42.11828" lon="2.95271">
        <ele>90.7</ele>
      </trkpt>
      <trkpt lat="42.11748" lon="2.9519">
        <ele>86.7</ele>
      </trkpt>
      <trkpt lat="42.1161" lon="2.95277">
        <ele>78.9</ele>
      </trkpt>
      <trkpt lat="42.11595" lon="2.95276">
        <ele>77.8</ele>
      </trkpt>
      <trkpt lat="42.11303" lon="2.95378">
        <ele>55.6</ele>
      </trkpt>
      <trkpt lat="42.11235" lon="2.95481">
        <ele>54.5</ele>
      </trkpt>
      <trkpt lat="42.1122" lon="2.95605">
        <ele>58.2</ele>
      </trkpt>
      <trkpt lat="42.11049" lon="2.95608">
        <ele>67.3</ele>
      </trkpt>
      <trkpt lat="42.10962" lon="2.95631">
        <ele>66.6</ele>
      </trkpt>
      <trkpt lat="42.10615" lon="2.95564">
        <ele>76.3</ele>
      </trkpt>
      <trkpt lat="42.10549" lon="2.95531">
        <ele>78.9</ele>
      </trkpt>
      <trkpt lat="42.10404" lon="2.95463">
        <ele>85.6</ele>
      </trkpt>
      <trkpt lat="42.10275" lon="2.95279">
        <ele>75.9</ele>
      </trkpt>
      <trkpt lat="42.10157" lon="2.95235">
        <ele>74.9</ele>
      </trkpt>
      <trkpt lat="42.10106" lon="2.95102">
        <ele>69.1</ele>
      </trkpt>
      <trkpt lat="42.09708" lon="2.94859">
        <ele>93.0</ele>
      </trkpt>
      <trkpt lat="42.09508" lon="2.94675">
        <ele>65.8</ele>
      </trkpt>
      <trkpt lat="42.09483" lon="2.94654">
        <ele>65.0</ele>
      </trkpt>
      <trkpt lat="42.09244" lon="2.94415">
        <ele>81.9</ele>
      </trkpt>
      <trkpt lat="42.08944" lon="2.94118">
        <ele>82.5</ele>
      </trkpt>
      <trkpt lat="42.08756" lon="2.94014">
        <ele>78.4</ele>
      </trkpt>
      <trkpt lat="42.08555" lon="2.93931">
        <ele>73.0</ele>
      </trkpt>
      <trkpt lat="42.08438" lon="2.93855">
        <ele>69.4</ele>
      </trkpt>
      <trkpt lat="42.08423" lon="2.93838">
        <ele>68.9</ele>
      </trkpt>
      <trkpt lat="42.08277" lon="2.93627">
        <ele>72.7</ele>
      </trkpt>
      <trkpt lat="42.08131" lon="2.93302">
        <ele>59.3</ele>
      </trkpt>
      <trkpt lat="42.08117" lon="2.93292">
        <ele>57.3</ele>
      </trkpt>
      <trkpt lat="42.08067" lon="2.93285">
        <ele>52.9</ele>
      </trkpt>
      <trkpt lat="42.07689" lon="2.93285">
        <ele>39.7</ele>
      </trkpt>
      <trkpt lat="42.07678" lon="2.93262">
        <ele>40.0</ele>
      </trkpt>
      <trkpt lat="42.07726" lon="2.93095">
        <ele>43.7</ele>
      </trkpt>
      <trkpt lat="42.07274" lon="2.93168">
        <ele>40.9</ele>
      </trkpt>
      <trkpt lat="42.07263" lon="2.9315">
        <ele>41.3</ele>
      </trkpt>
      <trkpt lat="42.0717" lon="2.92894">
        <ele>37.6</ele>
      </trkpt>
      <trkpt lat="42.07097" lon="2.92773">
        <ele>35.1</ele>
      </trkpt>
      <trkpt lat="42.0701" lon="2.92301">
        <ele>37.7</ele>
      </trkpt>
      <trkpt lat="42.06987" lon="2.92274">
        <ele>37.5</ele>
      </trkpt>
      <trkpt lat="42.06822" lon="2.92046">
        <ele>34.6</ele>
      </trkpt>
      <trkpt lat="42.06818" lon="2.91957">
        <ele>34.4</ele>
      </trkpt>
      <trkpt lat="42.06797" lon="2.91616">
        <ele>38.3</ele>
      </trkpt>
      <trkpt lat="42.06812" lon="2.91283">
        <ele>43.4</ele>
      </trkpt>
      <trkpt lat="42.06796" lon="2.91207">
        <ele>44.1</ele>
      </trkpt>
      <trkpt lat="42.06783" lon="2.90958">
        <ele>47.4</ele>
      </trkpt>
      <trkpt lat="42.06717" lon="2.90679">
        <ele>47.1</ele>
      </trkpt>
      <trkpt lat="42.06664" lon="2.90416">
        <ele>43.3</ele>
      </trkpt>
      <trkpt lat="42.06445" lon="2.90284">
        <ele>43.2</ele>
      </trkpt>
      <trkpt lat="42.06213" lon="2.90143">
        <ele>38.5</ele>
      </trkpt>
      <trkpt lat="42.05992" lon="2.90075">
        <ele>36.4</ele>
      </trkpt>
      <trkpt lat="42.05956" lon="2.89915">
        <ele>35.8</ele>
      </trkpt>
      <trkpt lat="42.05918" lon="2.89709">
        <ele>37.9</ele>
      </trkpt>
      <trkpt lat="42.05863" lon="2.89571">
        <ele>38.5</ele>
      </trkpt>
      <trkpt lat="42.05766" lon="2.89298">
        <ele>39.3</ele>
      </trkpt>
      <trkpt lat="42.05654" lon="2.89087">
        <ele>40.0</ele>
      </trkpt>
      <trkpt lat="42.05482" lon="2.8917">
        <ele>37.9</ele>
      </trkpt>
      <trkpt lat="42.05448" lon="2.89218">
        <ele>38.2</ele>
      </trkpt>
      <trkpt lat="42.05253" lon="2.88887">
        <ele>40.0</ele>
      </trkpt>
      <trkpt lat="42.05157" lon="2.88745">
        <ele>40.0</ele>
      </trkpt>
      <trkpt lat="42.051" lon="2.88611">
        <ele>38.6</ele>
      </trkpt>
      <trkpt lat="42.05077" lon="2.8846">
        <ele>40.4</ele>
      </trkpt>
      <trkpt lat="42.0508" lon="2.88105">
        <ele>41.6</ele>
      </trkpt>
      <trkpt lat="42.04984" lon="2.87623">
        <ele>40.2</ele>
      </trkpt>
      <trkpt lat="42.05006" lon="2.87531">
        <ele>43.0</ele>
      </trkpt>
      <trkpt lat="42.04962" lon="2.87474">
        <ele>43.6</ele>
      </trkpt>
      <trkpt lat="42.04779" lon="2.87173">
        <ele>44.1</ele>
      </trkpt>
      <trkpt lat="42.04708" lon="2.87029">
        <ele>45.9</ele>
      </trkpt>
      <trkpt lat="42.04564" lon="2.86806">
        <ele>51.7</ele>
      </trkpt>
      <trkpt lat="42.04509" lon="2.86675">
        <ele>46.8</ele>
      </trkpt>
      <trkpt lat="42.04372" lon="2.86291">
        <ele>48.6</ele>
      </trkpt>
      <trkpt lat="42.04296" lon="2.85844">
        <ele>54.0</ele>
      </trkpt>
      <trkpt lat="42.04277" lon="2.85778">
        <ele>55.1</ele>
      </trkpt>
      <trkpt lat="42.04254" lon="2.85761">
        <ele>55.7</ele>
      </trkpt>
      <trkpt lat="42.03884" lon="2.85879">
        <ele>47.5</ele>
      </trkpt>
      <trkpt lat="42.03824" lon="2.85887">
        <ele>46.9</ele>
      </trkpt>
      <trkpt lat="42.03636" lon="2.85842">
        <ele>48.0</ele>
      </trkpt>
      <trkpt lat="42.03245" lon="2.85994">
        <ele>47.8</ele>
      </trkpt>
      <trkpt lat="42.03213" lon="2.86001">
        <ele>48.0</ele>
      </trkpt>
      <trkpt lat="42.02943" lon="2.8603">
        <ele>48.0</ele>
      </trkpt>
      <trkpt lat="42.02577" lon="2.85913">
        <ele>50.7</ele>
      </trkpt>
      <trkpt lat="42.02543" lon="2.85865">
        <ele>53.3</ele>
      </trkpt>
      <trkpt lat="42.0233" lon="2.85574">
        <ele>49.0</ele>
      </trkpt>
      <trkpt lat="42.02329" lon="2.8544">
        <ele>50.5</ele>
      </trkpt>
      <trkpt lat="42.02634" lon="2.85075">
        <ele>55.8</ele>
      </trkpt>
      <trkpt lat="42.02772" lon="2.84972">
        <ele>60.2</ele>
      </trkpt>
      <trkpt lat="42.02958" lon="2.84709">
        <ele>54.3</ele>
      </trkpt>
      <trkpt lat="42.02976" lon="2.84642">
        <ele>53.5</ele>
      </trkpt>
      <trkpt lat="42.03016" lon="2.84155">
        <ele>51.3</ele>
      </trkpt>
      <trkpt lat="42.03021" lon="2.84083">
        <ele>52.4</ele>
      </trkpt>
      <trkpt lat="42.03015" lon="2.84022">
        <ele>52.2</ele>
      </trkpt>
      <trkpt lat="42.0308" lon="2.83748">
        <ele>56.0</ele>
      </trkpt>
      <trkpt lat="42.02995" lon="2.83601">
        <ele>58.0</ele>
      </trkpt>
      <trkpt lat="42.0295" lon="2.83574">
        <ele>54.1</ele>
      </trkpt>
      <trkpt lat="42.02778" lon="2.83055">
        <ele>63.2</ele>
      </trkpt>
      <trkpt lat="42.02762" lon="2.8302">
        <ele>61.7</ele>
      </trkpt>
      <trkpt lat="42.0269" lon="2.82909">
        <ele>58.0</ele>
      </trkpt>
      <trkpt lat="42.02579" lon="2.82801">
        <ele>59.9</ele>
      </trkpt>
      <trkpt lat="42.02307" lon="2.82643">
        <ele>59.9</ele>
      </trkpt>
      <trkpt lat="42.01974" lon="2.82597">
        <ele>62.5</ele>
      </trkpt>
      <trkpt lat="42.0183" lon="2.82553">
        <ele>64.0</ele>
      </trkpt>
      <trkpt lat="42.01627" lon="2.82336">
        <ele>66.0</ele>
      </trkpt>
      <trkpt lat="42.01578" lon="2.82293">
        <ele>66.0</ele>
      </trkpt>
      <trkpt lat="42.01372" lon="2.82125">
        <ele>64.4</ele>
      </trkpt>
      <trkpt lat="42.01227" lon="2.8196">
        <ele>65.0</ele>
      </trkpt>
      <trkpt lat="42.0088" lon="2.81718">
        <ele>64.2</ele>
      </trkpt>
      <trkpt lat="42.00867" lon="2.81703">
        <ele>64.3</ele>
      </trkpt>
      <trkpt lat="42.00786" lon="2.81688">
        <ele>63.6</ele>
      </trkpt>
      <trkpt lat="42.0072" lon="2.81724">
        <ele>58.9</ele>
      </trkpt>
      <trkpt lat="42.00457" lon="2.81739">
        <ele>62.5</ele>
      </trkpt>
      <trkpt lat="42.00344" lon="2.81781">
        <ele>59.6</ele>
      </trkpt>
      <trkpt lat="42.00011" lon="2.82058">
        <ele>60.9</ele>
      </trkpt>
      <trkpt lat="41.99782" lon="2.82165">
        <ele>61.2</ele>
      </trkpt>
      <trkpt lat="41.99627" lon="2.82209">
        <ele>62.3</ele>
      </trkpt>
      <trkpt lat="41.99463" lon="2.82263">
        <ele>63.3</ele>
      </trkpt>
      <trkpt lat="41.99443" lon="2.82264">
        <ele>63.4</ele>
      </trkpt>
      <trkpt lat="41.99229" lon="2.82165">
        <ele>64.1</ele>
      </trkpt>
      <trkpt lat="41.99134" lon="2.81861">
        <ele>72.0</ele>
      </trkpt>
      <trkpt lat="41.98964" lon="2.81951">
        <ele>71.0</ele>
      </trkpt>
      <trkpt lat="41.98811" lon="2.82227">
        <ele>67.0</ele>
      </trkpt>
      <trkpt lat="41.98621" lon="2.82372">
        <ele>67.3</ele>
      </trkpt>
      <trkpt lat="41.98531" lon="2.82478">
        <ele>66.8</ele>
      </trkpt>
      <trkpt lat="41.98353" lon="2.82399">
        <ele>67.7</ele>
      </trkpt>
      <trkpt lat="41.98061" lon="2.82415">
        <ele>68.9</ele>
      </trkpt>
      <trkpt lat="41.98045" lon="2.82535">
        <ele>82.2</ele>
      </trkpt>
      <trkpt lat="41.98058" lon="2.82577">
        <ele>86.8</ele>
      </trkpt>
      <trkpt lat="41.98362" lon="2.82798">
        <ele>105.7</ele>
      </trkpt>
      <trkpt lat="41.9849" lon="2.82902">
        <ele>128.2</ele>
      </trkpt>
      <trkpt lat="41.98723" lon="2.83092">
        <ele>107.0</ele>
      </trkpt>
      <trkpt lat="41.98736" lon="2.83089">
        <ele>107.4</ele>
      </trkpt>
      <trkpt lat="41.98768" lon="2.83078">
        <ele>102.3</ele>
      </trkpt>
      <trkpt lat="41.98765" lon="2.83579">
        <ele>79.4</ele>
      </trkpt>
      <trkpt lat="41.98759" lon="2.83649">
        <ele>80.8</ele>
      </trkpt>
      <trkpt lat="41.98777" lon="2.84121">
        <ele>91.6</ele>
      </trkpt>
      <trkpt lat="41.98795" lon="2.84168">
        <ele>95.4</ele>
      </trkpt>
      <trkpt lat="41.98795" lon="2.84503">
        <ele>111.8</ele>
      </trkpt>
      <trkpt lat="41.98942" lon="2.84608">
        <ele>128.1</ele>
      </trkpt>
      <trkpt lat="41.98966" lon="2.84608">
        <ele>130.4</ele>
      </trkpt>
      <trkpt lat="41.99154" lon="2.84832">
        <ele>141.9</ele>
      </trkpt>
      <trkpt lat="41.99112" lon="2.84851">
        <ele>157.8</ele>
      </trkpt>
      <trkpt lat="41.9905" lon="2.84891">
        <ele>155.7</ele>
      </trkpt>
      <trkpt lat="41.98937" lon="2.84979">
        <ele>187.0</ele>
      </trkpt>
      <trkpt lat="41.98913" lon="2.85175">
        <ele>201.1</ele>
      </trkpt>
      <trkpt lat="41.98982" lon="2.85339">
        <ele>200.7</ele>
      </trkpt>
      <trkpt lat="41.98879" lon="2.8565">
        <ele>242.9</ele>
      </trkpt>
      <trkpt lat="41.98887" lon="2.85682">
        <ele>248.1</ele>
      </trkpt>
      <trkpt lat="41.98856" lon="2.85855">
        <ele>261.3</ele>
      </trkpt>
      <trkpt lat="41.98675" lon="2.86134">
        <ele>292.2</ele>
      </trkpt>
      <trkpt lat="41.9865" lon="2.86172">
        <ele>294.3</ele>
      </trkpt>
      <trkpt lat="41.9836" lon="2.86454">
        <ele>330.4</ele>
      </trkpt>
      <trkpt lat="41.98335" lon="2.86447">
        <ele>333.2</ele>
      </trkpt>
      <trkpt lat="41.98313" lon="2.86626">
        <ele>345.5</ele>
      </trkpt>
      <trkpt lat="41.98417" lon="2.86746">
        <ele>363.7</ele>
      </trkpt>
      <trkpt lat="41.9883" lon="2.86875">
        <ele>361.2</ele>
      </trkpt>
      <trkpt lat="41.98914" lon="2.86758">
        <ele>369.2</ele>
      </trkpt>
      <trkpt lat="41.98976" lon="2.86862">
        <ele>371.7</ele>
      </trkpt>
      <trkpt lat="41.99245" lon="2.86944">
        <ele>345.8</ele>
      </trkpt>
      <trkpt lat="41.99402" lon="2.86997">
        <ele>349.4</ele>
      </trkpt>
      <trkpt lat="41.99482" lon="2.87025">
        <ele>344.2</ele>
      </trkpt>
      <trkpt lat="41.99611" lon="2.87201">
        <ele>313.9</ele>
      </trkpt>
      <trkpt lat="41.9963" lon="2.87221">
        <ele>314.2</ele>
      </trkpt>
      <trkpt lat="41.99778" lon="2.8749">
        <ele>295.7</ele>
      </trkpt>
      <trkpt lat="41.99952" lon="2.87545">
        <ele>292.0</ele>
      </trkpt>
      <trkpt lat="42.00149" lon="2.87902">
        <ele>280.0</ele>
      </trkpt>
      <trkpt lat="42.00169" lon="2.8796">
        <ele>274.5</ele>
      </trkpt>
      <trkpt lat="42.00489" lon="2.88271">
        <ele>224.5</ele>
      </trkpt>
      <trkpt lat="42.00538" lon="2.88335">
        <ele>226.6</ele>
      </trkpt>
      <trkpt lat="42.00771" lon="2.88564">
        <ele>209.7</ele>
      </trkpt>
      <trkpt lat="42.00913" lon="2.88614">
        <ele>210.0</ele>
      </trkpt>
      <trkpt lat="42.01136" lon="2.88796">
        <ele>155.8</ele>
      </trkpt>
      <trkpt lat="42.01139" lon="2.88818">
        <ele>153.1</ele>
      </trkpt>
      <trkpt lat="42.01248" lon="2.89153">
        <ele>89.5</ele>
      </trkpt>
      <trkpt lat="42.01181" lon="2.89314">
        <ele>86.1</ele>
      </trkpt>
      <trkpt lat="42.01078" lon="2.89343">
        <ele>104.0</ele>
      </trkpt>
      <trkpt lat="42.01139" lon="2.89398">
        <ele>108.7</ele>
      </trkpt>
      <trkpt lat="42.01113" lon="2.89822">
        <ele>140.9</ele>
      </trkpt>
      <trkpt lat="42.01097" lon="2.89871">
        <ele>143.4</ele>
      </trkpt>
      <trkpt lat="42.01141" lon="2.89831">
        <ele>139.8</ele>
      </trkpt>
      <trkpt lat="42.01262" lon="2.89666">
        <ele>140.7</ele>
      </trkpt>
      <trkpt lat="42.01327" lon="2.89831">
        <ele>147.0</ele>
      </trkpt>
      <trkpt lat="42.01346" lon="2.89889">
        <ele>146.3</ele>
      </trkpt>
      <trkpt lat="42.0142" lon="2.90295">
        <ele>118.4</ele>
      </trkpt>
      <trkpt lat="42.0141" lon="2.90313">
        <ele>119.3</ele>
      </trkpt>
      <trkpt lat="42.01722" lon="2.9064">
        <ele>95.9</ele>
      </trkpt>
      <trkpt lat="42.01748" lon="2.90659">
        <ele>92.4</ele>
      </trkpt>
      <trkpt lat="42.01641" lon="2.90796">
        <ele>86.8</ele>
      </trkpt>
      <trkpt lat="42.01508" lon="2.91029">
        <ele>110.9</ele>
      </trkpt>
      <trkpt lat="42.0147" lon="2.91015">
        <ele>112.7</ele>
      </trkpt>
      <trkpt lat="42.01297" lon="2.91393">
        <ele>147.1</ele>
      </trkpt>
      <trkpt lat="42.01156" lon="2.91656">
        <ele>148.3</ele>
      </trkpt>
      <trkpt lat="42.01169" lon="2.91691">
        <ele>148.4</ele>
      </trkpt>
      <trkpt lat="42.01251" lon="2.91891">
        <ele>137.8</ele>
      </trkpt>
      <trkpt lat="42.01261" lon="2.9193">
        <ele>135.6</ele>
      </trkpt>
      <trkpt lat="42.01314" lon="2.92049">
        <ele>127.3</ele>
      </trkpt>
      <trkpt lat="42.01064" lon="2.92072">
        <ele>98.3</ele>
      </trkpt>
      <trkpt lat="42.01036" lon="2.92096">
        <ele>94.9</ele>
      </trkpt>
      <trkpt lat="42.01052" lon="2.92202">
        <ele>92.1</ele>
      </trkpt>
      <trkpt lat="42.01321" lon="2.92364">
        <ele>85.3</ele>
      </trkpt>
      <trkpt lat="42.01518" lon="2.92561">
        <ele>80.8</ele>
      </trkpt>
      <trkpt lat="42.01666" lon="2.92743">
        <ele>87.3</ele>
      </trkpt>
      <trkpt lat="42.01741" lon="2.9281">
        <ele>90.3</ele>
      </trkpt>
      <trkpt lat="42.01956" lon="2.9304">
        <ele>80.0</ele>
      </trkpt>
      <trkpt lat="42.01971" lon="2.93115">
        <ele>81.4</ele>
      </trkpt>
      <trkpt lat="42.01984" lon="2.93123">
        <ele>78.2</ele>
      </trkpt>
      <trkpt lat="42.02341" lon="2.93233">
        <ele>62.6</ele>
      </trkpt>
      <trkpt lat="42.02571" lon="2.93255">
        <ele>60.7</ele>
      </trkpt>
      <trkpt lat="42.02741" lon="2.93308">
        <ele>76.2</ele>
      </trkpt>
      <trkpt lat="42.02749" lon="2.93341">
        <ele>79.3</ele>
      </trkpt>
      <trkpt lat="42.03078" lon="2.9356">
        <ele>94.0</ele>
      </trkpt>
      <trkpt lat="42.03139" lon="2.93576">
        <ele>92.0</ele>
      </trkpt>
      <trkpt lat="42.03226" lon="2.9359">
        <ele>90.5</ele>
      </trkpt>
      <trkpt lat="42.03279" lon="2.93987">
        <ele>71.5</ele>
      </trkpt>
      <trkpt lat="42.03326" lon="2.93979">
        <ele>70.6</ele>
      </trkpt>
      <trkpt lat="42.03692" lon="2.93919">
        <ele>62.3</ele>
      </trkpt>
      <trkpt lat="42.03754" lon="2.93914">
        <ele>62.2</ele>
      </trkpt>
      <trkpt lat="42.04064" lon="2.93992">
        <ele>53.8</ele>
      </trkpt>
      <trkpt lat="42.04191" lon="2.9404">
        <ele>52.5</ele>
      </trkpt>
      <trkpt lat="42.04469" lon="2.9406">
        <ele>47.1</ele>
      </trkpt>
      <trkpt lat="42.04514" lon="2.94109">
        <ele>49.3</ele>
      </trkpt>
      <trkpt lat="42.04538" lon="2.94255">
        <ele>52.6</ele>
      </trkpt>
      <trkpt lat="42.04651" lon="2.94541">
        <ele>40.0</ele>
      </trkpt>
      <trkpt lat="42.04665" lon="2.9593">
        <ele>38.3</ele>
      </trkpt>
      <trkpt lat="42.04763" lon="2.96239">
        <ele>62.5</ele>
      </trkpt>
      <trkpt lat="42.04721" lon="2.96315">
        <ele>65.6</ele>
      </trkpt>
      <trkpt lat="42.0477" lon="2.96624">
        <ele>70.0</ele>
      </trkpt>
      <trkpt lat="42.04688" lon="2.96804">
        <ele>76.4</ele>
      </trkpt>
      <trkpt lat="42.04657" lon="2.96933">
        <ele>74.3</ele>
      </trkpt>
      <trkpt lat="42.04597" lon="2.97222">
        <ele>90.4</ele>
      </trkpt>
      <trkpt lat="42.04501" lon="2.97288">
        <ele>91.1</ele>
      </trkpt>
      <trkpt lat="42.04421" lon="2.97298">
        <ele>93.1</ele>
      </trkpt>
      <trkpt lat="42.042" lon="2.97535">
        <ele>98.8</ele>
      </trkpt>
      <trkpt lat="42.04028" lon="2.97618">
        <ele>98.8</ele>
      </trkpt>
      <trkpt lat="42.03736" lon="2.97864">
        <ele>114.7</ele>
      </trkpt>
      <trkpt lat="42.03708" lon="2.97888">
        <ele>114.9</ele>
      </trkpt>
      <trkpt lat="42.03569" lon="2.98377">
        <ele>124.1</ele>
      </trkpt>
      <trkpt lat="42.03542" lon="2.98417">
        <ele>125.5</ele>
      </trkpt>
      <trkpt lat="42.03341" lon="2.98769">
        <ele>131.3</ele>
      </trkpt>
      <trkpt lat="42.03235" lon="2.98913">
        <ele>132.0</ele>
      </trkpt>
      <trkpt lat="42.03554" lon="2.99254">
        <ele>109.0</ele>
      </trkpt>
      <trkpt lat="42.03566" lon="2.99283">
        <ele>107.3</ele>
      </trkpt>
      <trkpt lat="42.03747" lon="2.99556">
        <ele>83.9</ele>
      </trkpt>
      <trkpt lat="42.03845" lon="2.99644">
        <ele>86.4</ele>
      </trkpt>
      <trkpt lat="42.04189" lon="2.99814">
        <ele>63.3</ele>
      </trkpt>
      <trkpt lat="42.0429" lon="2.99916">
        <ele>57.0</ele>
      </trkpt>
      <trkpt lat="42.04417" lon="3.00216">
        <ele>44.3</ele>
      </trkpt>
      <trkpt lat="42.04505" lon="3.00342">
        <ele>39.5</ele>
      </trkpt>
      <trkpt lat="42.04565" lon="3.00464">
        <ele>36.6</ele>
      </trkpt>
      <trkpt lat="42.04629" lon="3.00711">
        <ele>31.0</ele>
      </trkpt>
      <trkpt lat="42.04685" lon="3.00961">
        <ele>25.4</ele>
      </trkpt>
      <trkpt lat="42.0479" lon="3.01223">
        <ele>20.5</ele>
      </trkpt>
      <trkpt lat="42.04864" lon="3.01541">
        <ele>18.9</ele>
      </trkpt>
      <trkpt lat="42.04763" lon="3.01836">
        <ele>17.0</ele>
      </trkpt>
      <trkpt lat="42.04879" lon="3.02372">
        <ele>17.0</ele>
      </trkpt>
      <trkpt lat="42.04936" lon="3.02562">
        <ele>17.1</ele>
      </trkpt>
      <trkpt lat="42.04961" lon="3.03078">
        <ele>16.0</ele>
      </trkpt>
      <trkpt lat="42.04982" lon="3.03159">
        <ele>16.0</ele>
      </trkpt>
      <trkpt lat="42.05046" lon="3.03678">
        <ele>16.3</ele>
      </trkpt>
      <trkpt lat="42.05055" lon="3.0373">
        <ele>17.0</ele>
      </trkpt>
      <trkpt lat="42.05098" lon="3.03874">
        <ele>14.5</ele>
      </trkpt>
      <trkpt lat="42.0521" lon="3.04302">
        <ele>15.1</ele>
      </trkpt>
      <trkpt lat="42.05168" lon="3.04367">
        <ele>16.0</ele>
      </trkpt>
      <trkpt lat="42.05183" lon="3.04378">
        <ele>16.4</ele>
      </trkpt>
      <trkpt lat="42.05608" lon="3.04578">
        <ele>15.0</ele>
      </trkpt>
      <trkpt lat="42.05636" lon="3.04842">
        <ele>15.9</ele>
      </trkpt>
      <trkpt lat="42.05622" lon="3.04927">
        <ele>15.5</ele>
      </trkpt>
      <trkpt lat="42.05629" lon="3.051">
        <ele>16.0</ele>
      </trkpt>
      <trkpt lat="42.0561" lon="3.05233">
        <ele>15.6</ele>
      </trkpt>
      <trkpt lat="42.05702" lon="3.05536">
        <ele>14.7</ele>
      </trkpt>
      <trkpt lat="42.05747" lon="3.05601">
        <ele>14.0</ele>
      </trkpt>
      <trkpt lat="42.05953" lon="3.06018">
        <ele>14.0</ele>
      </trkpt>
      <trkpt lat="42.06065" lon="3.06518">
        <ele>13.6</ele>
      </trkpt>
      <trkpt lat="42.06128" lon="3.06655">
        <ele>12.6</ele>
      </trkpt>
      <trkpt lat="42.06499" lon="3.07076">
        <ele>13.0</ele>
      </trkpt>
      <trkpt lat="42.06625" lon="3.07223">
        <ele>13.0</ele>
      </trkpt>
      <trkpt lat="42.06685" lon="3.07358">
        <ele>12.0</ele>
      </trkpt>
      <trkpt lat="42.06807" lon="3.07871">
        <ele>12.0</ele>
      </trkpt>
      <trkpt lat="42.07067" lon="3.08241">
        <ele>11.2</ele>
      </trkpt>
      <trkpt lat="42.07076" lon="3.08287">
        <ele>11.0</ele>
      </trkpt>
      <trkpt lat="42.07157" lon="3.08792">
        <ele>11.0</ele>
      </trkpt>
      <trkpt lat="42.07201" lon="3.08821">
        <ele>11.0</ele>
      </trkpt>
      <trkpt lat="42.07298" lon="3.08956">
        <ele>10.7</ele>
      </trkpt>
      <trkpt lat="42.0755" lon="3.09299">
        <ele>10.2</ele>
      </trkpt>
      <trkpt lat="42.07785" lon="3.09648">
        <ele>12.1</ele>
      </trkpt>
      <trkpt lat="42.07844" lon="3.09903">
        <ele>9.0</ele>
      </trkpt>
      <trkpt lat="42.07939" lon="3.10148">
        <ele>10.9</ele>
      </trkpt>
      <trkpt lat="42.08057" lon="3.1023">
        <ele>10.4</ele>
      </trkpt>
      <trkpt lat="42.08084" lon="3.10314">
        <ele>11.5</ele>
      </trkpt>
      <trkpt lat="42.08185" lon="3.10542">
        <ele>11.2</ele>
      </trkpt>
      <trkpt lat="42.08218" lon="3.10678">
        <ele>10.4</ele>
      </trkpt>
      <trkpt lat="42.08221" lon="3.11081">
        <ele>9.2</ele>
      </trkpt>
      <trkpt lat="42.08203" lon="3.11373">
        <ele>9.3</ele>
      </trkpt>
      <trkpt lat="42.08239" lon="3.11813">
        <ele>5.6</ele>
      </trkpt>
      <trkpt lat="42.08249" lon="3.12033">
        <ele>5.0</ele>
      </trkpt>
      <trkpt lat="42.08242" lon="3.12129">
        <ele>6.0</ele>
      </trkpt>
      <trkpt lat="42.08245" lon="3.12534">
        <ele>6.0</ele>
      </trkpt>
      <trkpt lat="42.08317" lon="3.12799">
        <ele>4.6</ele>
      </trkpt>
      <trkpt lat="42.08337" lon="3.12903">
        <ele>4.9</ele>
      </trkpt>
      <trkpt lat="42.08427" lon="3.13006">
        <ele>4.7</ele>
      </trkpt>
      <trkpt lat="42.08607" lon="3.13337">
        <ele>6.1</ele>
      </trkpt>
      <trkpt lat="42.08845" lon="3.1325">
        <ele>6.4</ele>
      </trkpt>
      <trkpt lat="42.08944" lon="3.13215">
        <ele>5.7</ele>
      </trkpt>
      <trkpt lat="42.0922" lon="3.13316">
        <ele>5.4</ele>
      </trkpt>
      <trkpt lat="42.09465" lon="3.13301">
        <ele>6.4</ele>
      </trkpt>
      <trkpt lat="42.09468" lon="3.13362">
        <ele>8.9</ele>
      </trkpt>
      <trkpt lat="42.09487" lon="3.13464">
        <ele>13.4</ele>
      </trkpt>
      <trkpt lat="42.09523" lon="3.13701">
        <ele>23.1</ele>
      </trkpt>
      <trkpt lat="42.09673" lon="3.1371">
        <ele>30.8</ele>
      </trkpt>
      <trkpt lat="42.09742" lon="3.13694">
        <ele>30.3</ele>
      </trkpt>
      <trkpt lat="42.09899" lon="3.13767">
        <ele>22.6</ele>
      </trkpt>
      <trkpt lat="42.09998" lon="3.13746">
        <ele>23.8</ele>
      </trkpt>
      <trkpt lat="42.101" lon="3.14044">
        <ele>33.2</ele>
      </trkpt>
      <trkpt lat="42.10222" lon="3.14617">
        <ele>29.8</ele>
      </trkpt>
      <trkpt lat="42.10364" lon="3.1509">
        <ele>24.2</ele>
      </trkpt>
      <trkpt lat="42.10482" lon="3.14982">
        <ele>19.4</ele>
      </trkpt>
      <trkpt lat="42.10768" lon="3.14845">
        <ele>10.2</ele>
      </trkpt>
      <trkpt lat="42.10851" lon="3.14816">
        <ele>7.6</ele>
      </trkpt>
      <trkpt lat="42.11098" lon="3.14684">
        <ele>2.6</ele>
      </trkpt>
      <trkpt lat="42.113" lon="3.14595">
        <ele>3.3</ele>
      </trkpt>
      <trkpt lat="42.11344" lon="3.14487">
        <ele>3.4</ele>
      </trkpt>
      <trkpt lat="42.11464" lon="3.14338">
        <ele>3.0</ele>
      </trkpt>
      <trkpt lat="42.11436" lon="3.14152">
        <ele>2.5</ele>
      </trkpt>
      <trkpt lat="42.11426" lon="3.14068">
        <ele>3.3</ele>
      </trkpt>
      <trkpt lat="42.11612" lon="3.1369">
        <ele>2.1</ele>
      </trkpt>
      <trkpt lat="42.11864" lon="3.13814">
        <ele>3.8</ele>
      </trkpt>
      <trkpt lat="42.12034" lon="3.13818">
        <ele>3.1</ele>
      </trkpt>
      <trkpt lat="42.12393" lon="3.13648">
        <ele>7.6</ele>
      </trkpt>
      <trkpt lat="42.12622" lon="3.13615">
        <ele>5.6</ele>
      </trkpt>
      <trkpt lat="42.12623" lon="3.13523">
        <ele>3.0</ele>
      </trkpt>
      <trkpt lat="42.12621" lon="3.13317">
        <ele>2.5</ele>
      </trkpt>
      <trkpt lat="42.12596" lon="3.13046">
        <ele>20.3</ele>
      </trkpt>
      <trkpt lat="42.12649" lon="3.12912">
        <ele>20.9</ele>
      </trkpt>
      <trkpt lat="42.12644" lon="3.12513">
        <ele>5.3</ele>
      </trkpt>
      <trkpt lat="42.12653" lon="3.12489">
        <ele>5.6</ele>
      </trkpt>
      <trkpt lat="42.12842" lon="3.12326">
        <ele>2.9</ele>
      </trkpt>
      <trkpt lat="42.13008" lon="3.12258">
        <ele>9.8</ele>
      </trkpt>
      <trkpt lat="42.13163" lon="3.12197">
        <ele>3.9</ele>
      </trkpt>
      <trkpt lat="42.13485" lon="3.12131">
        <ele>7.5</ele>
      </trkpt>
      <trkpt lat="42.13545" lon="3.12136">
        <ele>8.4</ele>
      </trkpt>
      <trkpt lat="42.13663" lon="3.11976">
        <ele>3.2</ele>
      </trkpt>
      <trkpt lat="42.13997" lon="3.11866">
        <ele>10.2</ele>
      </trkpt>
      <trkpt lat="42.14109" lon="3.11733">
        <ele>2.9</ele>
      </trkpt>
      <trkpt lat="42.14504" lon="3.11598">
        <ele>3.1</ele>
      </trkpt>
      <trkpt lat="42.14535" lon="3.1158">
        <ele>1.8</ele>
      </trkpt>
      <trkpt lat="42.14553" lon="3.11562">
        <ele>1.1</ele>
      </trkpt>
      <trkpt lat="42.14566" lon="3.1153">
        <ele>1.9</ele>
      </trkpt>
      <trkpt lat="42.14577" lon="3.115">
        <ele>1.0</ele>
      </trkpt>
      <trkpt lat="42.14834" lon="3.11084">
        <ele>2.0</ele>
      </trkpt>
      <trkpt lat="42.14945" lon="3.11108">
        <ele>1.0</ele>
      </trkpt>
      <trkpt lat="42.15259" lon="3.11158">
        <ele>2.0</ele>
      </trkpt>
      <trkpt lat="42.15672" lon="3.11152">
        <ele>1.6</ele>
      </trkpt>
      <trkpt lat="42.15799" lon="3.11124">
        <ele>1.6</ele>
      </trkpt>
      <trkpt lat="42.16034" lon="3.10885">
        <ele>2.0</ele>
      </trkpt>
      <trkpt lat="42.16076" lon="3.10768">
        <ele>2.4</ele>
      </trkpt>
      <trkpt lat="42.16109" lon="3.10567">
        <ele>2.0</ele>
      </trkpt>
      <trkpt lat="42.16347" lon="3.10411">
        <ele>2.0</ele>
      </trkpt>
      <trkpt lat="42.1643" lon="3.10343">
        <ele>2.0</ele>
      </trkpt>
      <trkpt lat="42.1662" lon="3.10737">
        <ele>2.0</ele>
      </trkpt>
      <trkpt lat="42.16753" lon="3.10786">
        <ele>1.3</ele>
      </trkpt>
      <trkpt lat="42.17045" lon="3.10867">
        <ele>2.0</ele>
      </trkpt>
      <trkpt lat="42.17028" lon="3.10987">
        <ele>1.5</ele>
      </trkpt>
      <trkpt lat="42.17477" lon="3.10959">
        <ele>1.9</ele>
      </trkpt>
      <trkpt lat="42.1774" lon="3.10932">
        <ele>2.0</ele>
      </trkpt>
      <trkpt lat="42.1774" lon="3.10739">
        <ele>2.0</ele>
      </trkpt>
      <trkpt lat="42.17807" lon="3.10292">
        <ele>2.5</ele>
      </trkpt>
      <trkpt lat="42.17847" lon="3.10199">
        <ele>2.5</ele>
      </trkpt>
      <trkpt lat="42.17867" lon="3.10004">
        <ele>3.0</ele>
      </trkpt>
      <trkpt lat="42.18096" lon="3.09422">
        <ele>3.6</ele>
      </trkpt>
      <trkpt lat="42.18154" lon="3.09367">
        <ele>4.0</ele>
      </trkpt>
      <trkpt lat="42.18413" lon="3.09333">
        <ele>4.0</ele>
      </trkpt>
      <trkpt lat="42.18505" lon="3.09258">
        <ele>4.6</ele>
      </trkpt>
      <trkpt lat="42.18637" lon="3.09179">
        <ele>4.0</ele>
      </trkpt>
      <trkpt lat="42.18652" lon="3.09044">
        <ele>2.9</ele>
      </trkpt>
      <trkpt lat="42.18689" lon="3.08651">
        <ele>5.4</ele>
      </trkpt>
      <trkpt lat="42.18769" lon="3.08482">
        <ele>4.8</ele>
      </trkpt>
      <trkpt lat="42.18866" lon="3.08476">
        <ele>3.3</ele>
      </trkpt>
      <trkpt lat="42.18855" lon="3.0834">
        <ele>4.0</ele>
      </trkpt>
      <trkpt lat="42.19001" lon="3.08315">
        <ele>4.0</ele>
      </trkpt>
      <trkpt lat="42.19075" lon="3.08276">
        <ele>3.0</ele>
      </trkpt>
      <trkpt lat="42.19319" lon="3.08012">
        <ele>3.0</ele>
      </trkpt>
      <trkpt lat="42.19663" lon="3.07817">
        <ele>3.3</ele>
      </trkpt>
      <trkpt lat="42.19709" lon="3.0766">
        <ele>2.9</ele>
      </trkpt>
      <trkpt lat="42.19918" lon="3.07536">
        <ele>2.0</ele>
      </trkpt>
      <trkpt lat="42.20002" lon="3.07487">
        <ele>2.0</ele>
      </trkpt>
      <trkpt lat="42.20066" lon="3.07444">
        <ele>2.0</ele>
      </trkpt>
      <trkpt lat="42.20442" lon="3.07335">
        <ele>2.0</ele>
      </trkpt>
      <trkpt lat="42.20796" lon="3.07426">
        <ele>1.0</ele>
      </trkpt>
      <trkpt lat="42.20837" lon="3.07414">
        <ele>1.0</ele>
      </trkpt>
      <trkpt lat="42.20896" lon="3.07412">
        <ele>1.0</ele>
      </trkpt>
      <trkpt lat="42.21083" lon="3.07166">
        <ele>2.0</ele>
      </trkpt>
      <trkpt lat="42.21146" lon="3.06968">
        <ele>1.0</ele>
      </trkpt>
      <trkpt lat="42.21395" lon="3.06932">
        <ele>1.0</ele>
      </trkpt>
      <trkpt lat="42.22112" lon="3.06802">
        <ele>1.0</ele>
      </trkpt>
      <trkpt lat="42.22194" lon="3.06774">
        <ele>1.9</ele>
      </trkpt>
      <trkpt lat="42.22238" lon="3.06889">
        <ele>1.0</ele>
      </trkpt>
      <trkpt lat="42.22343" lon="3.06901">
        <ele>2.0</ele>
      </trkpt>
      <trkpt lat="42.227" lon="3.06859">
        <ele>2.0</ele>
      </trkpt>
      <trkpt lat="42.23024" lon="3.06851">
        <ele>2.7</ele>
      </trkpt>
      <trkpt lat="42.23229" lon="3.06931">
        <ele>2.1</ele>
      </trkpt>
      <trkpt lat="42.23449" lon="3.07103">
        <ele>3.0</ele>
      </trkpt>
      <trkpt lat="42.23629" lon="3.06988">
        <ele>3.0</ele>
      </trkpt>
      <trkpt lat="42.23767" lon="3.06785">
        <ele>4.2</ele>
      </trkpt>
      <trkpt lat="42.2386" lon="3.0668">
        <ele>4.5</ele>
      </trkpt>
      <trkpt lat="42.2394" lon="3.0658">
        <ele>4.0</ele>
      </trkpt>
      <trkpt lat="42.24184" lon="3.06438">
        <ele>4.0</ele>
      </trkpt>
      <trkpt lat="42.24458" lon="3.06858">
        <ele>5.4</ele>
      </trkpt>
      <trkpt lat="42.24616" lon="3.06805">
        <ele>5.4</ele>
      </trkpt>
      <trkpt lat="42.24756" lon="3.06633">
        <ele>6.2</ele>
      </trkpt>
      <trkpt lat="42.24883" lon="3.06576">
        <ele>6.2</ele>
      </trkpt>
      <trkpt lat="42.25059" lon="3.06635">
        <ele>6.0</ele>
      </trkpt>
      <trkpt lat="42.25287" lon="3.06654">
        <ele>7.0</ele>
      </trkpt>
      <trkpt lat="42.25573" lon="3.06804">
        <ele>9.4</ele>
      </trkpt>
      <trkpt lat="42.25666" lon="3.0683">
        <ele>3.4</ele>
        <time>2026-03-28T15:32:11Z</time>
      </trkpt>
      <trkpt lat="42.25712" lon="3.06849">
        <ele>7.0</ele>
        <time>2026-03-28T15:32:33Z</time>
      </trkpt>
      <trkpt lat="42.25942" lon="3.0734">
        <ele>11.2</ele>
        <time>2026-03-28T15:36:38Z</time>
      </trkpt>
      <trkpt lat="42.25978" lon="3.07375">
        <ele>7.0</ele>
        <time>2026-03-28T15:36:50Z</time>
      </trkpt>
      <trkpt lat="42.25978" lon="3.07464">
        <ele>16.7</ele>
        <time>2026-03-28T15:36:58Z</time>
      </trkpt>
      <trkpt lat="42.25846" lon="3.07761">
        <ele>6.3</ele>
        <time>2026-03-28T15:38:14Z</time>
      </trkpt>
      <trkpt lat="42.2585" lon="3.07783">
        <ele>6.1</ele>
        <time>2026-03-28T15:38:22Z</time>
      </trkpt>
      <trkpt lat="42.25874" lon="3.07863">
        <ele>6.6</ele>
        <time>2026-03-28T15:38:32Z</time>
      </trkpt>
      <trkpt lat="42.25935" lon="3.08247">
        <ele>0.6</ele>
        <time>2026-03-28T15:39:24Z</time>
      </trkpt>
      <trkpt lat="42.25994" lon="3.08391">
        <ele>0.2</ele>
        <time>2026-03-28T15:39:44Z</time>
      </trkpt>
      <trkpt lat="42.26056" lon="3.0853">
        <ele>5.1</ele>
      </trkpt>
      <trkpt lat="42.2615" lon="3.08957">
        <ele>0.6</ele>
        <time>2026-03-28T15:40:58Z</time>
      </trkpt>
      <trkpt lat="42.2627" lon="3.09404">
        <ele>-3.0</ele>
        <time>2026-03-28T15:41:56Z</time>
      </trkpt>
      <trkpt lat="42.26305" lon="3.09567">
        <ele>-3.0</ele>
        <time>2026-03-28T15:42:16Z</time>
      </trkpt>
      <trkpt lat="42.26311" lon="3.09636">
        <ele>-1.2</ele>
        <time>2026-03-28T15:42:24Z</time>
      </trkpt>
      <trkpt lat="42.26396" lon="3.10481">
        <ele>-2.0</ele>
        <time>2026-03-28T15:44:12Z</time>
      </trkpt>
      <trkpt lat="42.2642" lon="3.1057">
        <ele>-3.6</ele>
        <time>2026-03-28T15:44:24Z</time>
      </trkpt>
      <trkpt lat="42.26505" lon="3.10722">
        <ele>-3.8</ele>
        <time>2026-03-28T15:44:48Z</time>
      </trkpt>
      <trkpt lat="42.26587" lon="3.10824">
        <ele>-3.8</ele>
        <time>2026-03-28T15:45:08Z</time>
      </trkpt>
      <trkpt lat="42.26491" lon="3.11075">
        <ele>3.6</ele>
        <time>2026-03-28T15:45:54Z</time>
      </trkpt>
      <trkpt lat="42.26469" lon="3.11142">
        <ele>3.6</ele>
        <time>2026-03-28T15:46:08Z</time>
      </trkpt>
      <trkpt lat="42.26491" lon="3.11502">
        <ele>1.2</ele>
        <time>2026-03-28T15:46:58Z</time>
      </trkpt>
      <trkpt lat="42.26385" lon="3.11545">
        <ele>-1.2</ele>
        <time>2026-03-28T15:47:16Z</time>
      </trkpt>
      <trkpt lat="42.26006" lon="3.11646">
        <ele>-1.2</ele>
        <time>2026-03-28T15:48:20Z</time>
      </trkpt>
      <trkpt lat="42.26001" lon="3.11662">
        <ele>-1.4</ele>
        <time>2026-03-28T15:48:22Z</time>
      </trkpt>
      <trkpt lat="42.26003" lon="3.11692">
        <ele>1.0</ele>
        <time>2026-03-28T15:48:24Z</time>
      </trkpt>
      <trkpt lat="42.25978" lon="3.12094">
        <ele>1.0</ele>
        <time>2026-03-28T15:49:08Z</time>
      </trkpt>
      <trkpt lat="42.26094" lon="3.1231">
        <ele>-4.6</ele>
        <time>2026-03-28T15:49:41Z</time>
      </trkpt>
      <trkpt lat="42.26479" lon="3.12793">
        <ele>1.0</ele>
      </trkpt>
      <trkpt lat="42.26635" lon="3.12769">
        <ele>1.3</ele>
      </trkpt>
      <trkpt lat="42.26815" lon="3.12966">
        <ele>1.0</ele>
      </trkpt>
      <trkpt lat="42.27091" lon="3.13246">
        <ele>5.0</ele>
      </trkpt>
      <trkpt lat="42.27138" lon="3.13321">
        <ele>5.7</ele>
      </trkpt>
      <trkpt lat="42.27161" lon="3.13521">
        <ele>1.0</ele>
      </trkpt>
      <trkpt lat="42.27151" lon="3.14167">
        <ele>3.0</ele>
      </trkpt>
      <trkpt lat="42.27084" lon="3.14336">
        <ele>2.0</ele>
      </trkpt>
      <trkpt lat="42.27069" lon="3.14573">
        <ele>2.2</ele>
      </trkpt>
      <trkpt lat="42.26775" lon="3.14642">
        <ele>1.1</ele>
      </trkpt>
      <trkpt lat="42.26754" lon="3.14642">
        <ele>1.0</ele>
      </trkpt>
      <trkpt lat="42.26652" lon="3.15057">
        <ele>1.0</ele>
      </trkpt>
      <trkpt lat="42.26292" lon="3.15245">
        <ele>1.0</ele>
      </trkpt>
      <trkpt lat="42.26152" lon="3.15307">
        <ele>1.0</ele>
      </trkpt>
      <trkpt lat="42.26295" lon="3.15647">
        <ele>1.0</ele>
      </trkpt>
      <trkpt lat="42.2641" lon="3.16013">
        <ele>1.8</ele>
      </trkpt>
      <trkpt lat="42.26521" lon="3.16314">
        <ele>1.8</ele>
      </trkpt>
      <trkpt lat="42.26511" lon="3.16556">
        <ele>1.4</ele>
      </trkpt>
      <trkpt lat="42.26516" lon="3.16738">
        <ele>1.6</ele>
      </trkpt>
      <trkpt lat="42.26452" lon="3.17205">
        <ele>1.3</ele>
      </trkpt>
      <trkpt lat="42.26458" lon="3.1725">
        <ele>2.0</ele>
      </trkpt>
      <trkpt lat="42.26417" lon="3.17342">
        <ele>2.0</ele>
      </trkpt>
      <trkpt lat="42.26128" lon="3.17559">
        <ele>2.0</ele>
      </trkpt>
      <trkpt lat="42.26014" lon="3.17818">
        <ele>1.0</ele>
      </trkpt>
      <trkpt lat="42.25847" lon="3.18093">
        <ele>1.7</ele>
      </trkpt>
      <trkpt lat="42.25795" lon="3.18118">
        <ele>2.0</ele>
      </trkpt>
      <trkpt lat="42.25618" lon="3.18154">
        <ele>6.789712</ele>
      </trkpt>
      <trkpt lat="42.25198" lon="3.18182">
        <ele>4.4</ele>
      </trkpt>
      <trkpt lat="42.2509" lon="3.18197">
        <ele>5.8</ele>
      </trkpt>
      <trkpt lat="42.24876" lon="3.18167">
        <ele>18.988699</ele>
      </trkpt>
      <trkpt lat="42.24661" lon="3.1817">
        <ele>14.509412</ele>
      </trkpt>
      <trkpt lat="42.24613" lon="3.18317">
        <ele>14.385189</ele>
      </trkpt>
      <trkpt lat="42.24647" lon="3.18625">
        <ele>29.1</ele>
      </trkpt>
      <trkpt lat="42.24661" lon="3.18708">
        <ele>31.6</ele>
      </trkpt>
      <trkpt lat="42.24633" lon="3.18952">
        <ele>39.6</ele>
      </trkpt>
      <trkpt lat="42.24731" lon="3.19334">
        <ele>20.9</ele>
      </trkpt>
      <trkpt lat="42.24758" lon="3.19615">
        <ele>8.0</ele>
      </trkpt>
      <trkpt lat="42.24573" lon="3.19797">
        <ele>13.6</ele>
      </trkpt>
      <trkpt lat="42.24381" lon="3.19937">
        <ele>30.325765</ele>
      </trkpt>
      <trkpt lat="42.24292" lon="3.20121">
        <ele>29.821444</ele>
      </trkpt>
      <trkpt lat="42.24274" lon="3.20177">
        <ele>42.9</ele>
      </trkpt>
      <trkpt lat="42.24249" lon="3.20381">
        <ele>24.140836</ele>
      </trkpt>
      <trkpt lat="42.24217" lon="3.20623">
        <ele>19.066789</ele>
      </trkpt>
      <trkpt lat="42.24289" lon="3.20762">
        <ele>10.2</ele>
      </trkpt>
      <trkpt lat="42.24105" lon="3.20952">
        <ele>13.5</ele>
      </trkpt>
      <trkpt lat="42.24124" lon="3.21036">
        <ele>26.020899</ele>
      </trkpt>
      <trkpt lat="42.23974" lon="3.21057">
        <ele>30.814613</ele>
      </trkpt>
      <trkpt lat="42.23834" lon="3.20865">
        <ele>23.881684</ele>
      </trkpt>
      <trkpt lat="42.23807" lon="3.209">
        <ele>25.8</ele>
      </trkpt>
      <trkpt lat="42.23773" lon="3.21266">
        <ele>53.9</ele>
      </trkpt>
      <trkpt lat="42.23707" lon="3.21355">
        <ele>43.230242</ele>
      </trkpt>
      <trkpt lat="42.23641" lon="3.21699">
        <ele>61.5</ele>
      </trkpt>
      <trkpt lat="42.23615" lon="3.2173">
        <ele>58.7</ele>
      </trkpt>
      <trkpt lat="42.23672" lon="3.21773">
        <ele>59.6</ele>
      </trkpt>
      <trkpt lat="42.23713" lon="3.21993">
        <ele>52.4</ele>
      </trkpt>
      <trkpt lat="42.23884" lon="3.2217">
        <ele>60.6</ele>
      </trkpt>
      <trkpt lat="42.24271" lon="3.22058">
        <ele>93.5</ele>
      </trkpt>
      <trkpt lat="42.24393" lon="3.22257">
        <ele>102.1</ele>
      </trkpt>
      <trkpt lat="42.24523" lon="3.22263">
        <ele>80.216659</ele>
      </trkpt>
      <trkpt lat="42.24533" lon="3.22289">
        <ele>78.464212</ele>
      </trkpt>
      <trkpt lat="42.24538" lon="3.22365">
        <ele>73.934064</ele>
      </trkpt>
      <trkpt lat="42.2455" lon="3.22801">
        <ele>53.62621</ele>
      </trkpt>
      <trkpt lat="42.24565" lon="3.22804">
        <ele>53.122154</ele>
      </trkpt>
      <trkpt lat="42.24612" lon="3.22762">
        <ele>51.244719</ele>
      </trkpt>
      <trkpt lat="42.24865" lon="3.22435">
        <ele>38.310412</ele>
      </trkpt>
      <trkpt lat="42.24882" lon="3.22438">
        <ele>36.755443</ele>
      </trkpt>
      <trkpt lat="42.2491" lon="3.2249">
        <ele>32.210109</ele>
      </trkpt>
      <trkpt lat="42.25259" lon="3.22577">
        <ele>10.737522</ele>
      </trkpt>
      <trkpt lat="42.253" lon="3.22613">
        <ele>10.135885</ele>
      </trkpt>
      <trkpt lat="42.25317" lon="3.22659">
        <ele>9.9269</ele>
      </trkpt>
      <trkpt lat="42.25146" lon="3.23056">
        <ele>20.8726</ele>
      </trkpt>
      <trkpt lat="42.25128" lon="3.23091">
        <ele>21.216507</ele>
      </trkpt>
      <trkpt lat="42.24931" lon="3.23374">
        <ele>38.6</ele>
      </trkpt>
      <trkpt lat="42.2496" lon="3.23518">
        <ele>47.3</ele>
      </trkpt>
      <trkpt lat="42.24955" lon="3.23539">
        <ele>47.0</ele>
      </trkpt>
      <trkpt lat="42.2489" lon="3.23685">
        <ele>42.7</ele>
      </trkpt>
      <trkpt lat="42.25153" lon="3.23792">
        <ele>18.049155</ele>
      </trkpt>
      <trkpt lat="42.25172" lon="3.23835">
        <ele>18.062289</ele>
      </trkpt>
      <trkpt lat="42.25224" lon="3.23874">
        <ele>18.637858</ele>
      </trkpt>
      <trkpt lat="42.25065" lon="3.24224">
        <ele>31.4</ele>
      </trkpt>
      <trkpt lat="42.25115" lon="3.24325">
        <ele>26.10763</ele>
      </trkpt>
      <trkpt lat="42.25104" lon="3.24538">
        <ele>39.2</ele>
      </trkpt>
      <trkpt lat="42.24945" lon="3.24628">
        <ele>50.169629</ele>
      </trkpt>
      <trkpt lat="42.24925" lon="3.24645">
        <ele>50.592541</ele>
      </trkpt>
      <trkpt lat="42.24771" lon="3.24737">
        <ele>53.316802</ele>
      </trkpt>
      <trkpt lat="42.24868" lon="3.24945">
        <ele>56.385583</ele>
      </trkpt>
      <trkpt lat="42.24884" lon="3.2496">
        <ele>56.901132</ele>
      </trkpt>
      <trkpt lat="42.2491" lon="3.24944">
        <ele>71.0</ele>
      </trkpt>
      <trkpt lat="42.25255" lon="3.247">
        <ele>94.7</ele>
      </trkpt>
      <trkpt lat="42.25265" lon="3.2471">
        <ele>95.6</ele>
      </trkpt>
      <trkpt lat="42.2551" lon="3.24927">
        <ele>85.382051</ele>
      </trkpt>
      <trkpt lat="42.25637" lon="3.24863">
        <ele>81.6</ele>
      </trkpt>
      <trkpt lat="42.25699" lon="3.24924">
        <ele>70.87112</ele>
      </trkpt>
      <trkpt lat="42.25912" lon="3.24757">
        <ele>60.229828</ele>
      </trkpt>
      <trkpt lat="42.25921" lon="3.24731">
        <ele>59.706556</ele>
      </trkpt>
      <trkpt lat="42.26028" lon="3.2447">
        <ele>50.094905</ele>
      </trkpt>
      <trkpt lat="42.25974" lon="3.24589">
        <ele>48.710034</ele>
      </trkpt>
      <trkpt lat="42.2608" lon="3.24691">
        <ele>46.4</ele>
      </trkpt>
      <trkpt lat="42.26016" lon="3.24936">
        <ele>65.0</ele>
      </trkpt>
      <trkpt lat="42.26102" lon="3.24881">
        <ele>63.779018</ele>
      </trkpt>
      <trkpt lat="42.26123" lon="3.24583">
        <ele>98.0</ele>
      </trkpt>
      <trkpt lat="42.2624" lon="3.24384">
        <ele>102.675151</ele>
      </trkpt>
      <trkpt lat="42.26266" lon="3.24373">
        <ele>117.2</ele>
      </trkpt>
      <trkpt lat="42.263" lon="3.24698">
        <ele>126.447959</ele>
      </trkpt>
      <trkpt lat="42.26353" lon="3.24735">
        <ele>131.647863</ele>
      </trkpt>
      <trkpt lat="42.26507" lon="3.24938">
        <ele>153.833511</ele>
      </trkpt>
      <trkpt lat="42.26619" lon="3.24925">
        <ele>181.3</ele>
      </trkpt>
      <trkpt lat="42.26675" lon="3.24924">
        <ele>169.224561</ele>
      </trkpt>
      <trkpt lat="42.26758" lon="3.24902">
        <ele>193.2</ele>
      </trkpt>
      <trkpt lat="42.26784" lon="3.25305">
        <ele>202.906967</ele>
      </trkpt>
      <trkpt lat="42.26819" lon="3.25365">
        <ele>207.983968</ele>
      </trkpt>
      <trkpt lat="42.2682" lon="3.25375">
        <ele>208.660947</ele>
      </trkpt>
      <trkpt lat="42.26719" lon="3.25433">
        <ele>218.302748</ele>
      </trkpt>
      <trkpt lat="42.26534" lon="3.25757">
        <ele>217.668594</ele>
      </trkpt>
      <trkpt lat="42.26467" lon="3.25962">
        <ele>224.354077</ele>
      </trkpt>
      <trkpt lat="42.26374" lon="3.26054">
        <ele>221.148833</ele>
      </trkpt>
      <trkpt lat="42.26365" lon="3.26163">
        <ele>218.009887</ele>
      </trkpt>
      <trkpt lat="42.26457" lon="3.26552">
        <ele>201.984456</ele>
      </trkpt>
      <trkpt lat="42.26463" lon="3.26566">
        <ele>202.355555</ele>
      </trkpt>
      <trkpt lat="42.26583" lon="3.26499">
        <ele>206.847699</ele>
      </trkpt>
      <trkpt lat="42.26742" lon="3.26355">
        <ele>212.931138</ele>
      </trkpt>
      <trkpt lat="42.26779" lon="3.26339">
        <ele>212.702956</ele>
      </trkpt>
      <trkpt lat="42.26861" lon="3.26656">
        <ele>221.3</ele>
      </trkpt>
      <trkpt lat="42.2684" lon="3.26778">
        <ele>199.891027</ele>
      </trkpt>
      <trkpt lat="42.27006" lon="3.26789">
        <ele>194.392557</ele>
      </trkpt>
      <trkpt lat="42.26994" lon="3.26811">
        <ele>193.96101</ele>
      </trkpt>
      <trkpt lat="42.27268" lon="3.26532">
        <ele>188.3</ele>
      </trkpt>
      <trkpt lat="42.27279" lon="3.26533">
        <ele>186.453429</ele>
      </trkpt>
      <trkpt lat="42.27297" lon="3.26565">
        <ele>184.64672</ele>
      </trkpt>
      <trkpt lat="42.27564" lon="3.2671">
        <ele>149.99773</ele>
      </trkpt>
      <trkpt lat="42.27605" lon="3.26682">
        <ele>153.7</ele>
      </trkpt>
      <trkpt lat="42.27709" lon="3.26683">
        <ele>134.08711</ele>
      </trkpt>
      <trkpt lat="42.27685" lon="3.26908">
        <ele>117.728138</ele>
      </trkpt>
      <trkpt lat="42.2771" lon="3.26944">
        <ele>114.081833</ele>
      </trkpt>
      <trkpt lat="42.27902" lon="3.27165">
        <ele>75.9</ele>
      </trkpt>
      <trkpt lat="42.27915" lon="3.27201">
        <ele>74.1</ele>
      </trkpt>
      <trkpt lat="42.27977" lon="3.27484">
        <ele>44.617918</ele>
      </trkpt>
      <trkpt lat="42.28108" lon="3.27411">
        <ele>31.284025</ele>
      </trkpt>
      <trkpt lat="42.28115" lon="3.27427">
        <ele>30.311743</ele>
      </trkpt>
      <trkpt lat="42.28425" lon="3.27524">
        <ele>10.190088</ele>
      </trkpt>
      <trkpt lat="42.2853" lon="3.2756">
        <ele>10.371037</ele>
      </trkpt>
      <trkpt lat="42.28741" lon="3.27605">
        <ele>2.0</ele>
      </trkpt>
      <trkpt lat="42.28874" lon="3.27795">
        <ele>1.3</ele>
      </trkpt>
      <trkpt lat="42.28902" lon="3.2778">
        <ele>1.1</ele>
      </trkpt>
      <trkpt lat="42.28878" lon="3.27664">
        <ele>7.9</ele>
      </trkpt>
      <trkpt lat="42.28934" lon="3.27365">
        <ele>6.3</ele>
      </trkpt>
      <trkpt lat="42.2881" lon="3.26952">
        <ele>15.8</ele>
      </trkpt>
      <trkpt lat="42.28806" lon="3.26899">
        <ele>15.3</ele>
      </trkpt>
      <trkpt lat="42.29072" lon="3.26461">
        <ele>67.2</ele>
      </trkpt>
      <trkpt lat="42.29079" lon="3.26422">
        <ele>67.9</ele>
      </trkpt>
      <trkpt lat="42.29152" lon="3.25919">
        <ele>96.4</ele>
      </trkpt>
      <trkpt lat="42.29151" lon="3.25878">
        <ele>96.8</ele>
      </trkpt>
      <trkpt lat="42.29008" lon="3.25536">
        <ele>110.9</ele>
      </trkpt>
      <trkpt lat="42.29052" lon="3.25444">
        <ele>121.1</ele>
      </trkpt>
      <trkpt lat="42.29103" lon="3.25422">
        <ele>123.2</ele>
      </trkpt>
      <trkpt lat="42.29203" lon="3.24891">
        <ele>176.0</ele>
      </trkpt>
      <trkpt lat="42.29212" lon="3.24875">
        <ele>179.7</ele>
      </trkpt>
      <trkpt lat="42.29384" lon="3.24448">
        <ele>204.5</ele>
      </trkpt>
      <trkpt lat="42.2946" lon="3.24357">
        <ele>204.8</ele>
      </trkpt>
      <trkpt lat="42.29597" lon="3.23913">
        <ele>230.7</ele>
      </trkpt>
      <trkpt lat="42.29601" lon="3.23887">
        <ele>230.6</ele>
      </trkpt>
      <trkpt lat="42.29568" lon="3.23721">
        <ele>238.6</ele>
      </trkpt>
      <trkpt lat="42.29719" lon="3.23789">
        <ele>257.9</ele>
      </trkpt>
      <trkpt lat="42.29778" lon="3.23867">
        <ele>265.6</ele>
      </trkpt>
      <trkpt lat="42.29894" lon="3.24103">
        <ele>281.3</ele>
      </trkpt>
      <trkpt lat="42.29916" lon="3.23937">
        <ele>291.2</ele>
      </trkpt>
      <trkpt lat="42.30008" lon="3.23768">
        <ele>296.0</ele>
      </trkpt>
      <trkpt lat="42.3026" lon="3.23621">
        <ele>280.8</ele>
      </trkpt>
      <trkpt lat="42.30294" lon="3.23613">
        <ele>280.6</ele>
      </trkpt>
      <trkpt lat="42.30436" lon="3.23684">
        <ele>271.2</ele>
      </trkpt>
      <trkpt lat="42.3044" lon="3.23795">
        <ele>271.3</ele>
      </trkpt>
      <trkpt lat="42.30465" lon="3.23746">
        <ele>272.7</ele>
      </trkpt>
      <trkpt lat="42.30606" lon="3.23563">
        <ele>285.5</ele>
      </trkpt>
      <trkpt lat="42.3056" lon="3.2374">
        <ele>287.7</ele>
      </trkpt>
      <trkpt lat="42.30619" lon="3.23797">
        <ele>287.5</ele>
      </trkpt>
      <trkpt lat="42.30854" lon="3.23569">
        <ele>290.4</ele>
      </trkpt>
      <trkpt lat="42.3092" lon="3.23382">
        <ele>275.1</ele>
      </trkpt>
      <trkpt lat="42.30921" lon="3.23324">
        <ele>270.8</ele>
      </trkpt>
      <trkpt lat="42.31146" lon="3.22993">
        <ele>238.4</ele>
      </trkpt>
      <trkpt lat="42.31168" lon="3.22983">
        <ele>235.5</ele>
      </trkpt>
      <trkpt lat="42.31323" lon="3.22705">
        <ele>209.0</ele>
      </trkpt>
      <trkpt lat="42.31339" lon="3.22679">
        <ele>210.9</ele>
      </trkpt>
      <trkpt lat="42.314" lon="3.2274">
        <ele>203.0</ele>
      </trkpt>
      <trkpt lat="42.31743" lon="3.22672">
        <ele>219.3</ele>
      </trkpt>
      <trkpt lat="42.31745" lon="3.22608">
        <ele>222.0</ele>
      </trkpt>
      <trkpt lat="42.31764" lon="3.22553">
        <ele>222.6</ele>
      </trkpt>
      <trkpt lat="42.32069" lon="3.22251">
        <ele>240.3</ele>
      </trkpt>
      <trkpt lat="42.32214" lon="3.22056">
        <ele>246.1</ele>
      </trkpt>
      <trkpt lat="42.32252" lon="3.22004">
        <ele>241.3</ele>
      </trkpt>
      <trkpt lat="42.32378" lon="3.22024">
        <ele>234.8</ele>
      </trkpt>
      <trkpt lat="42.32441" lon="3.21994">
        <ele>233.7</ele>
      </trkpt>
      <trkpt lat="42.32805" lon="3.21893">
        <ele>203.6</ele>
      </trkpt>
      <trkpt lat="42.32821" lon="3.2189">
        <ele>202.8</ele>
      </trkpt>
      <trkpt lat="42.33033" lon="3.21488">
        <ele>177.1</ele>
      </trkpt>
      <trkpt lat="42.33071" lon="3.21457">
        <ele>175.6</ele>
      </trkpt>
      <trkpt lat="42.33468" lon="3.21289">
        <ele>155.0</ele>
      </trkpt>
      <trkpt lat="42.3348" lon="3.2129">
        <ele>153.4</ele>
      </trkpt>
      <trkpt lat="42.33629" lon="3.21341">
        <ele>122.1</ele>
      </trkpt>
      <trkpt lat="42.33676" lon="3.21311">
        <ele>120.8</ele>
      </trkpt>
      <trkpt lat="42.33847" lon="3.20889">
        <ele>97.1</ele>
      </trkpt>
      <trkpt lat="42.33873" lon="3.20824">
        <ele>93.5</ele>
      </trkpt>
      <trkpt lat="42.3392" lon="3.20771">
        <ele>88.2</ele>
      </trkpt>
      <trkpt lat="42.34" lon="3.20734">
        <ele>82.7</ele>
      </trkpt>
      <trkpt lat="42.34263" lon="3.20677">
        <ele>86.5</ele>
      </trkpt>
      <trkpt lat="42.34465" lon="3.20758">
        <ele>52.5</ele>
      </trkpt>
      <trkpt lat="42.34579" lon="3.20584">
        <ele>35.8</ele>
      </trkpt>
      <trkpt lat="42.34587" lon="3.20579">
        <ele>34.0</ele>
      </trkpt>
      <trkpt lat="42.34667" lon="3.2039">
        <ele>25.0</ele>
      </trkpt>
      <trkpt lat="42.34601" lon="3.20342">
        <ele>12.6</ele>
      </trkpt>
      <trkpt lat="42.34422" lon="3.20249">
        <ele>20.1</ele>
      </trkpt>
      <trkpt lat="42.34107" lon="3.20346">
        <ele>2.1</ele>
      </trkpt>
      <trkpt lat="42.3396" lon="3.20418">
        <ele>2.8</ele>
      </trkpt>
      <trkpt lat="42.33802" lon="3.2027">
        <ele>1.0</ele>
      </trkpt>
      <trkpt lat="42.33659" lon="3.20362">
        <ele>1.3</ele>
      </trkpt>
      <trkpt lat="42.33565" lon="3.20274">
        <ele>2.0</ele>
      </trkpt>
      <trkpt lat="42.33452" lon="3.19668">
        <ele>7.0</ele>
      </trkpt>
      <trkpt lat="42.33543" lon="3.19578">
        <ele>1.7</ele>
      </trkpt>
      <trkpt lat="42.33617" lon="3.19428">
        <ele>4.0</ele>
      </trkpt>
      <trkpt lat="42.33825" lon="3.19169">
        <ele>13.2</ele>
      </trkpt>
      <trkpt lat="42.3397" lon="3.18996">
        <ele>10.4</ele>
      </trkpt>
      <trkpt lat="42.34047" lon="3.18946">
        <ele>5.3</ele>
      </trkpt>
      <trkpt lat="42.34221" lon="3.1875">
        <ele>9.1</ele>
      </trkpt>
      <trkpt lat="42.34307" lon="3.18566">
        <ele>3.2</ele>
      </trkpt>
      <trkpt lat="42.34345" lon="3.18542">
        <ele>2.9</ele>
      </trkpt>
      <trkpt lat="42.34605" lon="3.18546">
        <ele>3.8</ele>
      </trkpt>
      <trkpt lat="42.34837" lon="3.18581">
        <ele>16.4</ele>
      </trkpt>
      <trkpt lat="42.34994" lon="3.186">
        <ele>13.0</ele>
      </trkpt>
      <trkpt lat="42.35001" lon="3.18514">
        <ele>15.4</ele>
      </trkpt>
      <trkpt lat="42.35102" lon="3.18275">
        <ele>5.9</ele>
      </trkpt>
      <trkpt lat="42.35228" lon="3.18145">
        <ele>3.6</ele>
      </trkpt>
      <trkpt lat="42.35274" lon="3.17918">
        <ele>9.9</ele>
      </trkpt>
      <trkpt lat="42.3526" lon="3.17813">
        <ele>6.4</ele>
      </trkpt>
      <trkpt lat="42.35339" lon="3.17595">
        <ele>16.8</ele>
      </trkpt>
      <trkpt lat="42.3555" lon="3.17183">
        <ele>7.9</ele>
      </trkpt>
      <trkpt lat="42.35644" lon="3.17131">
        <ele>17.0</ele>
      </trkpt>
      <trkpt lat="42.35769" lon="3.17059">
        <ele>4.1</ele>
      </trkpt>
      <trkpt lat="42.35778" lon="3.16838">
        <ele>19.3</ele>
      </trkpt>
      <trkpt lat="42.35962" lon="3.16523">
        <ele>10.9</ele>
      </trkpt>
      <trkpt lat="42.3596" lon="3.16224">
        <ele>36.1</ele>
      </trkpt>
      <trkpt lat="42.35969" lon="3.16198">
        <ele>35.8</ele>
      </trkpt>
      <trkpt lat="42.36169" lon="3.16166">
        <ele>40.0</ele>
      </trkpt>
      <trkpt lat="42.36289" lon="3.16036">
        <ele>32.1</ele>
      </trkpt>
      <trkpt lat="42.36324" lon="3.15998">
        <ele>32.7</ele>
      </trkpt>
      <trkpt lat="42.36632" lon="3.16073">
        <ele>18.1</ele>
      </trkpt>
      <trkpt lat="42.36706" lon="3.16012">
        <ele>14.1</ele>
      </trkpt>
      <trkpt lat="42.36831" lon="3.15825">
        <ele>6.1</ele>
      </trkpt>
      <trkpt lat="42.36767" lon="3.15664">
        <ele>3.0</ele>
      </trkpt>
      <trkpt lat="42.36708" lon="3.15552">
        <ele>3.5</ele>
      </trkpt>
      <trkpt lat="42.36423" lon="3.15342">
        <ele>6.2</ele>
      </trkpt>
      <trkpt lat="42.36327" lon="3.15224">
        <ele>6.0</ele>
      </trkpt>
      <trkpt lat="42.36332" lon="3.15094">
        <ele>5.1</ele>
      </trkpt>
      <trkpt lat="42.36233" lon="3.1478">
        <ele>8.0</ele>
      </trkpt>
      <trkpt lat="42.36274" lon="3.14589">
        <ele>5.5</ele>
      </trkpt>
      <trkpt lat="42.36201" lon="3.14308">
        <ele>10.0</ele>
      </trkpt>
      <trkpt lat="42.36203" lon="3.14234">
        <ele>9.0</ele>
      </trkpt>
      <trkpt lat="42.36217" lon="3.14139">
        <ele>9.0</ele>
      </trkpt>
      <trkpt lat="42.36394" lon="3.13706">
        <ele>33.4</ele>
      </trkpt>
      <trkpt lat="42.36432" lon="3.13674">
        <ele>37.4</ele>
      </trkpt>
      <trkpt lat="42.3667" lon="3.13358">
        <ele>72.5</ele>
      </trkpt>
      <trkpt lat="42.36721" lon="3.13233">
        <ele>85.3</ele>
      </trkpt>
      <trkpt lat="42.36859" lon="3.12981">
        <ele>114.5</ele>
      </trkpt>
      <trkpt lat="42.36862" lon="3.12792">
        <ele>121.7</ele>
      </trkpt>
      <trkpt lat="42.36858" lon="3.1273">
        <ele>121.4</ele>
      </trkpt>
      <trkpt lat="42.36869" lon="3.12159">
        <ele>161.0</ele>
      </trkpt>
      <trkpt lat="42.36929" lon="3.11932">
        <ele>158.1</ele>
      </trkpt>
      <trkpt lat="42.37026" lon="3.11728">
        <ele>181.1</ele>
      </trkpt>
      <trkpt lat="42.37072" lon="3.11654">
        <ele>192.4</ele>
      </trkpt>
      <trkpt lat="42.36968" lon="3.11374">
        <ele>228.7</ele>
      </trkpt>
      <trkpt lat="42.3706" lon="3.11166">
        <ele>232.6</ele>
      </trkpt>
      <trkpt lat="42.37095" lon="3.10908">
        <ele>239.2</ele>
      </trkpt>
      <trkpt lat="42.37251" lon="3.10716">
        <ele>217.9</ele>
      </trkpt>
      <trkpt lat="42.37303" lon="3.10683">
        <ele>214.2</ele>
      </trkpt>
      <trkpt lat="42.37313" lon="3.10659">
        <ele>214.1</ele>
      </trkpt>
      <trkpt lat="42.3721" lon="3.10205">
        <ele>172.7</ele>
      </trkpt>
      <trkpt lat="42.37202" lon="3.10185">
        <ele>171.2</ele>
      </trkpt>
      <trkpt lat="42.37095" lon="3.0999">
        <ele>160.1</ele>
      </trkpt>
      <trkpt lat="42.36897" lon="3.0982">
        <ele>142.0</ele>
      </trkpt>
      <trkpt lat="42.36869" lon="3.0976">
        <ele>139.2</ele>
      </trkpt>
      <trkpt lat="42.36667" lon="3.09868">
        <ele>107.5</ele>
      </trkpt>
      <trkpt lat="42.36752" lon="3.09629">
        <ele>139.9</ele>
      </trkpt>
      <trkpt lat="42.36984" lon="3.09363">
        <ele>178.8</ele>
      </trkpt>
      <trkpt lat="42.37009" lon="3.09332">
        <ele>180.7</ele>
      </trkpt>
      <trkpt lat="42.37261" lon="3.09041">
        <ele>202.8</ele>
      </trkpt>
      <trkpt lat="42.37277" lon="3.09">
        <ele>203.3</ele>
      </trkpt>
      <trkpt lat="42.37367" lon="3.08727">
        <ele>213.6</ele>
      </trkpt>
      <trkpt lat="42.37479" lon="3.08621">
        <ele>216.0</ele>
      </trkpt>
      <trkpt lat="42.375" lon="3.0861">
        <ele>213.4</ele>
      </trkpt>
      <trkpt lat="42.37733" lon="3.08464">
        <ele>221.8</ele>
      </trkpt>
      <trkpt lat="42.3787" lon="3.08384">
        <ele>215.4</ele>
      </trkpt>
      <trkpt lat="42.38178" lon="3.08154">
        <ele>234.2</ele>
      </trkpt>
      <trkpt lat="42.38183" lon="3.08145">
        <ele>235.5</ele>
      </trkpt>
      <trkpt lat="42.37925" lon="3.08085">
        <ele>259.1</ele>
      </trkpt>
      <trkpt lat="42.38097" lon="3.07874">
        <ele>254.3</ele>
      </trkpt>
      <trkpt lat="42.381" lon="3.07387">
        <ele>225.9</ele>
      </trkpt>
      <trkpt lat="42.38089" lon="3.0734">
        <ele>221.2</ele>
      </trkpt>
      <trkpt lat="42.3807" lon="3.07249">
        <ele>211.1</ele>
      </trkpt>
      <trkpt lat="42.37803" lon="3.07014">
        <ele>197.7</ele>
      </trkpt>
      <trkpt lat="42.3777" lon="3.06944">
        <ele>191.4</ele>
      </trkpt>
      <trkpt lat="42.37526" lon="3.06699">
        <ele>159.8</ele>
      </trkpt>
      <trkpt lat="42.37554" lon="3.06619">
        <ele>152.0</ele>
      </trkpt>
      <trkpt lat="42.37747" lon="3.06358">
        <ele>135.5</ele>
      </trkpt>
      <trkpt lat="42.37946" lon="3.061">
        <ele>123.7</ele>
      </trkpt>
      <trkpt lat="42.38155" lon="3.05802">
        <ele>138.0</ele>
      </trkpt>
      <trkpt lat="42.38211" lon="3.05678">
        <ele>138.8</ele>
      </trkpt>
      <trkpt lat="42.38198" lon="3.05651">
        <ele>139.2</ele>
      </trkpt>
      <trkpt lat="42.38088" lon="3.05434">
        <ele>136.2</ele>
      </trkpt>
      <trkpt lat="42.37982" lon="3.05364">
        <ele>135.1</ele>
      </trkpt>
      <trkpt lat="42.37747" lon="3.04972">
        <ele>107.9</ele>
      </trkpt>
      <trkpt lat="42.37667" lon="3.04744">
        <ele>117.5</ele>
      </trkpt>
      <trkpt lat="42.37602" lon="3.04624">
        <ele>110.9</ele>
      </trkpt>
      <trkpt lat="42.37707" lon="3.04612">
        <ele>99.2</ele>
      </trkpt>
      <trkpt lat="42.37752" lon="3.04599">
        <ele>96.6</ele>
      </trkpt>
      <trkpt lat="42.38016" lon="3.04502">
        <ele>85.7</ele>
      </trkpt>
      <trkpt lat="42.3812" lon="3.04441">
        <ele>94.6</ele>
      </trkpt>
      <trkpt lat="42.38325" lon="3.04189">
        <ele>113.2</ele>
      </trkpt>
      <trkpt lat="42.38331" lon="3.04047">
        <ele>116.2</ele>
      </trkpt>
      <trkpt lat="42.38354" lon="3.04011">
        <ele>118.0</ele>
      </trkpt>
      <trkpt lat="42.3838" lon="3.03988">
        <ele>138.0</ele>
        <time>2026-09-02T06:16:04Z</time>
      </trkpt>
      <trkpt lat="42.38141" lon="3.03383">
        <ele>91.2</ele>
      </trkpt>
      <trkpt lat="42.38095" lon="3.03288">
        <ele>106.6</ele>
        <time>2026-09-02T06:12:20Z</time>
      </trkpt>
      <trkpt lat="42.37873" lon="3.0303">
        <ele>75.0</ele>
        <time>2026-09-02T06:09:40Z</time>
      </trkpt>
      <trkpt lat="42.37842" lon="3.02873">
        <ele>93.8</ele>
        <time>2026-09-02T06:09:08Z</time>
      </trkpt>
      <trkpt lat="42.38011" lon="3.02708">
        <ele>135.6</ele>
        <time>2026-09-02T06:07:16Z</time>
      </trkpt>
      <trkpt lat="42.38049" lon="3.02705">
        <ele>117.7</ele>
        <time>2026-09-02T06:07:08Z</time>
      </trkpt>
      <trkpt lat="42.38421" lon="3.0262">
        <ele>159.2</ele>
        <time>2026-09-02T06:06:04Z</time>
      </trkpt>
      <trkpt lat="42.38643" lon="3.02506">
        <ele>160.2</ele>
        <time>2026-09-02T06:05:16Z</time>
      </trkpt>
      <trkpt lat="42.38795" lon="3.02374">
        <ele>164.8</ele>
        <time>2026-09-02T06:04:44Z</time>
      </trkpt>
      <trkpt lat="42.38908" lon="3.02303">
        <ele>165.8</ele>
        <time>2026-09-02T06:04:12Z</time>
      </trkpt>
      <trkpt lat="42.38873" lon="3.02155">
        <ele>170.8</ele>
        <time>2026-09-02T06:03:46Z</time>
      </trkpt>
      <trkpt lat="42.38786" lon="3.01914">
        <ele>141.0</ele>
      </trkpt>
      <trkpt lat="42.38786" lon="3.01903">
        <ele>158.4</ele>
        <time>2026-09-02T06:02:18Z</time>
      </trkpt>
      <trkpt lat="42.38896" lon="3.01699">
        <ele>160.8</ele>
        <time>2026-09-02T06:01:26Z</time>
      </trkpt>
      <trkpt lat="42.39056" lon="3.01585">
        <ele>124.3</ele>
      </trkpt>
      <trkpt lat="42.39064" lon="3.01568">
        <ele>142.6</ele>
        <time>2026-09-02T05:59:42Z</time>
      </trkpt>
      <trkpt lat="42.39046" lon="3.01367">
        <ele>116.2</ele>
      </trkpt>
      <trkpt lat="42.38937" lon="3.0115">
        <ele>145.6</ele>
        <time>2026-09-02T05:57:46Z</time>
      </trkpt>
      <trkpt lat="42.38908" lon="3.01066">
        <ele>118.0</ele>
        <time>2026-09-02T05:55:14Z</time>
      </trkpt>
      <trkpt lat="42.38948" lon="3.00918">
        <ele>129.6</ele>
        <time>2026-09-02T05:54:10Z</time>
      </trkpt>
      <trkpt lat="42.38938" lon="3.00771">
        <ele>95.1</ele>
        <time>2026-09-02T05:53:10Z</time>
      </trkpt>
      <trkpt lat="42.39025" lon="3.00357">
        <ele>101.3</ele>
      </trkpt>
      <trkpt lat="42.39063" lon="3.00067">
        <ele>135.6</ele>
        <time>2026-09-02T05:50:23Z</time>
      </trkpt>
      <trkpt lat="42.39091" lon="3.00012">
        <ele>110.7</ele>
        <time>2026-09-02T05:50:03Z</time>
      </trkpt>
      <trkpt lat="42.39198" lon="3.00104">
        <ele>144.6</ele>
        <time>2026-09-02T05:46:31Z</time>
      </trkpt>
      <trkpt lat="42.39323" lon="3.00284">
        <ele>106.1</ele>
        <time>2026-09-02T05:45:19Z</time>
      </trkpt>
      <trkpt lat="42.39478" lon="3.00556">
        <ele>128.3</ele>
        <time>2026-09-02T05:44:05Z</time>
      </trkpt>
      <trkpt lat="42.3969" lon="3.00721">
        <ele>148.9</ele>
        <time>2026-09-02T05:43:39Z</time>
      </trkpt>
      <trkpt lat="42.39794" lon="3.00741">
        <ele>170.4</ele>
        <time>2026-09-02T05:43:19Z</time>
      </trkpt>
      <trkpt lat="42.39868" lon="3.00767">
        <ele>147.4</ele>
      </trkpt>
      <trkpt lat="42.4016" lon="3.00777">
        <ele>193.2</ele>
        <time>2026-09-02T05:42:41Z</time>
      </trkpt>
      <trkpt lat="42.40277" lon="3.00815">
        <ele>175.6</ele>
        <time>2026-09-02T05:42:33Z</time>
      </trkpt>
      <trkpt lat="42.4063" lon="3.00989">
        <ele>152.1</ele>
      </trkpt>
      <trkpt lat="42.40805" lon="3.0108">
        <ele>158.2</ele>
      </trkpt>
      <trkpt lat="42.40924" lon="3.01266">
        <ele>145.2</ele>
      </trkpt>
      <trkpt lat="42.41013" lon="3.01274">
        <ele>148.0</ele>
      </trkpt>
      <trkpt lat="42.41316" lon="3.01138">
        <ele>151.5</ele>
        <time>2026-09-02T05:34:43Z</time>
      </trkpt>
      <trkpt lat="42.41374" lon="3.01248">
        <ele>152.3</ele>
        <time>2026-09-02T05:34:33Z</time>
      </trkpt>
      <trkpt lat="42.41503" lon="3.01285">
        <ele>166.0</ele>
        <time>2026-09-02T05:34:19Z</time>
      </trkpt>
      <trkpt lat="42.41521" lon="3.01301">
        <ele>195.4</ele>
        <time>2026-09-02T05:34:17Z</time>
      </trkpt>
      <trkpt lat="42.41635" lon="3.01677">
        <ele>203.6</ele>
        <time>2026-09-02T05:33:39Z</time>
      </trkpt>
      <trkpt lat="42.41603" lon="3.0178">
        <ele>184.6</ele>
      </trkpt>
      <trkpt lat="42.41866" lon="3.01888">
        <ele>188.4</ele>
        <time>2026-09-02T05:32:47Z</time>
      </trkpt>
      <trkpt lat="42.41948" lon="3.02284">
        <ele>208.8</ele>
        <time>2026-09-02T05:32:01Z</time>
      </trkpt>
      <trkpt lat="42.42009" lon="3.02381">
        <ele>204.8</ele>
        <time>2026-09-02T05:31:45Z</time>
      </trkpt>
      <trkpt lat="42.42304" lon="3.02209">
        <ele>216.2</ele>
        <time>2026-09-02T05:30:13Z</time>
      </trkpt>
      <trkpt lat="42.42427" lon="3.02151">
        <ele>189.3</ele>
        <time>2026-09-02T05:29:41Z</time>
      </trkpt>
      <trkpt lat="42.42454" lon="3.02172">
        <ele>187.9</ele>
        <time>2026-09-02T05:29:35Z</time>
      </trkpt>
      <trkpt lat="42.42685" lon="3.02625">
        <ele>194.5</ele>
        <time>2026-09-02T05:28:43Z</time>
      </trkpt>
      <trkpt lat="42.42705" lon="3.02649">
        <ele>196.2</ele>
        <time>2026-09-02T05:28:39Z</time>
      </trkpt>
      <trkpt lat="42.42832" lon="3.02796">
        <ele>204.0</ele>
        <time>2026-09-02T05:28:19Z</time>
      </trkpt>
      <trkpt lat="42.42983" lon="3.02787">
        <ele>205.2</ele>
        <time>2026-09-02T05:27:55Z</time>
      </trkpt>
      <trkpt lat="42.43103" lon="3.02719">
        <ele>203.8</ele>
        <time>2026-09-02T05:27:37Z</time>
      </trkpt>
      <trkpt lat="42.43198" lon="3.02779">
        <ele>207.9</ele>
        <time>2026-09-02T05:27:25Z</time>
      </trkpt>
      <trkpt lat="42.43224" lon="3.02833">
        <ele>237.8</ele>
        <time>2026-09-02T05:27:21Z</time>
      </trkpt>
      <trkpt lat="42.43365" lon="3.03705">
        <ele>216.6</ele>
      </trkpt>
      <trkpt lat="42.43372" lon="3.03738">
        <ele>238.6</ele>
        <time>2026-09-02T05:25:29Z</time>
      </trkpt>
      <trkpt lat="42.43387" lon="3.03767">
        <ele>217.9</ele>
        <time>2026-09-02T05:25:27Z</time>
      </trkpt>
      <trkpt lat="42.43412" lon="3.03784">
        <ele>218.0</ele>
        <time>2026-09-02T05:25:23Z</time>
      </trkpt>
      <trkpt lat="42.43453" lon="3.03803">
        <ele>241.0</ele>
        <time>2026-09-02T05:25:17Z</time>
      </trkpt>
      <trkpt lat="42.43776" lon="3.04073">
        <ele>233.3</ele>
        <time>2026-09-02T05:24:33Z</time>
      </trkpt>
      <trkpt lat="42.43939" lon="3.04398">
        <ele>264.8</ele>
        <time>2026-09-02T05:23:53Z</time>
      </trkpt>
      <trkpt lat="42.441" lon="3.04652">
        <ele>239.7</ele>
        <time>2026-09-02T05:23:23Z</time>
      </trkpt>
      <trkpt lat="42.44376" lon="3.04827">
        <ele>272.7</ele>
      </trkpt>
      <trkpt lat="42.44452" lon="3.04883">
        <ele>279.6</ele>
      </trkpt>
      <trkpt lat="42.44495" lon="3.04923">
        <ele>284.2</ele>
        <time>2026-09-02T05:22:51Z</time>
      </trkpt>
      <trkpt lat="42.44483" lon="3.05361">
        <ele>309.0</ele>
        <time>2026-09-02T05:22:17Z</time>
      </trkpt>
      <trkpt lat="42.44526" lon="3.05412">
        <ele>313.1</ele>
      </trkpt>
      <trkpt lat="42.44677" lon="3.05607">
        <ele>330.4</ele>
        <time>2026-09-02T05:21:45Z</time>
      </trkpt>
      <trkpt lat="42.44778" lon="3.05554">
        <ele>353.6</ele>
        <time>2026-09-02T05:21:34Z</time>
      </trkpt>
      <trkpt lat="42.44884" lon="3.05477">
        <ele>346.2</ele>
      </trkpt>
      <trkpt lat="42.45207" lon="3.05395">
        <ele>374.2</ele>
        <time>2026-09-02T05:19:17Z</time>
      </trkpt>
      <trkpt lat="42.45272" lon="3.05456">
        <ele>375.2</ele>
        <time>2026-09-02T05:18:59Z</time>
      </trkpt>
      <trkpt lat="42.4546" lon="3.05379">
        <ele>378.8</ele>
        <time>2026-09-02T05:18:09Z</time>
      </trkpt>
      <trkpt lat="42.45656" lon="3.05336">
        <ele>377.2</ele>
        <time>2026-09-02T05:17:05Z</time>
      </trkpt>
      <trkpt lat="42.45699" lon="3.05315">
        <ele>377.0</ele>
        <time>2026-09-02T05:16:53Z</time>
      </trkpt>
      <trkpt lat="42.45703" lon="3.05702">
        <ele>374.2</ele>
        <time>2026-09-02T05:15:31Z</time>
      </trkpt>
      <trkpt lat="42.45742" lon="3.05722">
        <ele>373.6</ele>
        <time>2026-09-02T05:15:19Z</time>
      </trkpt>
      <trkpt lat="42.45798" lon="3.057">
        <ele>373.4</ele>
        <time>2026-09-02T05:15:03Z</time>
      </trkpt>
      <trkpt lat="42.45947" lon="3.05652">
        <ele>372.8</ele>
        <time>2026-09-02T05:14:19Z</time>
      </trkpt>
      <trkpt lat="42.46025" lon="3.05968">
        <ele>367.2</ele>
        <time>2026-09-02T05:12:59Z</time>
      </trkpt>
      <trkpt lat="42.4604" lon="3.06031">
        <ele>366.6</ele>
        <time>2026-09-02T05:12:43Z</time>
      </trkpt>
      <trkpt lat="42.46073" lon="3.06092">
        <ele>363.8</ele>
        <time>2026-09-02T05:11:51Z</time>
      </trkpt>
      <trkpt lat="42.46288" lon="3.05828">
        <ele>350.6</ele>
        <time>2026-09-02T05:09:19Z</time>
      </trkpt>
      <trkpt lat="42.46331" lon="3.05797">
        <ele>349.2</ele>
        <time>2026-09-02T05:09:03Z</time>
      </trkpt>
      <trkpt lat="42.46326" lon="3.05599">
        <ele>344.2</ele>
        <time>2026-09-02T05:08:11Z</time>
      </trkpt>
      <trkpt lat="42.46331" lon="3.05594">
        <ele>344.2</ele>
        <time>2026-09-02T05:08:09Z</time>
      </trkpt>
      <trkpt lat="42.46524" lon="3.06099">
        <ele>337.8</ele>
        <time>2026-09-02T05:05:39Z</time>
      </trkpt>
      <trkpt lat="42.46556" lon="3.06143">
        <ele>339.8</ele>
        <time>2026-09-02T05:05:31Z</time>
      </trkpt>
      <trkpt lat="42.46661" lon="3.05972">
        <ele>349.2</ele>
        <time>2026-09-02T05:05:07Z</time>
      </trkpt>
      <trkpt lat="42.46709" lon="3.05941">
        <ele>353.2</ele>
        <time>2026-09-02T05:04:59Z</time>
      </trkpt>
      <trkpt lat="42.46894" lon="3.05581">
        <ele>370.8</ele>
        <time>2026-09-02T05:03:57Z</time>
      </trkpt>
      <trkpt lat="42.46905" lon="3.05543">
        <ele>370.2</ele>
        <time>2026-09-02T05:03:49Z</time>
      </trkpt>
      <trkpt lat="42.47094" lon="3.0566">
        <ele>369.8</ele>
        <time>2026-09-02T05:02:47Z</time>
      </trkpt>
      <trkpt lat="42.47101" lon="3.0581">
        <ele>371.2</ele>
        <time>2026-09-02T05:02:15Z</time>
      </trkpt>
      <trkpt lat="42.47093" lon="3.05914">
        <ele>369.6</ele>
        <time>2026-09-02T05:01:51Z</time>
      </trkpt>
      <trkpt lat="42.47065" lon="3.06015">
        <ele>367.2</ele>
        <time>2026-09-02T05:01:27Z</time>
      </trkpt>
      <trkpt lat="42.47072" lon="3.06053">
        <ele>367.8</ele>
        <time>2026-09-02T05:01:19Z</time>
      </trkpt>
      <trkpt lat="42.4737" lon="3.0598">
        <ele>373.8</ele>
        <time>2026-09-02T04:59:17Z</time>
      </trkpt>
      <trkpt lat="42.47401" lon="3.06071">
        <ele>373.2</ele>
        <time>2026-09-02T04:58:19Z</time>
      </trkpt>
      <trkpt lat="42.47545" lon="3.06102">
        <ele>385.4</ele>
        <time>2026-09-02T04:57:35Z</time>
      </trkpt>
      <trkpt lat="42.47542" lon="3.06118">
        <ele>385.6</ele>
        <time>2026-09-02T04:57:31Z</time>
      </trkpt>
      <trkpt lat="42.47564" lon="3.06461">
        <ele>364.6</ele>
        <time>2026-09-01T18:34:45Z</time>
      </trkpt>
      <trkpt lat="42.47454" lon="3.06747">
        <ele>387.8</ele>
        <time>2026-09-01T18:33:33Z</time>
      </trkpt>
      <trkpt lat="42.47534" lon="3.0675">
        <ele>393.4</ele>
        <time>2026-09-01T18:32:04Z</time>
      </trkpt>
      <trkpt lat="42.47559" lon="3.06716">
        <ele>394.8</ele>
        <time>2026-09-01T18:31:56Z</time>
      </trkpt>
      <trkpt lat="42.47948" lon="3.06657">
        <ele>404.8</ele>
        <time>2026-09-01T18:30:44Z</time>
      </trkpt>
      <trkpt lat="42.47971" lon="3.06661">
        <ele>405.6</ele>
        <time>2026-09-01T18:30:40Z</time>
      </trkpt>
      <trkpt lat="42.48018" lon="3.06647">
        <ele>407.6</ele>
        <time>2026-09-01T18:30:32Z</time>
      </trkpt>
      <trkpt lat="42.48314" lon="3.06947">
        <ele>415.8</ele>
        <time>2026-09-01T18:29:08Z</time>
      </trkpt>
      <trkpt lat="42.48341" lon="3.07074">
        <ele>417.8</ele>
        <time>2026-09-01T18:28:44Z</time>
      </trkpt>
      <trkpt lat="42.48243" lon="3.07477">
        <ele>414.8</ele>
        <time>2026-09-01T18:27:16Z</time>
      </trkpt>
      <trkpt lat="42.4825" lon="3.07485">
        <ele>414.2</ele>
        <time>2026-09-01T18:27:12Z</time>
      </trkpt>
      <trkpt lat="42.48439" lon="3.07405">
        <ele>409.0</ele>
        <time>2026-09-01T18:26:08Z</time>
      </trkpt>
      <trkpt lat="42.48609" lon="3.07537">
        <ele>413.6</ele>
        <time>2026-09-01T18:24:45Z</time>
      </trkpt>
      <trkpt lat="42.4861" lon="3.07635">
        <ele>410.4</ele>
        <time>2026-09-01T18:24:13Z</time>
      </trkpt>
      <trkpt lat="42.48627" lon="3.07691">
        <ele>406.4</ele>
        <time>2026-09-01T18:23:49Z</time>
      </trkpt>
      <trkpt lat="42.4857" lon="3.08093">
        <ele>394.2</ele>
        <time>2026-09-01T18:21:45Z</time>
      </trkpt>
      <trkpt lat="42.4858" lon="3.08126">
        <ele>394.0</ele>
        <time>2026-09-01T18:21:37Z</time>
      </trkpt>
      <trkpt lat="42.48353" lon="3.08509">
        <ele>385.2</ele>
        <time>2026-09-01T18:18:16Z</time>
      </trkpt>
      <trkpt lat="42.48359" lon="3.08518">
        <ele>384.8</ele>
        <time>2026-09-01T18:18:08Z</time>
      </trkpt>
      <trkpt lat="42.48396" lon="3.08509">
        <ele>384.8</ele>
        <time>2026-09-01T18:17:56Z</time>
      </trkpt>
      <trkpt lat="42.4859" lon="3.0863">
        <ele>382.8</ele>
        <time>2026-09-01T18:17:04Z</time>
      </trkpt>
      <trkpt lat="42.48797" lon="3.08623">
        <ele>382.2</ele>
        <time>2026-09-01T18:16:08Z</time>
      </trkpt>
      <trkpt lat="42.49037" lon="3.08767">
        <ele>379.2</ele>
        <time>2026-09-01T18:11:17Z</time>
      </trkpt>
      <trkpt lat="42.49056" lon="3.08632">
        <ele>370.8</ele>
        <time>2026-09-01T18:10:13Z</time>
      </trkpt>
      <trkpt lat="42.49047" lon="3.08557">
        <ele>366.8</ele>
        <time>2026-09-01T18:09:41Z</time>
      </trkpt>
      <trkpt lat="42.49052" lon="3.08553">
        <ele>366.4</ele>
        <time>2026-09-01T18:09:37Z</time>
      </trkpt>
      <trkpt lat="42.49161" lon="3.08878">
        <ele>333.8</ele>
        <time>2026-09-01T18:05:37Z</time>
      </trkpt>
      <trkpt lat="42.49163" lon="3.09051">
        <ele>322.6</ele>
        <time>2026-09-01T18:04:17Z</time>
      </trkpt>
      <trkpt lat="42.49231" lon="3.08934">
        <ele>299.2</ele>
        <time>2026-09-01T18:00:28Z</time>
      </trkpt>
      <trkpt lat="42.49236" lon="3.09076">
        <ele>289.2</ele>
        <time>2026-09-01T17:59:24Z</time>
      </trkpt>
      <trkpt lat="42.4926" lon="3.09354">
        <ele>270.2</ele>
        <time>2026-09-01T17:57:16Z</time>
      </trkpt>
      <trkpt lat="42.49282" lon="3.09178">
        <ele>261.2</ele>
        <time>2026-09-01T17:56:12Z</time>
      </trkpt>
      <trkpt lat="42.49325" lon="3.09023">
        <ele>260.6</ele>
        <time>2026-09-01T17:55:32Z</time>
      </trkpt>
      <trkpt lat="42.49364" lon="3.08892">
        <ele>253.4</ele>
        <time>2026-09-01T17:53:47Z</time>
      </trkpt>
      <trkpt lat="42.49486" lon="3.09071">
        <ele>221.6</ele>
        <time>2026-09-01T17:50:31Z</time>
      </trkpt>
      <trkpt lat="42.49501" lon="3.09101">
        <ele>219.6</ele>
        <time>2026-09-01T17:50:15Z</time>
      </trkpt>
      <trkpt lat="42.49588" lon="3.0925">
        <ele>177.2</ele>
        <time>2026-09-01T17:45:43Z</time>
      </trkpt>
      <trkpt lat="42.49563" lon="3.0926">
        <ele>175.4</ele>
        <time>2026-09-01T17:45:27Z</time>
      </trkpt>
      <trkpt lat="42.49686" lon="3.09166">
        <ele>138.6</ele>
        <time>2026-09-01T17:39:18Z</time>
      </trkpt>
      <trkpt lat="42.49706" lon="3.09211">
        <ele>135.0</ele>
        <time>2026-09-01T17:38:54Z</time>
      </trkpt>
      <trkpt lat="42.49714" lon="3.09326">
        <ele>114.4</ele>
        <time>2026-09-01T17:36:38Z</time>
      </trkpt>
      <trkpt lat="42.49777" lon="3.09058">
        <ele>100.0</ele>
        <time>2026-09-01T17:34:38Z</time>
      </trkpt>
      <trkpt lat="42.49887" lon="3.08994">
        <ele>87.0</ele>
        <time>2026-09-01T17:32:02Z</time>
      </trkpt>
      <trkpt lat="42.4995" lon="3.08946">
        <ele>102.6</ele>
        <time>2026-09-01T17:31:14Z</time>
      </trkpt>
      <trkpt lat="42.49937" lon="3.08857">
        <ele>103.0</ele>
        <time>2026-09-01T17:30:42Z</time>
      </trkpt>
      <trkpt lat="42.50009" lon="3.08408">
        <ele>132.2</ele>
        <time>2026-09-01T17:29:38Z</time>
      </trkpt>
      <trkpt lat="42.50036" lon="3.08314">
        <ele>136.2</ele>
        <time>2026-09-01T17:29:22Z</time>
      </trkpt>
      <trkpt lat="42.50203" lon="3.08046">
        <ele>188.6</ele>
        <time>2026-09-01T17:27:28Z</time>
      </trkpt>
      <trkpt lat="42.50152" lon="3.08016">
        <ele>193.4</ele>
        <time>2026-09-01T17:27:20Z</time>
      </trkpt>
      <trkpt lat="42.50148" lon="3.07815">
        <ele>210.2</ele>
        <time>2026-09-01T17:26:48Z</time>
      </trkpt>
      <trkpt lat="42.50305" lon="3.07954">
        <ele>230.4</ele>
        <time>2026-09-01T17:24:45Z</time>
      </trkpt>
      <trkpt lat="42.50297" lon="3.07903">
        <ele>231.4</ele>
        <time>2026-09-01T17:24:29Z</time>
      </trkpt>
      <trkpt lat="42.50349" lon="3.07779">
        <ele>221.6</ele>
        <time>2026-09-01T17:23:25Z</time>
      </trkpt>
      <trkpt lat="42.50443" lon="3.07545">
        <ele>201.6</ele>
        <time>2026-09-01T17:21:25Z</time>
      </trkpt>
      <trkpt lat="42.50408" lon="3.07716">
        <ele>189.2</ele>
        <time>2026-09-01T17:20:01Z</time>
      </trkpt>
      <trkpt lat="42.50407" lon="3.07733">
        <ele>187.6</ele>
        <time>2026-09-01T17:19:53Z</time>
      </trkpt>
      <trkpt lat="42.50478" lon="3.07834">
        <ele>175.6</ele>
        <time>2026-09-01T17:18:22Z</time>
      </trkpt>
      <trkpt lat="42.50747" lon="3.07668">
        <ele>143.3</ele>
      </trkpt>
      <trkpt lat="42.50934" lon="3.07565">
        <ele>132.5</ele>
      </trkpt>
      <trkpt lat="42.50949" lon="3.07767">
        <ele>150.2</ele>
      </trkpt>
      <trkpt lat="42.5103" lon="3.07773">
        <ele>138.3</ele>
      </trkpt>
      <trkpt lat="42.51182" lon="3.0796">
        <ele>156.6</ele>
      </trkpt>
      <trkpt lat="42.51245" lon="3.08074">
        <ele>151.9</ele>
      </trkpt>
      <trkpt lat="42.51265" lon="3.08084">
        <ele>151.5</ele>
      </trkpt>
      <trkpt lat="42.51628" lon="3.07852">
        <ele>123.9</ele>
      </trkpt>
      <trkpt lat="42.51648" lon="3.07847">
        <ele>122.0</ele>
      </trkpt>
      <trkpt lat="42.51703" lon="3.07765">
        <ele>111.3</ele>
      </trkpt>
      <trkpt lat="42.5188" lon="3.07915">
        <ele>65.2</ele>
      </trkpt>
      <trkpt lat="42.51941" lon="3.07993">
        <ele>53.9</ele>
      </trkpt>
      <trkpt lat="42.52262" lon="3.07953">
        <ele>28.6</ele>
      </trkpt>
      <trkpt lat="42.52279" lon="3.07977">
        <ele>25.1</ele>
      </trkpt>
      <trkpt lat="42.52294" lon="3.08075">
        <ele>24.0</ele>
      </trkpt>
      <trkpt lat="42.52408" lon="3.08433">
        <ele>5.2</ele>
      </trkpt>
      <trkpt lat="42.52412" lon="3.08492">
        <ele>3.4</ele>
      </trkpt>
      <trkpt lat="42.5257" lon="3.08549">
        <ele>7.011</ele>
      </trkpt>
      <trkpt lat="42.5265" lon="3.08456">
        <ele>1.282</ele>
      </trkpt>
      <trkpt lat="42.52757" lon="3.08571">
        <ele>2.604</ele>
      </trkpt>
      <trkpt lat="42.52764" lon="3.0859">
        <ele>6.5</ele>
      </trkpt>
      <trkpt lat="42.5277" lon="3.0824">
        <ele>17.735</ele>
      </trkpt>
      <trkpt lat="42.52752" lon="3.08128">
        <ele>28.507</ele>
      </trkpt>
      <trkpt lat="42.53018" lon="3.07766">
        <ele>58.823</ele>
      </trkpt>
      <trkpt lat="42.53003" lon="3.07696">
        <ele>62.0</ele>
      </trkpt>
      <trkpt lat="42.53003" lon="3.07557">
        <ele>60.8</ele>
      </trkpt>
      <trkpt lat="42.53186" lon="3.07559">
        <ele>38.249</ele>
      </trkpt>
      <trkpt lat="42.53209" lon="3.07581">
        <ele>31.417</ele>
      </trkpt>
      <trkpt lat="42.53371" lon="3.07639">
        <ele>1.694</ele>
      </trkpt>
      <trkpt lat="42.53336" lon="3.07561">
        <ele>1.634</ele>
      </trkpt>
      <trkpt lat="42.53242" lon="3.07388">
        <ele>2.681</ele>
      </trkpt>
      <trkpt lat="42.53219" lon="3.07317">
        <ele>3.7</ele>
      </trkpt>
      <trkpt lat="42.53267" lon="3.07191">
        <ele>5.6</ele>
      </trkpt>
      <trkpt lat="42.53341" lon="3.06841">
        <ele>5.0</ele>
      </trkpt>
      <trkpt lat="42.53487" lon="3.06318">
        <ele>16.947</ele>
      </trkpt>
      <trkpt lat="42.53485" lon="3.05972">
        <ele>28.98</ele>
      </trkpt>
      <trkpt lat="42.53561" lon="3.05816">
        <ele>8.551</ele>
      </trkpt>
      <trkpt lat="42.53576" lon="3.05692">
        <ele>5.023</ele>
      </trkpt>
      <trkpt lat="42.53728" lon="3.0547">
        <ele>3.071</ele>
      </trkpt>
      <trkpt lat="42.53985" lon="3.05134">
        <ele>2.1</ele>
      </trkpt>
      <trkpt lat="42.53899" lon="3.04997">
        <ele>3.9</ele>
      </trkpt>
      <trkpt lat="42.53911" lon="3.04859">
        <ele>4.4</ele>
      </trkpt>
      <trkpt lat="42.54069" lon="3.04666">
        <ele>3.0</ele>
      </trkpt>
      <trkpt lat="42.54081" lon="3.04754">
        <ele>1.08</ele>
      </trkpt>
      <trkpt lat="42.54194" lon="3.04814">
        <ele>0.712</ele>
      </trkpt>
      <trkpt lat="42.54191" lon="3.0516">
        <ele>1.745</ele>
      </trkpt>
      <trkpt lat="42.54305" lon="3.05184">
        <ele>3.0</ele>
      </trkpt>
      <trkpt lat="42.54438" lon="3.05117">
        <ele>3.829</ele>
      </trkpt>
      <trkpt lat="42.54787" lon="3.04901">
        <ele>4.0</ele>
      </trkpt>
      <trkpt lat="42.55137" lon="3.04829">
        <ele>4.0</ele>
      </trkpt>
      <trkpt lat="42.55754" lon="3.04699">
        <ele>3.2</ele>
      </trkpt>
      <trkpt lat="42.55779" lon="3.04672">
        <ele>3.007</ele>
      </trkpt>
      <trkpt lat="42.55994" lon="3.0463">
        <ele>3.3</ele>
      </trkpt>
      <trkpt lat="42.56174" lon="3.04608">
        <ele>3.0</ele>
      </trkpt>
      <trkpt lat="42.56461" lon="3.04576">
        <ele>3.0</ele>
      </trkpt>
      <trkpt lat="42.56723" lon="3.04501">
        <ele>0.951</ele>
      </trkpt>
      <trkpt lat="42.5688" lon="3.04512">
        <ele>3.0</ele>
      </trkpt>
      <trkpt lat="42.57215" lon="3.04412">
        <ele>2.9</ele>
      </trkpt>
      <trkpt lat="42.57237" lon="3.04417">
        <ele>3.0</ele>
      </trkpt>
      <trkpt lat="42.57266" lon="3.04393">
        <ele>2.6</ele>
      </trkpt>
      <trkpt lat="42.57204" lon="3.04126">
        <ele>3.0</ele>
      </trkpt>
      <trkpt lat="42.57435" lon="3.04109">
        <ele>3.0</ele>
      </trkpt>
      <trkpt lat="42.57551" lon="3.04144">
        <ele>1.1</ele>
      </trkpt>
      <trkpt lat="42.57815" lon="3.03639">
        <ele>2.0</ele>
      </trkpt>
      <trkpt lat="42.57849" lon="3.03597">
        <ele>2.7</ele>
      </trkpt>
      <trkpt lat="42.57739" lon="3.03498">
        <ele>3.0</ele>
      </trkpt>
      <trkpt lat="42.57662" lon="3.03456">
        <ele>3.0</ele>
      </trkpt>
      <trkpt lat="42.57614" lon="3.03452">
        <ele>3.7</ele>
      </trkpt>
      <trkpt lat="42.57901" lon="3.0331">
        <ele>3.9</ele>
      </trkpt>
      <trkpt lat="42.57964" lon="3.03286">
        <ele>3.7</ele>
      </trkpt>
      <trkpt lat="42.58231" lon="3.0325">
        <ele>5.7</ele>
      </trkpt>
      <trkpt lat="42.58384" lon="3.03178">
        <ele>4.2</ele>
      </trkpt>
      <trkpt lat="42.58523" lon="3.0304">
        <ele>7.566</ele>
      </trkpt>
      <trkpt lat="42.58666" lon="3.02958">
        <ele>7.909</ele>
      </trkpt>
      <trkpt lat="42.58672" lon="3.02945">
        <ele>6.827</ele>
      </trkpt>
      <trkpt lat="42.58704" lon="3.03255">
        <ele>4.0</ele>
      </trkpt>
      <trkpt lat="42.58816" lon="3.03502">
        <ele>4.0</ele>
      </trkpt>
      <trkpt lat="42.58878" lon="3.03692">
        <ele>3.4</ele>
      </trkpt>
      <trkpt lat="42.5908" lon="3.0382">
        <ele>2.4</ele>
      </trkpt>
      <trkpt lat="42.59323" lon="3.03966">
        <ele>2.2</ele>
      </trkpt>
      <trkpt lat="42.59431" lon="3.0403">
        <ele>2.0</ele>
      </trkpt>
      <trkpt lat="42.59443" lon="3.03997">
        <ele>1.0</ele>
      </trkpt>
      <trkpt lat="42.59427" lon="3.03931">
        <ele>2.0</ele>
      </trkpt>
      <trkpt lat="42.59374" lon="3.0375">
        <ele>1.5</ele>
      </trkpt>
      <trkpt lat="42.59367" lon="3.03721">
        <ele>2.0</ele>
      </trkpt>
      <trkpt lat="42.59611" lon="3.03536">
        <ele>2.0</ele>
      </trkpt>
      <trkpt lat="42.5963" lon="3.03526">
        <ele>2.0</ele>
      </trkpt>
      <trkpt lat="42.5978" lon="3.03724">
        <ele>1.951</ele>
      </trkpt>
      <trkpt lat="42.60023" lon="3.03738">
        <ele>1.446</ele>
      </trkpt>
      <trkpt lat="42.60056" lon="3.03784">
        <ele>2.771</ele>
      </trkpt>
      <trkpt lat="42.60265" lon="3.0402">
        <ele>2.387</ele>
      </trkpt>
      <trkpt lat="42.60312" lon="3.03886">
        <ele>0.414</ele>
      </trkpt>
      <trkpt lat="42.60857" lon="3.03888">
        <ele>0.159</ele>
      </trkpt>
      <trkpt lat="42.60964" lon="3.03876">
        <ele>1.71</ele>
      </trkpt>
      <trkpt lat="42.61086" lon="3.03797">
        <ele>1.1</ele>
      </trkpt>
      <trkpt lat="42.61374" lon="3.03827">
        <ele>3.0</ele>
      </trkpt>
      <trkpt lat="42.61394" lon="3.03826">
        <ele>2.3</ele>
      </trkpt>
      <trkpt lat="42.61398" lon="3.03665">
        <ele>1.335</ele>
      </trkpt>
      <trkpt lat="42.61456" lon="3.03384">
        <ele>2.343</ele>
      </trkpt>
      <trkpt lat="42.61489" lon="3.03609">
        <ele>2.0</ele>
      </trkpt>
      <trkpt lat="42.61681" lon="3.03608">
        <ele>0.677</ele>
      </trkpt>
      <trkpt lat="42.61919" lon="3.03746">
        <ele>1.206</ele>
      </trkpt>
      <trkpt lat="42.61971" lon="3.038">
        <ele>2.0</ele>
      </trkpt>
      <trkpt lat="42.62191" lon="3.03535">
        <ele>1.516</ele>
      </trkpt>
      <trkpt lat="42.62262" lon="3.0363">
        <ele>1.056</ele>
      </trkpt>
      <trkpt lat="42.62307" lon="3.03723">
        <ele>2.0</ele>
      </trkpt>
      <trkpt lat="42.62354" lon="3.03654">
        <ele>2.859</ele>
      </trkpt>
      <trkpt lat="42.62499" lon="3.03634">
        <ele>3.0</ele>
      </trkpt>
      <trkpt lat="42.63214" lon="3.03524">
        <ele>3.0</ele>
      </trkpt>
      <trkpt lat="42.63323" lon="3.03507">
        <ele>3.0</ele>
      </trkpt>
      <trkpt lat="42.63483" lon="3.03493">
        <ele>2.252</ele>
      </trkpt>
      <trkpt lat="42.63867" lon="3.03423">
        <ele>2.0</ele>
      </trkpt>
      <trkpt lat="42.64094" lon="3.03349">
        <ele>2.0</ele>
      </trkpt>
      <trkpt lat="42.64122" lon="3.03285">
        <ele>2.3</ele>
      </trkpt>
      <trkpt lat="42.64047" lon="3.03251">
        <ele>2.337</ele>
      </trkpt>
      <trkpt lat="42.64001" lon="3.03171">
        <ele>2.968</ele>
      </trkpt>
      <trkpt lat="42.63828" lon="3.02304">
        <ele>2.0</ele>
      </trkpt>
      <trkpt lat="42.6397" lon="3.01714">
        <ele>1.1</ele>
      </trkpt>
      <trkpt lat="42.63959" lon="3.01665">
        <ele>1.5</ele>
      </trkpt>
      <trkpt lat="42.63927" lon="3.01612">
        <ele>1.6</ele>
      </trkpt>
      <trkpt lat="42.63859" lon="3.01567">
        <ele>1.4</ele>
      </trkpt>
      <trkpt lat="42.63621" lon="3.01269">
        <ele>2.0</ele>
      </trkpt>
      <trkpt lat="42.63593" lon="3.01164">
        <ele>2.0</ele>
      </trkpt>
      <trkpt lat="42.63651" lon="3.01077">
        <ele>1.0</ele>
      </trkpt>
      <trkpt lat="42.63828" lon="3.0071">
        <ele>2.0</ele>
      </trkpt>
      <trkpt lat="42.64064" lon="3.00726">
        <ele>1.96</ele>
      </trkpt>
      <trkpt lat="42.64102" lon="3.00613">
        <ele>1.946</ele>
      </trkpt>
      <trkpt lat="42.64109" lon="3.00571">
        <ele>2.0</ele>
      </trkpt>
      <trkpt lat="42.6412" lon="3.00176">
        <ele>3.0</ele>
      </trkpt>
      <trkpt lat="42.64243" lon="2.99869">
        <ele>2.2</ele>
      </trkpt>
      <trkpt lat="42.64236" lon="2.99846">
        <ele>2.0</ele>
      </trkpt>
      <trkpt lat="42.64055" lon="2.99527">
        <ele>3.9</ele>
      </trkpt>
      <trkpt lat="42.6378" lon="2.99188">
        <ele>4.1</ele>
      </trkpt>
      <trkpt lat="42.63805" lon="2.99165">
        <ele>3.0</ele>
      </trkpt>
      <trkpt lat="42.63816" lon="2.99018">
        <ele>3.9</ele>
      </trkpt>
      <trkpt lat="42.63852" lon="2.98636">
        <ele>6.0</ele>
      </trkpt>
      <trkpt lat="42.63918" lon="2.98511">
        <ele>6.0</ele>
      </trkpt>
      <trkpt lat="42.64141" lon="2.98093">
        <ele>8.0</ele>
      </trkpt>
      <trkpt lat="42.64208" lon="2.97956">
        <ele>8.0</ele>
      </trkpt>
      <trkpt lat="42.64226" lon="2.97889">
        <ele>8.0</ele>
      </trkpt>
      <trkpt lat="42.64541" lon="2.97729">
        <ele>8.8</ele>
      </trkpt>
      <trkpt lat="42.64817" lon="2.97558">
        <ele>9.4</ele>
      </trkpt>
      <trkpt lat="42.6499" lon="2.9747">
        <ele>9.0</ele>
      </trkpt>
      <trkpt lat="42.65255" lon="2.97219">
        <ele>8.0</ele>
      </trkpt>
      <trkpt lat="42.65664" lon="2.96966">
        <ele>11.0</ele>
      </trkpt>
      <trkpt lat="42.65693" lon="2.96935">
        <ele>8.1</ele>
      </trkpt>
      <trkpt lat="42.65723" lon="2.96902">
        <ele>11.0</ele>
      </trkpt>
      <trkpt lat="42.65898" lon="2.97004">
        <ele>9.0</ele>
      </trkpt>
      <trkpt lat="42.66298" lon="2.96994">
        <ele>7.456</ele>
      </trkpt>
      <trkpt lat="42.66397" lon="2.97019">
        <ele>6.0</ele>
      </trkpt>
      <trkpt lat="42.66655" lon="2.9697">
        <ele>4.6</ele>
      </trkpt>
      <trkpt lat="42.66666" lon="2.96973">
        <ele>5.0</ele>
      </trkpt>
      <trkpt lat="42.66869" lon="2.97273">
        <ele>7.1</ele>
      </trkpt>
      <trkpt lat="42.67037" lon="2.9751">
        <ele>5.7</ele>
      </trkpt>
      <trkpt lat="42.67152" lon="2.97666">
        <ele>7.5</ele>
      </trkpt>
      <trkpt lat="42.67217" lon="2.9776">
        <ele>5.4</ele>
      </trkpt>
      <trkpt lat="42.67251" lon="2.979">
        <ele>3.0</ele>
      </trkpt>
      <trkpt lat="42.67524" lon="2.98139">
        <ele>6.8</ele>
      </trkpt>
      <trkpt lat="42.67531" lon="2.98144">
        <ele>6.8</ele>
      </trkpt>
      <trkpt lat="42.67881" lon="2.98129">
        <ele>13.0</ele>
      </trkpt>
      <trkpt lat="42.68035" lon="2.98136">
        <ele>12.7</ele>
      </trkpt>
      <trkpt lat="42.68349" lon="2.98203">
        <ele>10.706</ele>
      </trkpt>
      <trkpt lat="42.6851" lon="2.98001">
        <ele>16.604</ele>
      </trkpt>
      <trkpt lat="42.68593" lon="2.98058">
        <ele>13.3</ele>
      </trkpt>
      <trkpt lat="42.68613" lon="2.98049">
        <ele>14.0</ele>
      </trkpt>
      <trkpt lat="42.68759" lon="2.98238">
        <ele>19.526</ele>
      </trkpt>
      <trkpt lat="42.68906" lon="2.98541">
        <ele>13.616</ele>
      </trkpt>
      <trkpt lat="42.6903" lon="2.98695">
        <ele>20.3</ele>
      </trkpt>
      <trkpt lat="42.69225" lon="2.9889">
        <ele>25.0</ele>
      </trkpt>
      <trkpt lat="42.69367" lon="2.98821">
        <ele>24.675</ele>
      </trkpt>
      <trkpt lat="42.69607" lon="2.98788">
        <ele>9.5</ele>
      </trkpt>
      <trkpt lat="42.69792" lon="2.98746">
        <ele>11.6</ele>
      </trkpt>
      <trkpt lat="42.69969" lon="2.98602">
        <ele>24.4</ele>
      </trkpt>
      <trkpt lat="42.70043" lon="2.98487">
        <ele>19.1</ele>
      </trkpt>
      <trkpt lat="42.70254" lon="2.98514">
        <ele>9.1</ele>
      </trkpt>
      <trkpt lat="42.70525" lon="2.98454">
        <ele>27.3</ele>
      </trkpt>
      <trkpt lat="42.70601" lon="2.98525">
        <ele>27.4</ele>
      </trkpt>
      <trkpt lat="42.70598" lon="2.98708">
        <ele>26.0</ele>
      </trkpt>
      <trkpt lat="42.70702" lon="2.98658">
        <ele>22.013</ele>
      </trkpt>
      <trkpt lat="42.70747" lon="2.9836">
        <ele>26.899</ele>
      </trkpt>
      <trkpt lat="42.70859" lon="2.98408">
        <ele>30.0</ele>
      </trkpt>
      <trkpt lat="42.70922" lon="2.98531">
        <ele>15.13</ele>
      </trkpt>
      <trkpt lat="42.70932" lon="2.98576">
        <ele>15.0</ele>
      </trkpt>
      <trkpt lat="42.71032" lon="2.98606">
        <ele>9.1</ele>
      </trkpt>
      <trkpt lat="42.71407" lon="2.98685">
        <ele>9.348</ele>
      </trkpt>
      <trkpt lat="42.71327" lon="2.98278">
        <ele>12.0</ele>
      </trkpt>
      <trkpt lat="42.71309" lon="2.98272">
        <ele>11.9</ele>
      </trkpt>
      <trkpt lat="42.71308" lon="2.98265">
        <ele>11.9</ele>
      </trkpt>
      <trkpt lat="42.71379" lon="2.9824">
        <ele>6.2</ele>
      </trkpt>
      <trkpt lat="42.7154" lon="2.98158">
        <ele>11.0</ele>
      </trkpt>
      <trkpt lat="42.71845" lon="2.98196">
        <ele>9.958</ele>
      </trkpt>
      <trkpt lat="42.72085" lon="2.98283">
        <ele>9.0</ele>
      </trkpt>
      <trkpt lat="42.72184" lon="2.9838">
        <ele>8.6</ele>
      </trkpt>
      <trkpt lat="42.7236" lon="2.98449">
        <ele>8.0</ele>
      </trkpt>
      <trkpt lat="42.72572" lon="2.98369">
        <ele>9.0</ele>
      </trkpt>
      <trkpt lat="42.72756" lon="2.98418">
        <ele>8.0</ele>
      </trkpt>
      <trkpt lat="42.72885" lon="2.98341">
        <ele>7.8</ele>
      </trkpt>
      <trkpt lat="42.72917" lon="2.98208">
        <ele>7.5</ele>
      </trkpt>
      <trkpt lat="42.73155" lon="2.979">
        <ele>8.2</ele>
      </trkpt>
      <trkpt lat="42.73254" lon="2.97826">
        <ele>8.0</ele>
      </trkpt>
      <trkpt lat="42.73498" lon="2.97542">
        <ele>8.0</ele>
      </trkpt>
      <trkpt lat="42.73772" lon="2.97442">
        <ele>9.0</ele>
      </trkpt>
      <trkpt lat="42.73909" lon="2.97438">
        <ele>7.7</ele>
      </trkpt>
      <trkpt lat="42.73951" lon="2.9743">
        <ele>8.0</ele>
      </trkpt>
      <trkpt lat="42.7413" lon="2.9742">
        <ele>7.28</ele>
      </trkpt>
      <trkpt lat="42.7464" lon="2.97332">
        <ele>6.0</ele>
      </trkpt>
      <trkpt lat="42.74692" lon="2.97319">
        <ele>7.0</ele>
      </trkpt>
      <trkpt lat="42.74856" lon="2.97227">
        <ele>5.3</ele>
      </trkpt>
      <trkpt lat="42.75118" lon="2.97229">
        <ele>7.8</ele>
      </trkpt>
      <trkpt lat="42.75195" lon="2.97227">
        <ele>7.8</ele>
      </trkpt>
      <trkpt lat="42.75267" lon="2.97268">
        <ele>7.0</ele>
      </trkpt>
      <trkpt lat="42.75609" lon="2.975">
        <ele>6.0</ele>
      </trkpt>
      <trkpt lat="42.757" lon="2.97621">
        <ele>6.7</ele>
      </trkpt>
      <trkpt lat="42.75777" lon="2.9771">
        <ele>7.0</ele>
      </trkpt>
      <trkpt lat="42.76056" lon="2.97977">
        <ele>5.987</ele>
      </trkpt>
      <trkpt lat="42.76159" lon="2.98201">
        <ele>5.439</ele>
      </trkpt>
      <trkpt lat="42.76192" lon="2.98228">
        <ele>8.6</ele>
      </trkpt>
      <trkpt lat="42.76327" lon="2.98612">
        <ele>6.8</ele>
      </trkpt>
      <trkpt lat="42.76339" lon="2.98712">
        <ele>8.7</ele>
      </trkpt>
      <trkpt lat="42.76435" lon="2.98683">
        <ele>8.5</ele>
      </trkpt>
      <trkpt lat="42.76499" lon="2.99099">
        <ele>7.8</ele>
      </trkpt>
      <trkpt lat="42.76569" lon="2.99512">
        <ele>4.6</ele>
      </trkpt>
      <trkpt lat="42.76606" lon="2.99667">
        <ele>5.4</ele>
      </trkpt>
      <trkpt lat="42.76883" lon="3.00676">
        <ele>4.6</ele>
      </trkpt>
      <trkpt lat="42.77097" lon="3.01653">
        <ele>2.2</ele>
      </trkpt>
      <trkpt lat="42.77095" lon="3.01707">
        <ele>4.9</ele>
      </trkpt>
      <trkpt lat="42.771" lon="3.01758">
        <ele>5.0</ele>
      </trkpt>
      <trkpt lat="42.77122" lon="3.02242">
        <ele>2.5</ele>
      </trkpt>
      <trkpt lat="42.7713" lon="3.0239">
        <ele>3.4</ele>
      </trkpt>
      <trkpt lat="42.77258" lon="3.02632">
        <ele>2.5</ele>
      </trkpt>
      <trkpt lat="42.77706" lon="3.03064">
        <ele>2.7</ele>
      </trkpt>
      <trkpt lat="42.77843" lon="3.03245">
        <ele>1.5</ele>
      </trkpt>
      <trkpt lat="42.7791" lon="3.03403">
        <ele>3.5</ele>
      </trkpt>
      <trkpt lat="42.78029" lon="3.03778">
        <ele>2.0</ele>
      </trkpt>
      <trkpt lat="42.78052" lon="3.03785">
        <ele>2.8</ele>
      </trkpt>
      <trkpt lat="42.78411" lon="3.03817">
        <ele>2.9</ele>
      </trkpt>
      <trkpt lat="42.7844" lon="3.03813">
        <ele>3.0</ele>
      </trkpt>
      <trkpt lat="42.79007" lon="3.03794">
        <ele>3.0</ele>
      </trkpt>
      <trkpt lat="42.79221" lon="3.03863">
        <ele>2.9</ele>
      </trkpt>
      <trkpt lat="42.79325" lon="3.03819">
        <ele>3.0</ele>
      </trkpt>
      <trkpt lat="42.7937" lon="3.03829">
        <ele>2.0</ele>
      </trkpt>
      <trkpt lat="42.79582" lon="3.03833">
        <ele>3.0</ele>
      </trkpt>
      <trkpt lat="42.79629" lon="3.03681">
        <ele>2.0</ele>
      </trkpt>
      <trkpt lat="42.79956" lon="3.03689">
        <ele>2.0</ele>
      </trkpt>
      <trkpt lat="42.79985" lon="3.0362">
        <ele>1.1</ele>
      </trkpt>
      <trkpt lat="42.80092" lon="3.03398">
        <ele>1.8</ele>
      </trkpt>
      <trkpt lat="42.80064" lon="3.03338">
        <ele>1.0</ele>
      </trkpt>
      <trkpt lat="42.80123" lon="3.03222">
        <ele>1.0</ele>
      </trkpt>
      <trkpt lat="42.80351" lon="3.0323">
        <ele>4.0</ele>
      </trkpt>
      <trkpt lat="42.80587" lon="3.03305">
        <ele>1.2</ele>
      </trkpt>
      <trkpt lat="42.80836" lon="3.03333">
        <ele>2.0</ele>
      </trkpt>
      <trkpt lat="42.80996" lon="3.03193">
        <ele>1.2</ele>
      </trkpt>
      <trkpt lat="42.81026" lon="3.03193">
        <ele>1.0</ele>
      </trkpt>
      <trkpt lat="42.81731" lon="3.03355">
        <ele>1.0</ele>
      </trkpt>
      <trkpt lat="42.82153" lon="3.03461">
        <ele>1.6</ele>
      </trkpt>
      <trkpt lat="42.82213" lon="3.03459">
        <ele>2.0</ele>
      </trkpt>
      <trkpt lat="42.82298" lon="3.03456">
        <ele>2.0</ele>
      </trkpt>
      <trkpt lat="42.82357" lon="3.03441">
        <ele>2.0</ele>
      </trkpt>
      <trkpt lat="42.82466" lon="3.03056">
        <ele>2.0</ele>
      </trkpt>
      <trkpt lat="42.82513" lon="3.03085">
        <ele>1.6</ele>
      </trkpt>
      <trkpt lat="42.82658" lon="3.03139">
        <ele>1.0</ele>
      </trkpt>
      <trkpt lat="42.82684" lon="3.03159">
        <ele>1.9</ele>
      </trkpt>
      <trkpt lat="42.83013" lon="3.03302">
        <ele>1.0</ele>
      </trkpt>
      <trkpt lat="42.83377" lon="3.03556">
        <ele>2.0</ele>
      </trkpt>
      <trkpt lat="42.83456" lon="3.03538">
        <ele>3.0</ele>
      </trkpt>
      <trkpt lat="42.8364" lon="3.03577">
        <ele>1.0</ele>
      </trkpt>
      <trkpt lat="42.83719" lon="3.03758">
        <ele>1.0</ele>
      </trkpt>
      <trkpt lat="42.8381" lon="3.03657">
        <ele>1.0</ele>
      </trkpt>
      <trkpt lat="42.84119" lon="3.03677">
        <ele>1.1</ele>
      </trkpt>
      <trkpt lat="42.84166" lon="3.03667">
        <ele>1.0</ele>
      </trkpt>
      <trkpt lat="42.84402" lon="3.03698">
        <ele>1.9</ele>
      </trkpt>
      <trkpt lat="42.84718" lon="3.03715">
        <ele>1.3</ele>
      </trkpt>
      <trkpt lat="42.84768" lon="3.0372">
        <ele>2.0</ele>
      </trkpt>
      <trkpt lat="42.84822" lon="3.03734">
        <ele>2.0</ele>
      </trkpt>
      <trkpt lat="42.85063" lon="3.03503">
        <ele>2.4</ele>
      </trkpt>
      <trkpt lat="42.85199" lon="3.03337">
        <ele>4.7</ele>
      </trkpt>
      <trkpt lat="42.8528" lon="3.03651">
        <ele>2.0</ele>
      </trkpt>
      <trkpt lat="42.85192" lon="3.03557">
        <ele>7.6</ele>
      </trkpt>
      <trkpt lat="42.85291" lon="3.03481">
        <ele>8.3</ele>
      </trkpt>
      <trkpt lat="42.85448" lon="3.03374">
        <ele>14.2</ele>
      </trkpt>
      <trkpt lat="42.85747" lon="3.03165">
        <ele>14.2</ele>
      </trkpt>
      <trkpt lat="42.86039" lon="3.02995">
        <ele>5.4</ele>
      </trkpt>
      <trkpt lat="42.86142" lon="3.02969">
        <ele>3.0</ele>
      </trkpt>
      <trkpt lat="42.86221" lon="3.02963">
        <ele>1.3</ele>
      </trkpt>
      <trkpt lat="42.86292" lon="3.02965">
        <ele>1.6</ele>
      </trkpt>
      <trkpt lat="42.8648" lon="3.03223">
        <ele>2.0</ele>
      </trkpt>
      <trkpt lat="42.86751" lon="3.03264">
        <ele>2.5</ele>
      </trkpt>
      <trkpt lat="42.86841" lon="3.03378">
        <ele>2.0</ele>
      </trkpt>
      <trkpt lat="42.86949" lon="3.03534">
        <ele>1.8</ele>
      </trkpt>
      <trkpt lat="42.87191" lon="3.03721">
        <ele>2.0</ele>
      </trkpt>
      <trkpt lat="42.87454" lon="3.03985">
        <ele>3.9</ele>
      </trkpt>
      <trkpt lat="42.8743" lon="3.04041">
        <ele>3.9</ele>
      </trkpt>
      <trkpt lat="42.87557" lon="3.04169">
        <ele>5.0</ele>
      </trkpt>
      <trkpt lat="42.87944" lon="3.04329">
        <ele>4.1</ele>
      </trkpt>
      <trkpt lat="42.88139" lon="3.04522">
        <ele>6.0</ele>
      </trkpt>
      <trkpt lat="42.88168" lon="3.04557">
        <ele>5.9</ele>
      </trkpt>
      <trkpt lat="42.88407" lon="3.04695">
        <ele>1.3</ele>
      </trkpt>
      <trkpt lat="42.88528" lon="3.04791">
        <ele>2.9</ele>
      </trkpt>
      <trkpt lat="42.88566" lon="3.04865">
        <ele>1.5</ele>
      </trkpt>
      <trkpt lat="42.88471" lon="3.05076">
        <ele>2.7</ele>
      </trkpt>
      <trkpt lat="42.88534" lon="3.05127">
        <ele>2.2</ele>
      </trkpt>
      <trkpt lat="42.888" lon="3.05011">
        <ele>1.0</ele>
      </trkpt>
      <trkpt lat="42.88946" lon="3.04935">
        <ele>1.7</ele>
      </trkpt>
      <trkpt lat="42.89019" lon="3.0493">
        <ele>1.0</ele>
      </trkpt>
      <trkpt lat="42.89122" lon="3.04964">
        <ele>1.0</ele>
      </trkpt>
      <trkpt lat="42.89526" lon="3.05117">
        <ele>1.0</ele>
      </trkpt>
      <trkpt lat="42.89602" lon="3.05156">
        <ele>1.4</ele>
      </trkpt>
      <trkpt lat="42.89978" lon="3.05247">
        <ele>1.0</ele>
      </trkpt>
      <trkpt lat="42.90052" lon="3.05284">
        <ele>2.0</ele>
      </trkpt>
      <trkpt lat="42.90362" lon="3.05517">
        <ele>2.0</ele>
      </trkpt>
      <trkpt lat="42.9069" lon="3.05685">
        <ele>3.5</ele>
      </trkpt>
      <trkpt lat="42.90772" lon="3.05712">
        <ele>5.7</ele>
      </trkpt>
      <trkpt lat="42.90782" lon="3.05431">
        <ele>47.0</ele>
      </trkpt>
      <trkpt lat="42.90875" lon="3.05501">
        <ele>47.0</ele>
      </trkpt>
      <trkpt lat="42.91019" lon="3.05624">
        <ele>49.0</ele>
      </trkpt>
      <trkpt lat="42.91271" lon="3.05712">
        <ele>48.0</ele>
      </trkpt>
      <trkpt lat="42.91652" lon="3.05853">
        <ele>38.7</ele>
      </trkpt>
      <trkpt lat="42.91774" lon="3.05969">
        <ele>41.8</ele>
      </trkpt>
      <trkpt lat="42.91785" lon="3.05977">
        <ele>40.8</ele>
      </trkpt>
      <trkpt lat="42.92005" lon="3.05898">
        <ele>37.2</ele>
      </trkpt>
      <trkpt lat="42.92082" lon="3.05781">
        <ele>27.0</ele>
      </trkpt>
      <trkpt lat="42.92213" lon="3.05479">
        <ele>37.8</ele>
      </trkpt>
      <trkpt lat="42.92285" lon="3.05443">
        <ele>33.4</ele>
      </trkpt>
      <trkpt lat="42.9255" lon="3.05339">
        <ele>42.4</ele>
      </trkpt>
      <trkpt lat="42.92556" lon="3.05199">
        <ele>46.8</ele>
      </trkpt>
      <trkpt lat="42.92633" lon="3.04927">
        <ele>51.1</ele>
      </trkpt>
      <trkpt lat="42.92707" lon="3.04732">
        <ele>42.4</ele>
      </trkpt>
      <trkpt lat="42.92769" lon="3.04416">
        <ele>52.3</ele>
      </trkpt>
      <trkpt lat="42.92851" lon="3.04048">
        <ele>42.9</ele>
      </trkpt>
      <trkpt lat="42.9287" lon="3.03996">
        <ele>43.8</ele>
      </trkpt>
      <trkpt lat="42.93073" lon="3.03792">
        <ele>6.1</ele>
      </trkpt>
      <trkpt lat="42.93176" lon="3.03657">
        <ele>3.2</ele>
      </trkpt>
      <trkpt lat="42.93185" lon="3.03758">
        <ele>1.8</ele>
      </trkpt>
      <trkpt lat="42.93487" lon="3.03245">
        <ele>1.6</ele>
      </trkpt>
      <trkpt lat="42.93511" lon="3.03227">
        <ele>1.5</ele>
      </trkpt>
      <trkpt lat="42.93728" lon="3.02864">
        <ele>2.0</ele>
      </trkpt>
      <trkpt lat="42.93805" lon="3.02625">
        <ele>1.5</ele>
      </trkpt>
      <trkpt lat="42.93833" lon="3.02628">
        <ele>1.0</ele>
      </trkpt>
      <trkpt lat="42.93951" lon="3.02756">
        <ele>1.0</ele>
      </trkpt>
      <trkpt lat="42.93985" lon="3.0277">
        <ele>1.0</ele>
      </trkpt>
      <trkpt lat="42.9386" lon="3.02947">
        <ele>1.1</ele>
      </trkpt>
      <trkpt lat="42.93783" lon="3.03139">
        <ele>1.0</ele>
      </trkpt>
      <trkpt lat="42.93871" lon="3.03193">
        <ele>1.0</ele>
      </trkpt>
      <trkpt lat="42.94279" lon="3.03327">
        <ele>1.0</ele>
      </trkpt>
      <trkpt lat="42.94758" lon="3.03777">
      </trkpt>
      <trkpt lat="42.97665" lon="3.04433">
        <ele>1.0</ele>
      </trkpt>
      <trkpt lat="42.97783" lon="3.04569">
        <ele>1.0</ele>
      </trkpt>
      <trkpt lat="42.98044" lon="3.0479">
        <ele>1.0</ele>
      </trkpt>
      <trkpt lat="42.98181" lon="3.04836">
        <ele>1.0</ele>
      </trkpt>
      <trkpt lat="42.98813" lon="3.04973">
        <ele>1.0</ele>
      </trkpt>
      <trkpt lat="43.00401" lon="3.05438">
        <ele>1.0</ele>
      </trkpt>
      <trkpt lat="43.00655" lon="3.05529">
        <ele>1.0</ele>
      </trkpt>
      <trkpt lat="43.00712" lon="3.05564">
        <ele>2.0</ele>
      </trkpt>
      <trkpt lat="43.00621" lon="3.05796">
        <ele>1.6</ele>
      </trkpt>
      <trkpt lat="43.00825" lon="3.05944">
        <ele>2.0</ele>
      </trkpt>
      <trkpt lat="43.00932" lon="3.06027">
        <ele>1.6</ele>
      </trkpt>
      <trkpt lat="43.014" lon="3.06356">
        <ele>2.0</ele>
      </trkpt>
      <trkpt lat="43.01422" lon="3.06359">
        <ele>2.0</ele>
      </trkpt>
      <trkpt lat="43.01551" lon="3.06113">
        <ele>2.0</ele>
      </trkpt>
      <trkpt lat="43.01833" lon="3.05776">
        <ele>1.1</ele>
      </trkpt>
      <trkpt lat="43.01927" lon="3.05587">
        <ele>2.0</ele>
      </trkpt>
      <trkpt lat="43.02057" lon="3.05115">
        <ele>2.0</ele>
      </trkpt>
      <trkpt lat="43.0217" lon="3.04737">
        <ele>1.5</ele>
      </trkpt>
      <trkpt lat="43.02277" lon="3.04418">
        <ele>1.1</ele>
      </trkpt>
      <trkpt lat="43.02353" lon="3.04198">
        <ele>2.1</ele>
      </trkpt>
      <trkpt lat="43.02359" lon="3.04195">
        <ele>2.0</ele>
      </trkpt>
      <trkpt lat="43.02503" lon="3.04244">
        <ele>3.8</ele>
      </trkpt>
      <trkpt lat="43.02665" lon="3.04291">
        <ele>1.5</ele>
      </trkpt>
      <trkpt lat="43.0476" lon="3.05632">
        <ele>1.6</ele>
      </trkpt>
      <trkpt lat="43.04999" lon="3.05785">
        <ele>2.0</ele>
      </trkpt>
      <trkpt lat="43.0512" lon="3.05814">
        <ele>1.1</ele>
      </trkpt>
      <trkpt lat="43.05344" lon="3.05754">
        <ele>1.3</ele>
      </trkpt>
      <trkpt lat="43.05394" lon="3.05688">
        <ele>1.0</ele>
      </trkpt>
      <trkpt lat="43.05362" lon="3.05349">
        <ele>1.4</ele>
      </trkpt>
      <trkpt lat="43.05558" lon="3.04823">
        <ele>1.0</ele>
      </trkpt>
      <trkpt lat="43.05616" lon="3.04613">
        <ele>1.0</ele>
      </trkpt>
      <trkpt lat="43.05657" lon="3.0435">
        <ele>1.3</ele>
      </trkpt>
      <trkpt lat="43.05673" lon="3.0431">
        <ele>1.2</ele>
      </trkpt>
      <trkpt lat="43.05942" lon="3.03884">
        <ele>1.0</ele>
      </trkpt>
      <trkpt lat="43.06186" lon="3.03499">
        <ele>1.0</ele>
      </trkpt>
      <trkpt lat="43.06456" lon="3.03237">
        <ele>1.0</ele>
      </trkpt>
      <trkpt lat="43.06828" lon="3.02968">
        <ele>1.0</ele>
      </trkpt>
      <trkpt lat="43.06895" lon="3.029">
        <ele>0.6</ele>
      </trkpt>
      <trkpt lat="43.0717" lon="3.02546">
        <ele>1.0</ele>
      </trkpt>
      <trkpt lat="43.07305" lon="3.02295">
        <ele>1.6</ele>
      </trkpt>
      <trkpt lat="43.07349" lon="3.02269">
        <ele>1.56</ele>
      </trkpt>
      <trkpt lat="43.07488" lon="3.02335">
        <ele>1.0</ele>
      </trkpt>
      <trkpt lat="43.07737" lon="3.0243">
        <ele>1.53</ele>
      </trkpt>
      <trkpt lat="43.07938" lon="3.02576">
        <ele>1.0</ele>
      </trkpt>
      <trkpt lat="43.08052" lon="3.02664">
        <ele>1.8</ele>
      </trkpt>
      <trkpt lat="43.08319" lon="3.02853">
        <ele>1.0</ele>
      </trkpt>
      <trkpt lat="43.08507" lon="3.02955">
        <ele>2.0</ele>
      </trkpt>
      <trkpt lat="43.08715" lon="3.03016">
        <ele>2.0</ele>
      </trkpt>
      <trkpt lat="43.08827" lon="3.03082">
        <ele>1.0</ele>
      </trkpt>
      <trkpt lat="43.08862" lon="3.031">
        <ele>1.6</ele>
      </trkpt>
      <trkpt lat="43.09294" lon="3.03067">
        <ele>2.42</ele>
      </trkpt>
      <trkpt lat="43.09487" lon="3.03091">
        <ele>1.3</ele>
      </trkpt>
      <trkpt lat="43.09601" lon="3.03048">
        <ele>2.64</ele>
      </trkpt>
      <trkpt lat="43.09852" lon="3.03024">
        <ele>1.0</ele>
      </trkpt>
      <trkpt lat="43.10102" lon="3.03089">
        <ele>1.1</ele>
      </trkpt>
      <trkpt lat="43.10221" lon="3.03165">
        <ele>1.9</ele>
      </trkpt>
      <trkpt lat="43.10496" lon="3.03656">
        <ele>0.1</ele>
      </trkpt>
      <trkpt lat="43.10513" lon="3.03679">
        <ele>1.0</ele>
      </trkpt>
      <trkpt lat="43.10774" lon="3.03991">
        <ele>1.0</ele>
      </trkpt>
      <trkpt lat="43.11084" lon="3.0417">
        <ele>1.0</ele>
      </trkpt>
      <trkpt lat="43.11156" lon="3.0441">
        <ele>3.0</ele>
      </trkpt>
      <trkpt lat="43.11278" lon="3.04631">
        <ele>1.7</ele>
      </trkpt>
      <trkpt lat="43.1107" lon="3.05411">
        <ele>1.0</ele>
      </trkpt>
      <trkpt lat="43.11063" lon="3.05445">
        <ele>-0.1</ele>
      </trkpt>
      <trkpt lat="43.1099" lon="3.06333">
        <ele>1.0</ele>
      </trkpt>
      <trkpt lat="43.10987" lon="3.06432">
        <ele>1.0</ele>
      </trkpt>
      <trkpt lat="43.10963" lon="3.07525">
        <ele>1.0</ele>
      </trkpt>
      <trkpt lat="43.10934" lon="3.07589">
        <ele>1.0</ele>
      </trkpt>
      <trkpt lat="43.10514" lon="3.083">
        <ele>1.0</ele>
      </trkpt>
      <trkpt lat="43.10481" lon="3.08384">
      </trkpt>
      <trkpt lat="43.10488" lon="3.0841">
        <ele>2.0</ele>
      </trkpt>
      <trkpt lat="43.10527" lon="3.08529">
        <ele>2.0</ele>
      </trkpt>
      <trkpt lat="43.10587" lon="3.08536">
        <ele>1.0</ele>
      </trkpt>
      <trkpt lat="43.10785" lon="3.08804">
        <ele>1.0</ele>
      </trkpt>
      <trkpt lat="43.11006" lon="3.09133">
        <ele>2.8</ele>
      </trkpt>
      <trkpt lat="43.11014" lon="3.09174">
        <ele>3.6</ele>
      </trkpt>
      <trkpt lat="43.1095" lon="3.09301">
        <ele>1.0</ele>
      </trkpt>
      <trkpt lat="43.1095" lon="3.09382">
        <ele>1.4</ele>
      </trkpt>
      <trkpt lat="43.10994" lon="3.09637">
        <ele>2.0</ele>
      </trkpt>
      <trkpt lat="43.10915" lon="3.09765">
        <ele>1.0</ele>
      </trkpt>
      <trkpt lat="43.10967" lon="3.10071">
        <ele>1.0</ele>
      </trkpt>
      <trkpt lat="43.1096" lon="3.10114">
        <ele>2.0</ele>
      </trkpt>
      <trkpt lat="43.10914" lon="3.10267">
        <ele>2.0</ele>
      </trkpt>
      <trkpt lat="43.11117" lon="3.10485">
        <ele>1.6</ele>
      </trkpt>
      <trkpt lat="43.11411" lon="3.11243">
        <ele>2.0</ele>
      </trkpt>
      <trkpt lat="43.11426" lon="3.11374">
        <ele>1.7</ele>
      </trkpt>
      <trkpt lat="43.11381" lon="3.11694">
        <ele>1.7</ele>
      </trkpt>
      <trkpt lat="43.11488" lon="3.11698">
        <ele>2.0</ele>
      </trkpt>
      <trkpt lat="43.11543" lon="3.11745">
        <ele>2.0</ele>
      </trkpt>
      <trkpt lat="43.11457" lon="3.1199">
        <ele>1.0</ele>
      </trkpt>
      <trkpt lat="43.11344" lon="3.1243">
        <ele>1.8</ele>
      </trkpt>
      <trkpt lat="43.11407" lon="3.12574">
        <ele>1.4</ele>
      </trkpt>
      <trkpt lat="43.11719" lon="3.12612">
        <ele>2.8</ele>
      </trkpt>
      <trkpt lat="43.11888" lon="3.12721">
        <ele>2.8</ele>
      </trkpt>
      <trkpt lat="43.12002" lon="3.128">
        <ele>1.8</ele>
      </trkpt>
      <trkpt lat="43.12448" lon="3.13205">
        <ele>2.2</ele>
      </trkpt>
      <trkpt lat="43.12614" lon="3.13358">
        <ele>1.8</ele>
      </trkpt>
      <trkpt lat="43.12941" lon="3.13676">
        <ele>1.6</ele>
      </trkpt>
      <trkpt lat="43.12975" lon="3.13637">
        <ele>1.2</ele>
      </trkpt>
      <trkpt lat="43.13184" lon="3.13698">
        <ele>2.9</ele>
      </trkpt>
      <trkpt lat="43.13261" lon="3.13576">
        <ele>1.8</ele>
      </trkpt>
      <trkpt lat="43.1329" lon="3.13599">
        <ele>2.2</ele>
      </trkpt>
      <trkpt lat="43.13308" lon="3.13709">
        <ele>1.0</ele>
      </trkpt>
      <trkpt lat="43.13597" lon="3.13924">
        <ele>1.0</ele>
      </trkpt>
      <trkpt lat="43.13734" lon="3.14015">
        <ele>1.0</ele>
      </trkpt>
      <trkpt lat="43.13791" lon="3.137">
        <ele>3.0</ele>
      </trkpt>
      <trkpt lat="43.13802" lon="3.13648">
        <ele>2.0</ele>
      </trkpt>
      <trkpt lat="43.14153" lon="3.13984">
        <ele>2.5</ele>
      </trkpt>
      <trkpt lat="43.14421" lon="3.14249">
        <ele>2.0</ele>
      </trkpt>
      <trkpt lat="43.14478" lon="3.14471">
        <ele>2.0</ele>
      </trkpt>
      <trkpt lat="43.14524" lon="3.14507">
        <ele>1.1</ele>
      </trkpt>
      <trkpt lat="43.14647" lon="3.15111">
        <ele>1.0</ele>
      </trkpt>
      <trkpt lat="43.14766" lon="3.15331">
        <ele>2.0</ele>
      </trkpt>
      <trkpt lat="43.14872" lon="3.15496">
        <ele>2.0</ele>
      </trkpt>
      <trkpt lat="43.14992" lon="3.15685">
        <ele>1.6</ele>
      </trkpt>
      <trkpt lat="43.15273" lon="3.15825">
        <ele>2.8</ele>
      </trkpt>
      <trkpt lat="43.15304" lon="3.15875">
        <ele>2.0</ele>
      </trkpt>
      <trkpt lat="43.1532" lon="3.15942">
        <ele>1.6</ele>
      </trkpt>
      <trkpt lat="43.15252" lon="3.16171">
        <ele>1.9</ele>
      </trkpt>
      <trkpt lat="43.15299" lon="3.16207">
        <ele>1.6</ele>
      </trkpt>
      <trkpt lat="43.15451" lon="3.1636">
        <ele>2.0</ele>
      </trkpt>
      <trkpt lat="43.15725" lon="3.16631">
        <ele>2.0</ele>
      </trkpt>
      <trkpt lat="43.15835" lon="3.16771">
        <ele>1.3</ele>
      </trkpt>
      <trkpt lat="43.16127" lon="3.17064">
        <ele>1.4</ele>
      </trkpt>
      <trkpt lat="43.16164" lon="3.17108">
        <ele>1.9</ele>
      </trkpt>
      <trkpt lat="43.16389" lon="3.17357">
        <ele>2.0</ele>
      </trkpt>
      <trkpt lat="43.16547" lon="3.17552">
        <ele>1.7</ele>
      </trkpt>
      <trkpt lat="43.16726" lon="3.17781">
        <ele>2.0</ele>
      </trkpt>
      <trkpt lat="43.16876" lon="3.17966">
        <ele>1.6</ele>
      </trkpt>
      <trkpt lat="43.17052" lon="3.18019">
        <ele>1.1</ele>
      </trkpt>
      <trkpt lat="43.17153" lon="3.18128">
        <ele>2.7</ele>
      </trkpt>
      <trkpt lat="43.17318" lon="3.18328">
        <ele>2.0</ele>
      </trkpt>
      <trkpt lat="43.17435" lon="3.18432">
        <ele>2.0</ele>
      </trkpt>
      <trkpt lat="43.17555" lon="3.18607">
        <ele>3.0</ele>
      </trkpt>
      <trkpt lat="43.17591" lon="3.18796">
        <ele>1.5</ele>
      </trkpt>
      <trkpt lat="43.17782" lon="3.19037">
        <ele>2.6</ele>
      </trkpt>
      <trkpt lat="43.17792" lon="3.19104">
        <ele>2.0</ele>
      </trkpt>
      <trkpt lat="43.17921" lon="3.19247">
        <ele>1.2</ele>
      </trkpt>
      <trkpt lat="43.18225" lon="3.19609">
        <ele>2.0</ele>
      </trkpt>
      <trkpt lat="43.18213" lon="3.19627">
        <ele>1.5</ele>
      </trkpt>
      <trkpt lat="43.18604" lon="3.20134">
        <ele>1.8</ele>
      </trkpt>
      <trkpt lat="43.18676" lon="3.20233">
        <ele>1.4</ele>
      </trkpt>
      <trkpt lat="43.18805" lon="3.20065">
        <ele>1.3</ele>
      </trkpt>
      <trkpt lat="43.1903" lon="3.19728">
        <ele>2.1</ele>
      </trkpt>
      <trkpt lat="43.19077" lon="3.19787">
        <ele>2.0</ele>
      </trkpt>
      <trkpt lat="43.19202" lon="3.19955">
        <ele>1.0</ele>
      </trkpt>
      <trkpt lat="43.19308" lon="3.20131">
        <ele>1.0</ele>
      </trkpt>
      <trkpt lat="43.19282" lon="3.20287">
        <ele>1.0</ele>
      </trkpt>
      <trkpt lat="43.19275" lon="3.20385">
        <ele>2.6</ele>
      </trkpt>
      <trkpt lat="43.19297" lon="3.20622">
      </trkpt>
      <trkpt lat="43.19698" lon="3.20955">
        <ele>1.0</ele>
      </trkpt>
      <trkpt lat="43.19803" lon="3.20985">
        <ele>1.0</ele>
      </trkpt>
      <trkpt lat="43.2001" lon="3.21293">
        <ele>1.0</ele>
      </trkpt>
      <trkpt lat="43.19938" lon="3.21518">
        <ele>1.0</ele>
      </trkpt>
      <trkpt lat="43.19951" lon="3.21548">
        <ele>1.0</ele>
      </trkpt>
      <trkpt lat="43.2003" lon="3.21621">
        <ele>1.6</ele>
      </trkpt>
      <trkpt lat="43.20238" lon="3.21878">
        <ele>1.0</ele>
      </trkpt>
      <trkpt lat="43.20579" lon="3.22468">
        <ele>1.0</ele>
      </trkpt>
      <trkpt lat="43.20748" lon="3.22884">
        <ele>1.0</ele>
      </trkpt>
      <trkpt lat="43.20882" lon="3.22878">
        <ele>1.3</ele>
      </trkpt>
      <trkpt lat="43.21056" lon="3.23155">
        <ele>1.0</ele>
      </trkpt>
      <trkpt lat="43.2114" lon="3.23238">
        <ele>1.0</ele>
      </trkpt>
      <trkpt lat="43.21433" lon="3.23448">
        <ele>1.0</ele>
      </trkpt>
      <trkpt lat="43.2153" lon="3.2331">
        <ele>2.0</ele>
      </trkpt>
      <trkpt lat="43.21677" lon="3.23307">
        <ele>1.0</ele>
      </trkpt>
      <trkpt lat="43.21762" lon="3.23077">
        <ele>2.0</ele>
      </trkpt>
      <trkpt lat="43.21886" lon="3.22736">
        <ele>1.1</ele>
      </trkpt>
      <trkpt lat="43.22004" lon="3.22418">
        <ele>1.0</ele>
      </trkpt>
      <trkpt lat="43.22032" lon="3.2233">
        <ele>1.8</ele>
      </trkpt>
      <trkpt lat="43.22133" lon="3.22047">
        <ele>1.0</ele>
      </trkpt>
      <trkpt lat="43.22142" lon="3.21916">
        <ele>2.0</ele>
      </trkpt>
      <trkpt lat="43.22348" lon="3.21474">
        <ele>1.0</ele>
      </trkpt>
      <trkpt lat="43.22564" lon="3.21042">
        <ele>1.3</ele>
      </trkpt>
      <trkpt lat="43.22675" lon="3.21171">
        <ele>1.6</ele>
      </trkpt>
      <trkpt lat="43.22678" lon="3.21188">
        <ele>1.1</ele>
      </trkpt>
      <trkpt lat="43.22661" lon="3.21214">
        <ele>1.0</ele>
      </trkpt>
      <trkpt lat="43.22494" lon="3.21489">
        <ele>1.5</ele>
      </trkpt>
      <trkpt lat="43.22474" lon="3.21518">
        <ele>1.0</ele>
      </trkpt>
      <trkpt lat="43.22272" lon="3.21963">
        <ele>1.0</ele>
      </trkpt>
      <trkpt lat="43.2204" lon="3.22594">
        <ele>1.0</ele>
      </trkpt>
      <trkpt lat="43.21864" lon="3.23095">
        <ele>1.0</ele>
      </trkpt>
      <trkpt lat="43.21984" lon="3.23242">
        <ele>1.9</ele>
      </trkpt>
      <trkpt lat="43.22009" lon="3.23356">
        <ele>1.1</ele>
      </trkpt>
      <trkpt lat="43.22278" lon="3.23321">
        <ele>1.0</ele>
      </trkpt>
      <trkpt lat="43.22824" lon="3.23611">
        <ele>1.0</ele>
      </trkpt>
      <trkpt lat="43.23284" lon="3.23843">
        <ele>1.0</ele>
      </trkpt>
      <trkpt lat="43.2345" lon="3.23889">
        <ele>1.0</ele>
      </trkpt>
      <trkpt lat="43.23853" lon="3.2406">
        <ele>1.0</ele>
      </trkpt>
      <trkpt lat="43.24536" lon="3.24194">
        <ele>2.0</ele>
      </trkpt>
      <trkpt lat="43.24608" lon="3.24161">
        <ele>1.0</ele>
      </trkpt>
      <trkpt lat="43.24849" lon="3.24197">
        <ele>2.1</ele>
      </trkpt>
      <trkpt lat="43.24946" lon="3.24542">
        <ele>19.5</ele>
      </trkpt>
      <trkpt lat="43.24992" lon="3.24559">
        <ele>20.1</ele>
      </trkpt>
      <trkpt lat="43.24944" lon="3.24789">
        <ele>23.0</ele>
      </trkpt>
      <trkpt lat="43.25217" lon="3.25146">
        <ele>23.0</ele>
      </trkpt>
      <trkpt lat="43.25286" lon="3.25308">
        <ele>26.0</ele>
      </trkpt>
      <trkpt lat="43.25332" lon="3.25296">
        <ele>26.0</ele>
      </trkpt>
      <trkpt lat="43.25214" lon="3.2545">
        <ele>25.9</ele>
      </trkpt>
      <trkpt lat="43.25194" lon="3.2549">
        <ele>25.4</ele>
      </trkpt>
      <trkpt lat="43.2537" lon="3.25598">
        <ele>22.0</ele>
      </trkpt>
      <trkpt lat="43.25481" lon="3.25691">
        <ele>22.0</ele>
      </trkpt>
      <trkpt lat="43.25675" lon="3.25951">
        <ele>21.1</ele>
      </trkpt>
      <trkpt lat="43.25893" lon="3.26033">
        <ele>21.0</ele>
      </trkpt>
      <trkpt lat="43.26104" lon="3.2604">
        <ele>21.9</ele>
      </trkpt>
      <trkpt lat="43.26379" lon="3.26237">
        <ele>23.0</ele>
      </trkpt>
      <trkpt lat="43.26698" lon="3.26499">
        <ele>23.0</ele>
      </trkpt>
      <trkpt lat="43.26959" lon="3.26845">
        <ele>22.8</ele>
      </trkpt>
      <trkpt lat="43.27001" lon="3.26908">
        <ele>22.0</ele>
      </trkpt>
      <trkpt lat="43.27238" lon="3.27165">
        <ele>22.0</ele>
      </trkpt>
      <trkpt lat="43.27389" lon="3.27229">
        <ele>14.2</ele>
      </trkpt>
      <trkpt lat="43.27615" lon="3.27272">
        <ele>9.7</ele>
      </trkpt>
      <trkpt lat="43.27768" lon="3.27345">
        <ele>8.4</ele>
      </trkpt>
      <trkpt lat="43.27839" lon="3.27364">
        <ele>6.2</ele>
      </trkpt>
      <trkpt lat="43.28001" lon="3.2768">
        <ele>4.0</ele>
      </trkpt>
      <trkpt lat="43.28149" lon="3.28002">
        <ele>5.0</ele>
      </trkpt>
      <trkpt lat="43.28322" lon="3.28204">
        <ele>4.0</ele>
      </trkpt>
      <trkpt lat="43.28369" lon="3.2826">
        <ele>1.7</ele>
      </trkpt>
      <trkpt lat="43.28467" lon="3.28266">
        <ele>5.3</ele>
      </trkpt>
      <trkpt lat="43.28606" lon="3.28639">
        <ele>4.0</ele>
      </trkpt>
      <trkpt lat="43.28705" lon="3.28976">
        <ele>3.6</ele>
      </trkpt>
      <trkpt lat="43.28698" lon="3.29131">
        <ele>3.1</ele>
      </trkpt>
      <trkpt lat="43.28703" lon="3.29487">
        <ele>3.0</ele>
      </trkpt>
      <trkpt lat="43.28742" lon="3.29886">
        <ele>3.0</ele>
      </trkpt>
      <trkpt lat="43.28691" lon="3.30521">
        <ele>2.1</ele>
      </trkpt>
      <trkpt lat="43.28642" lon="3.30834">
        <ele>2.0</ele>
      </trkpt>
      <trkpt lat="43.2862" lon="3.31264">
        <ele>2.3</ele>
      </trkpt>
      <trkpt lat="43.28786" lon="3.31326">
        <ele>2.0</ele>
      </trkpt>
      <trkpt lat="43.28895" lon="3.31345">
        <ele>2.0</ele>
      </trkpt>
      <trkpt lat="43.29134" lon="3.31995">
        <ele>2.0</ele>
      </trkpt>
      <trkpt lat="43.293" lon="3.32446">
        <ele>2.0</ele>
      </trkpt>
      <trkpt lat="43.29464" lon="3.3278">
        <ele>1.0</ele>
      </trkpt>
      <trkpt lat="43.29294" lon="3.3305">
        <ele>1.0</ele>
      </trkpt>
      <trkpt lat="43.29045" lon="3.33234">
        <ele>1.6</ele>
      </trkpt>
      <trkpt lat="43.28878" lon="3.33285">
        <ele>1.0</ele>
      </trkpt>
      <trkpt lat="43.28463" lon="3.33408">
        <ele>1.0</ele>
      </trkpt>
      <trkpt lat="43.28174" lon="3.33688">
        <ele>1.0</ele>
      </trkpt>
      <trkpt lat="43.28219" lon="3.34277">
        <ele>1.0</ele>
      </trkpt>
      <trkpt lat="43.2818" lon="3.34686">
        <ele>1.4</ele>
      </trkpt>
      <trkpt lat="43.28134" lon="3.34731">
        <ele>1.0</ele>
      </trkpt>
      <trkpt lat="43.27917" lon="3.34871">
        <ele>1.0</ele>
      </trkpt>
      <trkpt lat="43.28084" lon="3.35032">
        <ele>1.0</ele>
      </trkpt>
      <trkpt lat="43.28211" lon="3.35302">
        <ele>2.0</ele>
      </trkpt>
      <trkpt lat="43.28236" lon="3.35568">
        <ele>2.0</ele>
      </trkpt>
      <trkpt lat="43.28484" lon="3.35705">
        <ele>1.2</ele>
      </trkpt>
      <trkpt lat="43.28581" lon="3.36026">
        <ele>1.1</ele>
      </trkpt>
      <trkpt lat="43.28613" lon="3.36234">
        <ele>1.9</ele>
      </trkpt>
      <trkpt lat="43.28654" lon="3.3635">
        <ele>1.5</ele>
      </trkpt>
      <trkpt lat="43.28702" lon="3.36652">
        <ele>1.0</ele>
      </trkpt>
      <trkpt lat="43.28676" lon="3.36978">
        <ele>1.5</ele>
      </trkpt>
      <trkpt lat="43.28784" lon="3.36945">
        <ele>1.0</ele>
      </trkpt>
      <trkpt lat="43.29017" lon="3.37093">
        <ele>1.0</ele>
      </trkpt>
      <trkpt lat="43.29192" lon="3.37155">
        <ele>2.1</ele>
      </trkpt>
      <trkpt lat="43.29254" lon="3.37135">
        <ele>1.9</ele>
      </trkpt>
      <trkpt lat="43.29323" lon="3.37624">
        <ele>1.7</ele>
      </trkpt>
      <trkpt lat="43.29362" lon="3.37892">
        <ele>2.0</ele>
      </trkpt>
      <trkpt lat="43.29409" lon="3.38238">
        <ele>1.0</ele>
      </trkpt>
      <trkpt lat="43.29476" lon="3.38736">
        <ele>2.9</ele>
      </trkpt>
      <trkpt lat="43.29524" lon="3.38973">
        <ele>2.0</ele>
      </trkpt>
      <trkpt lat="43.29602" lon="3.39235">
        <ele>1.9</ele>
      </trkpt>
      <trkpt lat="43.29653" lon="3.39371">
        <ele>2.6</ele>
      </trkpt>
      <trkpt lat="43.29977" lon="3.40104">
        <ele>3.0</ele>
      </trkpt>
      <trkpt lat="43.30014" lon="3.40204">
        <ele>2.0</ele>
      </trkpt>
      <trkpt lat="43.30114" lon="3.40471">
        <ele>5.0</ele>
      </trkpt>
      <trkpt lat="43.30144" lon="3.40546">
        <ele>4.2</ele>
      </trkpt>
      <trkpt lat="43.30155" lon="3.40631">
        <ele>2.7</ele>
      </trkpt>
      <trkpt lat="43.30169" lon="3.40794">
        <ele>4.6</ele>
      </trkpt>
      <trkpt lat="43.30231" lon="3.41772">
        <ele>1.5</ele>
      </trkpt>
      <trkpt lat="43.30244" lon="3.41874">
        <ele>2.9</ele>
      </trkpt>
      <trkpt lat="43.3028" lon="3.42488">
        <ele>2.4</ele>
      </trkpt>
      <trkpt lat="43.30334" lon="3.43228">
        <ele>2.0</ele>
      </trkpt>
      <trkpt lat="43.30337" lon="3.43301">
        <ele>2.0</ele>
      </trkpt>
      <trkpt lat="43.30362" lon="3.43417">
        <ele>2.0</ele>
      </trkpt>
      <trkpt lat="43.30395" lon="3.43483">
        <ele>1.7</ele>
      </trkpt>
      <trkpt lat="43.30726" lon="3.43732">
        <ele>2.0</ele>
      </trkpt>
      <trkpt lat="43.30775" lon="3.43754">
        <ele>1.8</ele>
      </trkpt>
      <trkpt lat="43.3118" lon="3.43939">
        <ele>1.5</ele>
      </trkpt>
      <trkpt lat="43.3124" lon="3.4398">
        <ele>1.7</ele>
      </trkpt>
      <trkpt lat="43.31484" lon="3.44048">
        <ele>1.5</ele>
      </trkpt>
      <trkpt lat="43.31581" lon="3.44095">
        <ele>2.0</ele>
      </trkpt>
      <trkpt lat="43.31598" lon="3.44134">
        <ele>1.6</ele>
      </trkpt>
      <trkpt lat="43.31673" lon="3.44734">
        <ele>2.8</ele>
      </trkpt>
      <trkpt lat="43.3169" lon="3.44831">
        <ele>1.1</ele>
      </trkpt>
      <trkpt lat="43.31779" lon="3.45391">
        <ele>2.9</ele>
      </trkpt>
      <trkpt lat="43.31797" lon="3.45505">
        <ele>2.1</ele>
      </trkpt>
      <trkpt lat="43.31862" lon="3.45911">
        <ele>2.8</ele>
      </trkpt>
      <trkpt lat="43.31895" lon="3.46097">
        <ele>2.7</ele>
      </trkpt>
      <trkpt lat="43.31989" lon="3.46744">
        <ele>3.9</ele>
      </trkpt>
      <trkpt lat="43.32001" lon="3.46782">
        <ele>1.4</ele>
      </trkpt>
      <trkpt lat="43.31808" lon="3.46845">
        <ele>1.5</ele>
      </trkpt>
      <trkpt lat="43.3176" lon="3.46863">
        <ele>2.5</ele>
      </trkpt>
      <trkpt lat="43.31493" lon="3.46915">
        <ele>10.5</ele>
      </trkpt>
      <trkpt lat="43.31476" lon="3.46997">
        <ele>4.8</ele>
      </trkpt>
      <trkpt lat="43.31528" lon="3.4706">
        <ele>2.3</ele>
      </trkpt>
      <trkpt lat="43.31603" lon="3.47337">
        <ele>3.4</ele>
      </trkpt>
      <trkpt lat="43.31637" lon="3.47348">
        <ele>4.4</ele>
      </trkpt>
      <trkpt lat="43.31784" lon="3.47344">
        <ele>2.9</ele>
      </trkpt>
      <trkpt lat="43.32089" lon="3.4735">
        <ele>2.6</ele>
      </trkpt>
      <trkpt lat="43.32308" lon="3.47453">
        <ele>2.6</ele>
      </trkpt>
      <trkpt lat="43.32422" lon="3.47574">
        <ele>3.7</ele>
      </trkpt>
      <trkpt lat="43.32492" lon="3.47656">
        <ele>3.3</ele>
      </trkpt>
      <trkpt lat="43.32601" lon="3.47829">
        <ele>5.0</ele>
      </trkpt>
      <trkpt lat="43.32664" lon="3.47959">
        <ele>4.8</ele>
      </trkpt>
      <trkpt lat="43.32583" lon="3.48046">
        <ele>2.7</ele>
      </trkpt>
      <trkpt lat="43.32484" lon="3.48083">
        <ele>4.0</ele>
      </trkpt>
      <trkpt lat="43.31942" lon="3.4861">
        <ele>2.1</ele>
      </trkpt>
      <trkpt lat="43.31918" lon="3.48644">
        <ele>3.6</ele>
      </trkpt>
      <trkpt lat="43.31695" lon="3.48778">
        <ele>3.0</ele>
      </trkpt>
      <trkpt lat="43.31632" lon="3.48823">
        <ele>2.0</ele>
      </trkpt>
      <trkpt lat="43.31465" lon="3.49258">
        <ele>2.5</ele>
      </trkpt>
      <trkpt lat="43.31297" lon="3.49574">
        <ele>3.2</ele>
      </trkpt>
      <trkpt lat="43.31269" lon="3.49689">
        <ele>3.5</ele>
      </trkpt>
      <trkpt lat="43.31271" lon="3.49802">
        <ele>5.1</ele>
      </trkpt>
      <trkpt lat="43.3147" lon="3.49926">
        <ele>1.4</ele>
      </trkpt>
      <trkpt lat="43.31549" lon="3.50009">
        <ele>1.2</ele>
      </trkpt>
      <trkpt lat="43.31548" lon="3.50032">
        <ele>1.0</ele>
      </trkpt>
      <trkpt lat="43.31534" lon="3.50199">
        <ele>2.0</ele>
      </trkpt>
      <trkpt lat="43.31457" lon="3.5063">
        <ele>1.0</ele>
      </trkpt>
      <trkpt lat="43.31416" lon="3.50916">
        <ele>2.9</ele>
      </trkpt>
      <trkpt lat="43.3137" lon="3.51237">
        <ele>1.0</ele>
      </trkpt>
      <trkpt lat="43.31369" lon="3.51425">
        <ele>1.0</ele>
      </trkpt>
      <trkpt lat="43.3138" lon="3.51516">
        <ele>2.0</ele>
      </trkpt>
      <trkpt lat="43.31425" lon="3.51754">
        <ele>1.0</ele>
      </trkpt>
      <trkpt lat="43.31466" lon="3.51982">
        <ele>1.8</ele>
      </trkpt>
      <trkpt lat="43.31535" lon="3.52386">
        <ele>1.0</ele>
      </trkpt>
      <trkpt lat="43.31562" lon="3.52505">
        <ele>2.0</ele>
      </trkpt>
      <trkpt lat="43.3162" lon="3.5295">
        <ele>1.0</ele>
      </trkpt>
      <trkpt lat="43.31625" lon="3.52959">
        <ele>1.0</ele>
      </trkpt>
      <trkpt lat="43.31701" lon="3.53051">
        <ele>2.0</ele>
      </trkpt>
      <trkpt lat="43.32092" lon="3.53189">
        <ele>1.0</ele>
      </trkpt>
      <trkpt lat="43.32143" lon="3.53144">
        <ele>15.2</ele>
      </trkpt>
      <trkpt lat="43.32399" lon="3.53259">
        <ele>1.0</ele>
      </trkpt>
      <trkpt lat="43.32819" lon="3.53412">
        <ele>1.0</ele>
      </trkpt>
      <trkpt lat="43.33225" lon="3.5355">
        <ele>1.0</ele>
      </trkpt>
      <trkpt lat="43.33648" lon="3.53683">
        <ele>14.0</ele>
      </trkpt>
      <trkpt lat="43.33726" lon="3.53679">
        <ele>1.0</ele>
      </trkpt>
      <trkpt lat="43.33911" lon="3.53604">
        <ele>14.4</ele>
      </trkpt>
      <trkpt lat="43.34104" lon="3.53405">
        <ele>14.2</ele>
      </trkpt>
      <trkpt lat="43.34295" lon="3.5326">
        <ele>14.0</ele>
      </trkpt>
      <trkpt lat="43.34446" lon="3.53191">
        <ele>14.2</ele>
      </trkpt>
      <trkpt lat="43.34638" lon="3.53149">
        <ele>14.8</ele>
      </trkpt>
      <trkpt lat="43.34774" lon="3.53129">
        <ele>15.6</ele>
      </trkpt>
      <trkpt lat="43.35055" lon="3.53134">
        <ele>14.2</ele>
      </trkpt>
      <trkpt lat="43.35191" lon="3.53184">
        <ele>1.1</ele>
      </trkpt>
      <trkpt lat="43.35376" lon="3.53149">
        <ele>1.3</ele>
      </trkpt>
      <trkpt lat="43.35323" lon="3.53435">
        <ele>1.3</ele>
      </trkpt>
      <trkpt lat="43.35377" lon="3.53467">
        <ele>14.2</ele>
      </trkpt>
      <trkpt lat="43.35427" lon="3.53492">
        <ele>1.0</ele>
      </trkpt>
      <trkpt lat="43.3546" lon="3.53488">
        <ele>1.0</ele>
      </trkpt>
      <trkpt lat="43.35742" lon="3.5345">
        <ele>13.6</ele>
      </trkpt>
      <trkpt lat="43.3591" lon="3.53531">
        <ele>13.6</ele>
      </trkpt>
      <trkpt lat="43.36188" lon="3.53593">
        <ele>1.0</ele>
      </trkpt>
      <trkpt lat="43.36365" lon="3.53687">
        <ele>13.8</ele>
      </trkpt>
      <trkpt lat="43.36476" lon="3.53775">
        <ele>1.1</ele>
      </trkpt>
      <trkpt lat="43.36718" lon="3.53976">
        <ele>1.0</ele>
      </trkpt>
      <trkpt lat="43.36865" lon="3.54066">
        <ele>13.8</ele>
      </trkpt>
      <trkpt lat="43.37143" lon="3.54273">
        <ele>1.0</ele>
      </trkpt>
      <trkpt lat="43.37227" lon="3.53968">
        <ele>5.3</ele>
      </trkpt>
      <trkpt lat="43.37239" lon="3.53969">
        <ele>18.2</ele>
      </trkpt>
      <trkpt lat="43.37541" lon="3.541">
        <ele>17.0</ele>
      </trkpt>
      <trkpt lat="43.37616" lon="3.54206">
        <ele>3.6</ele>
      </trkpt>
      <trkpt lat="43.37732" lon="3.5434">
        <ele>1.9</ele>
      </trkpt>
      <trkpt lat="43.37759" lon="3.54387">
        <ele>1.0</ele>
      </trkpt>
      <trkpt lat="43.379" lon="3.54693">
        <ele>1.0</ele>
      </trkpt>
      <trkpt lat="43.37971" lon="3.54703">
        <ele>1.0</ele>
      </trkpt>
      <trkpt lat="43.38263" lon="3.5446">
        <ele>1.4</ele>
      </trkpt>
      <trkpt lat="43.38295" lon="3.54344">
        <ele>1.2</ele>
      </trkpt>
      <trkpt lat="43.38438" lon="3.54055">
        <ele>2.0</ele>
      </trkpt>
      <trkpt lat="43.38497" lon="3.54181">
        <ele>4.4</ele>
      </trkpt>
      <trkpt lat="43.38622" lon="3.54408">
        <ele>8.1</ele>
      </trkpt>
      <trkpt lat="43.38668" lon="3.54593">
        <ele>4.6</ele>
      </trkpt>
      <trkpt lat="43.38708" lon="3.54812">
        <ele>2.0</ele>
      </trkpt>
      <trkpt lat="43.3875" lon="3.55094">
        <ele>22.6</ele>
      </trkpt>
      <trkpt lat="43.38769" lon="3.55136">
        <ele>8.6</ele>
      </trkpt>
      <trkpt lat="43.38971" lon="3.55343">
        <ele>11.6</ele>
      </trkpt>
      <trkpt lat="43.39242" lon="3.55676">
        <ele>16.8</ele>
      </trkpt>
      <trkpt lat="43.39289" lon="3.55752">
        <ele>2.6</ele>
      </trkpt>
      <trkpt lat="43.39289" lon="3.55861">
        <ele>1.0</ele>
      </trkpt>
      <trkpt lat="43.39429" lon="3.56171">
        <ele>1.0</ele>
      </trkpt>
      <trkpt lat="43.39562" lon="3.56275">
        <ele>13.4</ele>
      </trkpt>
      <trkpt lat="43.39721" lon="3.5656">
        <ele>22.4</ele>
      </trkpt>
      <trkpt lat="43.39796" lon="3.56738">
        <ele>11.3</ele>
      </trkpt>
      <trkpt lat="43.39871" lon="3.56793">
        <ele>9.0</ele>
      </trkpt>
      <trkpt lat="43.39984" lon="3.56559">
        <ele>11.0</ele>
      </trkpt>
      <trkpt lat="43.40093" lon="3.56294">
        <ele>14.6</ele>
      </trkpt>
      <trkpt lat="43.40178" lon="3.56123">
        <ele>14.3</ele>
      </trkpt>
      <trkpt lat="43.40254" lon="3.55989">
        <ele>14.8</ele>
      </trkpt>
      <trkpt lat="43.40724" lon="3.56537">
        <ele>4.9</ele>
      </trkpt>
      <trkpt lat="43.40774" lon="3.56593">
        <ele>15.6</ele>
      </trkpt>
      <trkpt lat="43.40851" lon="3.56729">
        <ele>1.7</ele>
      </trkpt>
      <trkpt lat="43.40956" lon="3.56962">
        <ele>2.0</ele>
      </trkpt>
      <trkpt lat="43.41188" lon="3.5726">
        <ele>8.0</ele>
      </trkpt>
      <trkpt lat="43.4129" lon="3.57369">
        <ele>10.0</ele>
      </trkpt>
      <trkpt lat="43.40983" lon="3.57731">
        <ele>6.6</ele>
      </trkpt>
      <trkpt lat="43.40983" lon="3.57743">
        <ele>6.8</ele>
      </trkpt>
      <trkpt lat="43.41118" lon="3.57875">
        <ele>12.3</ele>
      </trkpt>
      <trkpt lat="43.41203" lon="3.57989">
        <ele>13.6</ele>
      </trkpt>
      <trkpt lat="43.41245" lon="3.58301">
        <ele>8.3</ele>
      </trkpt>
      <trkpt lat="43.4139" lon="3.58404">
        <ele>8.5</ele>
      </trkpt>
      <trkpt lat="43.41664" lon="3.58622">
        <ele>1.5</ele>
      </trkpt>
      <trkpt lat="43.41739" lon="3.58705">
        <ele>1.0</ele>
      </trkpt>
      <trkpt lat="43.41859" lon="3.58769">
        <ele>1.0</ele>
      </trkpt>
      <trkpt lat="43.41824" lon="3.58797">
        <ele>1.6</ele>
      </trkpt>
      <trkpt lat="43.41676" lon="3.58863">
        <ele>1.0</ele>
      </trkpt>
      <trkpt lat="43.41717" lon="3.58921">
        <ele>1.0</ele>
      </trkpt>
      <trkpt lat="43.41782" lon="3.59009">
        <ele>1.1</ele>
      </trkpt>
      <trkpt lat="43.41841" lon="3.5918">
        <ele>1.0</ele>
      </trkpt>
      <trkpt lat="43.41773" lon="3.59362">
        <ele>1.0</ele>
      </trkpt>
      <trkpt lat="43.41713" lon="3.59657">
        <ele>3.0</ele>
      </trkpt>
      <trkpt lat="43.41837" lon="3.5984">
        <ele>4.2</ele>
      </trkpt>
      <trkpt lat="43.41911" lon="3.59921">
        <ele>4.8</ele>
      </trkpt>
      <trkpt lat="43.4199" lon="3.60209">
        <ele>1.0</ele>
      </trkpt>
      <trkpt lat="43.4212" lon="3.60337">
        <ele>1.3</ele>
      </trkpt>
      <trkpt lat="43.42181" lon="3.60454">
        <ele>1.0</ele>
      </trkpt>
      <trkpt lat="43.42404" lon="3.60639">
        <ele>1.5</ele>
      </trkpt>
      <trkpt lat="43.42318" lon="3.60872">
        <ele>1.0</ele>
      </trkpt>
      <trkpt lat="43.42317" lon="3.60891">
        <ele>1.0</ele>
      </trkpt>
      <trkpt lat="43.42371" lon="3.60943">
        <ele>2.7</ele>
      </trkpt>
      <trkpt lat="43.42752" lon="3.61162">
        <ele>1.0</ele>
      </trkpt>
      <trkpt lat="43.42938" lon="3.61283">
        <ele>1.0</ele>
      </trkpt>
      <trkpt lat="43.43235" lon="3.61456">
        <ele>1.0</ele>
      </trkpt>
      <trkpt lat="43.43299" lon="3.61474">
        <ele>3.5</ele>
      </trkpt>
      <trkpt lat="43.43483" lon="3.61872">
        <ele>7.2</ele>
      </trkpt>
      <trkpt lat="43.43499" lon="3.61896">
        <ele>5.8</ele>
      </trkpt>
      <trkpt lat="43.4364" lon="3.62225">
        <ele>2.1</ele>
      </trkpt>
      <trkpt lat="43.43829" lon="3.62529">
        <ele>2.0</ele>
      </trkpt>
      <trkpt lat="43.44003" lon="3.6266">
        <ele>7.1</ele>
      </trkpt>
      <trkpt lat="43.44082" lon="3.62791">
        <ele>5.0</ele>
      </trkpt>
      <trkpt lat="43.44068" lon="3.6289">
        <ele>2.3</ele>
      </trkpt>
      <trkpt lat="43.44149" lon="3.63034">
        <ele>5.7</ele>
      </trkpt>
      <trkpt lat="43.44161" lon="3.63285">
        <ele>1.0</ele>
      </trkpt>
      <trkpt lat="43.44178" lon="3.63432">
        <ele>4.1</ele>
      </trkpt>
      <trkpt lat="43.44335" lon="3.63687">
        <ele>3.4</ele>
      </trkpt>
      <trkpt lat="43.44366" lon="3.63754">
        <ele>1.6</ele>
      </trkpt>
      <trkpt lat="43.44691" lon="3.64333">
        <ele>1.0</ele>
      </trkpt>
      <trkpt lat="43.44848" lon="3.64564">
        <ele>9.2</ele>
      </trkpt>
      <trkpt lat="43.44829" lon="3.64582">
        <ele>7.7</ele>
      </trkpt>
      <trkpt lat="43.44827" lon="3.64849">
        <ele>3.2</ele>
      </trkpt>
      <trkpt lat="43.44819" lon="3.65633">
        <ele>1.9</ele>
      </trkpt>
      <trkpt lat="43.44807" lon="3.65662">
        <ele>1.1</ele>
      </trkpt>
      <trkpt lat="43.44709" lon="3.65778">
        <ele>3.1</ele>
      </trkpt>
      <trkpt lat="43.4469" lon="3.65812">
        <ele>1.0</ele>
      </trkpt>
      <trkpt lat="43.44681" lon="3.66448">
        <ele>2.8</ele>
      </trkpt>
      <trkpt lat="43.44829" lon="3.66566">
        <ele>5.26</ele>
      </trkpt>
      <trkpt lat="43.44889" lon="3.66614">
        <ele>1.0</ele>
      </trkpt>
      <trkpt lat="43.45001" lon="3.66663">
        <ele>1.1</ele>
      </trkpt>
      <trkpt lat="43.45322" lon="3.66622">
        <ele>5.2</ele>
      </trkpt>
      <trkpt lat="43.45554" lon="3.66621">
        <ele>7.8</ele>
      </trkpt>
      <trkpt lat="43.45665" lon="3.66664">
        <ele>2.2</ele>
      </trkpt>
      <trkpt lat="43.45856" lon="3.66725">
        <ele>14.0</ele>
      </trkpt>
      <trkpt lat="43.45937" lon="3.66792">
        <ele>1.0</ele>
      </trkpt>
      <trkpt lat="43.46028" lon="3.66885">
        <ele>14.6</ele>
      </trkpt>
      <trkpt lat="43.46384" lon="3.6735">
        <ele>1.5</ele>
      </trkpt>
      <trkpt lat="43.46393" lon="3.67338">
        <ele>1.2</ele>
      </trkpt>
      <trkpt lat="43.46519" lon="3.67262">
        <ele>1.0</ele>
      </trkpt>
      <trkpt lat="43.46796" lon="3.67537">
        <ele>2.2</ele>
      </trkpt>
      <trkpt lat="43.46843" lon="3.676">
        <ele>2.0</ele>
      </trkpt>
      <trkpt lat="43.46954" lon="3.67558">
        <ele>2.9</ele>
      </trkpt>
      <trkpt lat="43.471" lon="3.67899">
        <ele>3.6</ele>
      </trkpt>
      <trkpt lat="43.47114" lon="3.68003">
        <ele>7.3</ele>
      </trkpt>
      <trkpt lat="43.47176" lon="3.67961">
        <ele>8.4</ele>
      </trkpt>
      <trkpt lat="43.47061" lon="3.67667">
        <ele>3.0</ele>
      </trkpt>
      <trkpt lat="43.46997" lon="3.67549">
        <ele>3.0</ele>
      </trkpt>
      <trkpt lat="43.47007" lon="3.67529">
        <ele>3.2</ele>
      </trkpt>
      <trkpt lat="43.473" lon="3.67517">
        <ele>6.8</ele>
      </trkpt>
      <trkpt lat="43.47357" lon="3.67529">
        <ele>7.8</ele>
      </trkpt>
      <trkpt lat="43.47448" lon="3.67581">
        <ele>8.1</ele>
      </trkpt>
      <trkpt lat="43.47567" lon="3.67215">
        <ele>17.0</ele>
      </trkpt>
      <trkpt lat="43.47654" lon="3.67102">
        <ele>31.9</ele>
      </trkpt>
      <trkpt lat="43.47885" lon="3.66964">
        <ele>45.6</ele>
      </trkpt>
      <trkpt lat="43.47929" lon="3.66601">
        <ele>33.0</ele>
      </trkpt>
      <trkpt lat="43.48083" lon="3.66767">
        <ele>42.0</ele>
      </trkpt>
      <trkpt lat="43.48164" lon="3.6681">
        <ele>43.0</ele>
      </trkpt>
      <trkpt lat="43.48416" lon="3.6711">
        <ele>34.1</ele>
      </trkpt>
      <trkpt lat="43.48443" lon="3.67112">
        <ele>33.0</ele>
      </trkpt>
      <trkpt lat="43.48584" lon="3.67113">
        <ele>28.8</ele>
      </trkpt>
      <trkpt lat="43.48796" lon="3.66995">
        <ele>33.5</ele>
      </trkpt>
    </trkseg>
  </trk>
</gpx>