<?xml version="1.0" encoding="UTF-8"?>
<gpx xmlns="http://www.topografix.com/GPX/1/1" xmlns:xsi="http://www.w3.org/2001/XMLSchema-instance" xsi:schemaLocation="http://www.topografix.com/GPX/1/1 http://www.topografix.com/GPX/1/1/gpx.xsd" version="1.1" creator="gpx.py -- https://github.com/tkrajina/gpxpy">
  <trk>
    <name>Tourmagne</name>
    <trkseg>
      <trkpt lat="48.5281" lon="2.65428">
        <ele>49.8</ele>
      </trkpt>
      <trkpt lat="48.527" lon="2.65361">
        <ele>48.8</ele>
      </trkpt>
      <trkpt lat="48.52554" lon="2.65265">
        <ele>53.1</ele>
      </trkpt>
      <trkpt lat="48.52382" lon="2.65186">
        <ele>53.8</ele>
      </trkpt>
      <trkpt lat="48.52139" lon="2.65149">
        <ele>55.0</ele>
      </trkpt>
      <trkpt lat="48.51876" lon="2.65109">
        <ele>56.4</ele>
      </trkpt>
      <trkpt lat="48.51756" lon="2.6509">
        <ele>58.2</ele>
      </trkpt>
      <trkpt lat="48.51512" lon="2.65127">
        <ele>65.2</ele>
      </trkpt>
      <trkpt lat="48.51221" lon="2.65015">
        <ele>75.0</ele>
      </trkpt>
      <trkpt lat="48.50703" lon="2.64945">
        <ele>83.0</ele>
      </trkpt>
      <trkpt lat="48.50349" lon="2.64779">
        <ele>89.0</ele>
      </trkpt>
      <trkpt lat="48.50116" lon="2.64644">
        <ele>92.3</ele>
      </trkpt>
      <trkpt lat="48.50002" lon="2.64571">
        <ele>93.0</ele>
      </trkpt>
      <trkpt lat="48.49907" lon="2.64583">
        <ele>94.0</ele>
      </trkpt>
      <trkpt lat="48.49567" lon="2.64604">
        <ele>93.0</ele>
      </trkpt>
      <trkpt lat="48.49379" lon="2.64619">
        <ele>92.1</ele>
      </trkpt>
      <trkpt lat="48.49255" lon="2.64627">
        <ele>93.5</ele>
      </trkpt>
      <trkpt lat="48.48884" lon="2.64657">
        <ele>95.0</ele>
      </trkpt>
      <trkpt lat="48.48582" lon="2.64636">
        <ele>92.9</ele>
      </trkpt>
      <trkpt lat="48.48333" lon="2.64847">
        <ele>97.0</ele>
      </trkpt>
      <trkpt lat="48.48114" lon="2.65032">
        <ele>89.2</ele>
      </trkpt>
      <trkpt lat="48.47885" lon="2.65227">
        <ele>82.0</ele>
      </trkpt>
      <trkpt lat="48.47779" lon="2.65699">
        <ele>83.0</ele>
      </trkpt>
      <trkpt lat="48.47662" lon="2.65794">
        <ele>81.0</ele>
      </trkpt>
      <trkpt lat="48.47543" lon="2.65907">
        <ele>81.6</ele>
      </trkpt>
      <trkpt lat="48.47398" lon="2.66105">
        <ele>81.8</ele>
      </trkpt>
      <trkpt lat="48.47359" lon="2.661">
        <ele>83.0</ele>
      </trkpt>
      <trkpt lat="48.47081" lon="2.66151">
        <ele>81.0</ele>
      </trkpt>
      <trkpt lat="48.46917" lon="2.66232">
        <ele>80.7</ele>
      </trkpt>
      <trkpt lat="48.46431" lon="2.66486">
        <ele>83.0</ele>
      </trkpt>
      <trkpt lat="48.46365" lon="2.66526">
        <ele>84.9</ele>
      </trkpt>
      <trkpt lat="48.46301" lon="2.66558">
        <ele>85.0</ele>
      </trkpt>
      <trkpt lat="48.45913" lon="2.6674">
        <ele>94.3</ele>
      </trkpt>
      <trkpt lat="48.45779" lon="2.66825">
        <ele>98.6</ele>
      </trkpt>
      <trkpt lat="48.45739" lon="2.67048">
        <ele>95.3</ele>
      </trkpt>
      <trkpt lat="48.45861" lon="2.67284">
        <ele>92.0</ele>
      </trkpt>
      <trkpt lat="48.45953" lon="2.67819">
        <ele>86.9</ele>
      </trkpt>
      <trkpt lat="48.45883" lon="2.67859">
        <ele>87.2</ele>
      </trkpt>
      <trkpt lat="48.45545" lon="2.68073">
        <ele>91.2</ele>
      </trkpt>
      <trkpt lat="48.45471" lon="2.6812">
        <ele>90.0</ele>
      </trkpt>
      <trkpt lat="48.45187" lon="2.683">
        <ele>95.0</ele>
      </trkpt>
      <trkpt lat="48.44906" lon="2.68636">
        <ele>94.4</ele>
      </trkpt>
      <trkpt lat="48.4486" lon="2.68701">
        <ele>93.5</ele>
      </trkpt>
      <trkpt lat="48.44841" lon="2.68845">
        <ele>86.3</ele>
      </trkpt>
      <trkpt lat="48.44821" lon="2.69005">
        <ele>84.0</ele>
      </trkpt>
      <trkpt lat="48.44793" lon="2.69228">
        <ele>83.0</ele>
      </trkpt>
      <trkpt lat="48.44724" lon="2.69792">
        <ele>84.0</ele>
      </trkpt>
      <trkpt lat="48.44288" lon="2.69789">
        <ele>85.0</ele>
      </trkpt>
      <trkpt lat="48.44046" lon="2.69791">
        <ele>87.7</ele>
      </trkpt>
      <trkpt lat="48.44028" lon="2.69943">
        <ele>90.0</ele>
      </trkpt>
      <trkpt lat="48.43935" lon="2.70478">
        <ele>101.5</ele>
      </trkpt>
      <trkpt lat="48.43915" lon="2.70599">
        <ele>102.1</ele>
      </trkpt>
      <trkpt lat="48.43881" lon="2.70787">
        <ele>109.0</ele>
      </trkpt>
      <trkpt lat="48.43798" lon="2.71229">
        <ele>93.7</ele>
      </trkpt>
      <trkpt lat="48.43759" lon="2.71527">
        <ele>93.0</ele>
      </trkpt>
      <trkpt lat="48.43719" lon="2.71876">
        <ele>95.0</ele>
      </trkpt>
      <trkpt lat="48.43609" lon="2.72499">
        <ele>98.3</ele>
      </trkpt>
      <trkpt lat="48.43589" lon="2.72757">
        <ele>95.5</ele>
      </trkpt>
      <trkpt lat="48.43548" lon="2.73095">
        <ele>88.3</ele>
      </trkpt>
      <trkpt lat="48.43524" lon="2.73251">
        <ele>87.2</ele>
      </trkpt>
      <trkpt lat="48.43493" lon="2.73424">
        <ele>89.0</ele>
      </trkpt>
      <trkpt lat="48.43415" lon="2.73903">
        <ele>89.4</ele>
      </trkpt>
      <trkpt lat="48.43329" lon="2.7408">
        <ele>83.3</ele>
      </trkpt>
      <trkpt lat="48.43208" lon="2.74196">
        <ele>71.3</ele>
      </trkpt>
      <trkpt lat="48.43137" lon="2.74221">
        <ele>67.1</ele>
      </trkpt>
      <trkpt lat="48.42934" lon="2.74328">
        <ele>50.4</ele>
      </trkpt>
      <trkpt lat="48.42954" lon="2.74445">
        <ele>47.6</ele>
      </trkpt>
      <trkpt lat="48.42974" lon="2.74665">
        <ele>49.5</ele>
      </trkpt>
      <trkpt lat="48.42833" lon="2.74701">
        <ele>44.2</ele>
      </trkpt>
      <trkpt lat="48.42205" lon="2.74718">
        <ele>42.8</ele>
      </trkpt>
      <trkpt lat="48.42203" lon="2.74749">
        <ele>44.6</ele>
      </trkpt>
      <trkpt lat="48.42176" lon="2.74731">
        <ele>44.5</ele>
      </trkpt>
      <trkpt lat="48.41808" lon="2.7477">
        <ele>43.7</ele>
      </trkpt>
      <trkpt lat="48.41647" lon="2.74813">
        <ele>43.7</ele>
      </trkpt>
      <trkpt lat="48.41477" lon="2.74926">
        <ele>44.7</ele>
      </trkpt>
      <trkpt lat="48.41234" lon="2.75266">
        <ele>42.6</ele>
      </trkpt>
      <trkpt lat="48.41192" lon="2.75554">
        <ele>43.9</ele>
      </trkpt>
      <trkpt lat="48.41177" lon="2.75857">
        <ele>43.5</ele>
      </trkpt>
      <trkpt lat="48.4122" lon="2.76012">
        <ele>45.0</ele>
      </trkpt>
      <trkpt lat="48.41189" lon="2.76333">
        <ele>44.6</ele>
      </trkpt>
      <trkpt lat="48.41205" lon="2.76774">
        <ele>46.5</ele>
      </trkpt>
      <trkpt lat="48.41238" lon="2.77091">
        <ele>47.0</ele>
      </trkpt>
      <trkpt lat="48.41324" lon="2.77536">
        <ele>45.2</ele>
      </trkpt>
      <trkpt lat="48.41397" lon="2.77789">
        <ele>44.9</ele>
      </trkpt>
      <trkpt lat="48.41439" lon="2.77943">
        <ele>47.8</ele>
      </trkpt>
      <trkpt lat="48.41507" lon="2.78443">
        <ele>46.5</ele>
      </trkpt>
      <trkpt lat="48.41492" lon="2.78689">
        <ele>45.4</ele>
      </trkpt>
      <trkpt lat="48.41449" lon="2.78916">
        <ele>47.1</ele>
      </trkpt>
      <trkpt lat="48.41399" lon="2.79044">
        <ele>46.5</ele>
      </trkpt>
      <trkpt lat="48.41347" lon="2.79159">
        <ele>45.8</ele>
      </trkpt>
      <trkpt lat="48.4128" lon="2.79261">
        <ele>45.1</ele>
      </trkpt>
      <trkpt lat="48.41122" lon="2.79441">
        <ele>45.3</ele>
      </trkpt>
      <trkpt lat="48.40869" lon="2.79671">
        <ele>47.3</ele>
      </trkpt>
      <trkpt lat="48.40682" lon="2.79762">
        <ele>45.8</ele>
      </trkpt>
      <trkpt lat="48.40579" lon="2.79762">
        <ele>47.0</ele>
      </trkpt>
      <trkpt lat="48.4031" lon="2.79626">
        <ele>47.7</ele>
      </trkpt>
      <trkpt lat="48.40273" lon="2.79608">
        <ele>47.5</ele>
      </trkpt>
      <trkpt lat="48.40229" lon="2.79569">
        <ele>46.3</ele>
      </trkpt>
      <trkpt lat="48.39721" lon="2.79127">
        <ele>45.6</ele>
      </trkpt>
      <trkpt lat="48.39702" lon="2.79121">
        <ele>45.8</ele>
      </trkpt>
      <trkpt lat="48.39695" lon="2.79398">
        <ele>50.0</ele>
      </trkpt>
      <trkpt lat="48.3958" lon="2.794">
        <ele>50.9</ele>
      </trkpt>
      <trkpt lat="48.39356" lon="2.79622">
        <ele>53.0</ele>
      </trkpt>
      <trkpt lat="48.39203" lon="2.79619">
        <ele>53.8</ele>
      </trkpt>
      <trkpt lat="48.39194" lon="2.79255">
        <ele>48.0</ele>
      </trkpt>
      <trkpt lat="48.3919" lon="2.79144">
        <ele>46.8</ele>
      </trkpt>
      <trkpt lat="48.39113" lon="2.79047">
        <ele>45.7</ele>
      </trkpt>
      <trkpt lat="48.39076" lon="2.79054">
        <ele>45.7</ele>
      </trkpt>
      <trkpt lat="48.38918" lon="2.79515">
        <ele>45.6</ele>
      </trkpt>
      <trkpt lat="48.38878" lon="2.79659">
        <ele>46.0</ele>
      </trkpt>
      <trkpt lat="48.38882" lon="2.79703">
        <ele>46.2</ele>
      </trkpt>
      <trkpt lat="48.38923" lon="2.80457">
        <ele>45.7</ele>
      </trkpt>
      <trkpt lat="48.39038" lon="2.80603">
        <ele>53.5</ele>
      </trkpt>
      <trkpt lat="48.39044" lon="2.80605">
        <ele>54.3</ele>
      </trkpt>
      <trkpt lat="48.39008" lon="2.80689">
        <ele>45.3</ele>
      </trkpt>
      <trkpt lat="48.38924" lon="2.80775">
        <ele>48.1</ele>
      </trkpt>
      <trkpt lat="48.38745" lon="2.80454">
        <ele>47.0</ele>
      </trkpt>
      <trkpt lat="48.38645" lon="2.80323">
        <ele>46.3</ele>
      </trkpt>
      <trkpt lat="48.38653" lon="2.80293">
        <ele>45.3</ele>
      </trkpt>
      <trkpt lat="48.38748" lon="2.79801">
        <ele>46.8</ele>
      </trkpt>
      <trkpt lat="48.38725" lon="2.79318">
        <ele>45.9</ele>
      </trkpt>
      <trkpt lat="48.38726" lon="2.79235">
        <ele>46.0</ele>
      </trkpt>
      <trkpt lat="48.38714" lon="2.79097">
        <ele>51.9</ele>
      </trkpt>
      <trkpt lat="48.38481" lon="2.79223">
        <ele>55.0</ele>
      </trkpt>
      <trkpt lat="48.38298" lon="2.7945">
        <ele>54.9</ele>
      </trkpt>
      <trkpt lat="48.38232" lon="2.79515">
        <ele>55.7</ele>
      </trkpt>
      <trkpt lat="48.38129" lon="2.79305">
        <ele>70.8</ele>
      </trkpt>
      <trkpt lat="48.38112" lon="2.79277">
        <ele>59.3</ele>
      </trkpt>
      <trkpt lat="48.37788" lon="2.79114">
        <ele>78.6</ele>
      </trkpt>
      <trkpt lat="48.3775" lon="2.79104">
        <ele>80.0</ele>
      </trkpt>
      <trkpt lat="48.37449" lon="2.78942">
        <ele>91.8</ele>
      </trkpt>
      <trkpt lat="48.37296" lon="2.79272">
        <ele>92.3</ele>
      </trkpt>
      <trkpt lat="48.37184" lon="2.79429">
        <ele>91.0</ele>
      </trkpt>
      <trkpt lat="48.37153" lon="2.79479">
        <ele>90.4</ele>
      </trkpt>
      <trkpt lat="48.3692" lon="2.79801">
        <ele>87.2</ele>
      </trkpt>
      <trkpt lat="48.36841" lon="2.80096">
        <ele>88.7</ele>
      </trkpt>
      <trkpt lat="48.36672" lon="2.80394">
        <ele>95.0</ele>
      </trkpt>
      <trkpt lat="48.36672" lon="2.80553">
        <ele>95.8</ele>
      </trkpt>
      <trkpt lat="48.3662" lon="2.80783">
        <ele>89.2</ele>
      </trkpt>
      <trkpt lat="48.36447" lon="2.80667">
        <ele>83.1</ele>
      </trkpt>
      <trkpt lat="48.36305" lon="2.8042">
        <ele>76.9</ele>
      </trkpt>
      <trkpt lat="48.36196" lon="2.80145">
        <ele>79.8</ele>
      </trkpt>
      <trkpt lat="48.36058" lon="2.79704">
        <ele>80.2</ele>
      </trkpt>
      <trkpt lat="48.36008" lon="2.79542">
        <ele>76.4</ele>
      </trkpt>
      <trkpt lat="48.35802" lon="2.79639">
        <ele>66.9</ele>
      </trkpt>
      <trkpt lat="48.35688" lon="2.79723">
        <ele>63.0</ele>
      </trkpt>
      <trkpt lat="48.35508" lon="2.79468">
        <ele>62.2</ele>
      </trkpt>
      <trkpt lat="48.35332" lon="2.7916">
        <ele>65.1</ele>
      </trkpt>
      <trkpt lat="48.35207" lon="2.78945">
        <ele>68.4</ele>
      </trkpt>
      <trkpt lat="48.35126" lon="2.78778">
        <ele>66.0</ele>
      </trkpt>
      <trkpt lat="48.3487" lon="2.78299">
        <ele>68.6</ele>
      </trkpt>
      <trkpt lat="48.34742" lon="2.78039">
        <ele>66.0</ele>
      </trkpt>
      <trkpt lat="48.34663" lon="2.77867">
        <ele>64.6</ele>
      </trkpt>
      <trkpt lat="48.34446" lon="2.77556">
        <ele>53.1</ele>
      </trkpt>
      <trkpt lat="48.3433" lon="2.77334">
        <ele>55.7</ele>
      </trkpt>
      <trkpt lat="48.34245" lon="2.7716">
        <ele>53.2</ele>
      </trkpt>
      <trkpt lat="48.34138" lon="2.76948">
        <ele>54.0</ele>
      </trkpt>
      <trkpt lat="48.33923" lon="2.76452">
        <ele>57.2</ele>
      </trkpt>
      <trkpt lat="48.33787" lon="2.76206">
        <ele>60.9</ele>
      </trkpt>
      <trkpt lat="48.33655" lon="2.76025">
        <ele>62.8</ele>
      </trkpt>
      <trkpt lat="48.33629" lon="2.7597">
        <ele>61.3</ele>
      </trkpt>
      <trkpt lat="48.33583" lon="2.75704">
        <ele>58.6</ele>
      </trkpt>
      <trkpt lat="48.33579" lon="2.75457">
        <ele>61.7</ele>
      </trkpt>
      <trkpt lat="48.33547" lon="2.75124">
        <ele>60.2</ele>
      </trkpt>
      <trkpt lat="48.33499" lon="2.74958">
        <ele>57.3</ele>
      </trkpt>
      <trkpt lat="48.33446" lon="2.74983">
        <ele>53.3</ele>
      </trkpt>
      <trkpt lat="48.33225" lon="2.74923">
        <ele>53.9</ele>
      </trkpt>
      <trkpt lat="48.32958" lon="2.74819">
        <ele>53.3</ele>
      </trkpt>
      <trkpt lat="48.32511" lon="2.74647">
        <ele>54.4</ele>
      </trkpt>
      <trkpt lat="48.32423" lon="2.74615">
        <ele>54.9</ele>
      </trkpt>
      <trkpt lat="48.32289" lon="2.74702">
        <ele>57.7</ele>
      </trkpt>
      <trkpt lat="48.32202" lon="2.74496">
        <ele>55.7</ele>
      </trkpt>
      <trkpt lat="48.31985" lon="2.74199">
        <ele>55.8</ele>
      </trkpt>
      <trkpt lat="48.31836" lon="2.73996">
        <ele>56.9</ele>
      </trkpt>
      <trkpt lat="48.31823" lon="2.73975">
        <ele>56.6</ele>
      </trkpt>
      <trkpt lat="48.31782" lon="2.73821">
        <ele>56.5</ele>
      </trkpt>
      <trkpt lat="48.31725" lon="2.73569">
        <ele>57.0</ele>
      </trkpt>
      <trkpt lat="48.31627" lon="2.72934">
        <ele>56.0</ele>
      </trkpt>
      <trkpt lat="48.31556" lon="2.7265">
        <ele>59.0</ele>
      </trkpt>
      <trkpt lat="48.31485" lon="2.72333">
        <ele>59.0</ele>
      </trkpt>
      <trkpt lat="48.31456" lon="2.7225">
        <ele>58.0</ele>
      </trkpt>
      <trkpt lat="48.31281" lon="2.72006">
        <ele>58.6</ele>
      </trkpt>
      <trkpt lat="48.31269" lon="2.71985">
        <ele>57.8</ele>
      </trkpt>
      <trkpt lat="48.31047" lon="2.71168">
        <ele>58.6</ele>
      </trkpt>
      <trkpt lat="48.31014" lon="2.70986">
        <ele>57.8</ele>
      </trkpt>
      <trkpt lat="48.30999" lon="2.70921">
        <ele>58.0</ele>
      </trkpt>
      <trkpt lat="48.30932" lon="2.70768">
        <ele>59.1</ele>
      </trkpt>
      <trkpt lat="48.30788" lon="2.70487">
        <ele>57.8</ele>
      </trkpt>
      <trkpt lat="48.30538" lon="2.70168">
        <ele>58.0</ele>
      </trkpt>
      <trkpt lat="48.30386" lon="2.69977">
        <ele>58.8</ele>
      </trkpt>
      <trkpt lat="48.30259" lon="2.69817">
        <ele>58.3</ele>
      </trkpt>
      <trkpt lat="48.30205" lon="2.6976">
        <ele>58.4</ele>
      </trkpt>
      <trkpt lat="48.30062" lon="2.69628">
        <ele>59.0</ele>
      </trkpt>
      <trkpt lat="48.29795" lon="2.69492">
        <ele>59.4</ele>
      </trkpt>
      <trkpt lat="48.29684" lon="2.69503">
        <ele>59.1</ele>
      </trkpt>
      <trkpt lat="48.29355" lon="2.69492">
        <ele>58.2</ele>
      </trkpt>
      <trkpt lat="48.29199" lon="2.69457">
        <ele>59.3</ele>
      </trkpt>
      <trkpt lat="48.28944" lon="2.69232">
        <ele>58.4</ele>
      </trkpt>
      <trkpt lat="48.28915" lon="2.69231">
        <ele>59.0</ele>
      </trkpt>
      <trkpt lat="48.28553" lon="2.69211">
        <ele>58.6</ele>
      </trkpt>
      <trkpt lat="48.28375" lon="2.69229">
        <ele>59.0</ele>
      </trkpt>
      <trkpt lat="48.28059" lon="2.69313">
        <ele>59.0</ele>
      </trkpt>
      <trkpt lat="48.27812" lon="2.69351">
        <ele>58.6</ele>
      </trkpt>
      <trkpt lat="48.27668" lon="2.69402">
        <ele>58.5</ele>
      </trkpt>
      <trkpt lat="48.27299" lon="2.69543">
        <ele>60.1</ele>
      </trkpt>
      <trkpt lat="48.27251" lon="2.69466">
        <ele>59.5</ele>
      </trkpt>
      <trkpt lat="48.27218" lon="2.69414">
        <ele>61.4</ele>
      </trkpt>
      <trkpt lat="48.26882" lon="2.69011">
        <ele>60.0</ele>
      </trkpt>
      <trkpt lat="48.26664" lon="2.68857">
        <ele>62.0</ele>
      </trkpt>
      <trkpt lat="48.26341" lon="2.69384">
        <ele>60.9</ele>
      </trkpt>
      <trkpt lat="48.26292" lon="2.69454">
        <ele>62.2</ele>
      </trkpt>
      <trkpt lat="48.26275" lon="2.69474">
        <ele>62.6</ele>
      </trkpt>
      <trkpt lat="48.26247" lon="2.69507">
        <ele>60.8</ele>
      </trkpt>
      <trkpt lat="48.26055" lon="2.69536">
        <ele>60.7</ele>
      </trkpt>
      <trkpt lat="48.2562" lon="2.69455">
        <ele>61.0</ele>
      </trkpt>
      <trkpt lat="48.25542" lon="2.69495">
        <ele>60.4</ele>
      </trkpt>
      <trkpt lat="48.25275" lon="2.69678">
        <ele>61.3</ele>
      </trkpt>
      <trkpt lat="48.25157" lon="2.69689">
        <ele>63.0</ele>
      </trkpt>
      <trkpt lat="48.24969" lon="2.69719">
        <ele>62.2</ele>
      </trkpt>
      <trkpt lat="48.24927" lon="2.6973">
        <ele>62.7</ele>
      </trkpt>
      <trkpt lat="48.24713" lon="2.69823">
        <ele>62.6</ele>
      </trkpt>
      <trkpt lat="48.24506" lon="2.70016">
        <ele>62.3</ele>
      </trkpt>
      <trkpt lat="48.24436" lon="2.70084">
        <ele>63.0</ele>
      </trkpt>
      <trkpt lat="48.23944" lon="2.70449">
        <ele>62.0</ele>
      </trkpt>
      <trkpt lat="48.23793" lon="2.70536">
        <ele>63.1</ele>
      </trkpt>
      <trkpt lat="48.23757" lon="2.70565">
        <ele>65.2</ele>
      </trkpt>
      <trkpt lat="48.23708" lon="2.7064">
        <ele>62.0</ele>
      </trkpt>
      <trkpt lat="48.23608" lon="2.70684">
        <ele>62.0</ele>
      </trkpt>
      <trkpt lat="48.23195" lon="2.70811">
        <ele>62.0</ele>
      </trkpt>
      <trkpt lat="48.22933" lon="2.70877">
        <ele>62.8</ele>
      </trkpt>
      <trkpt lat="48.22879" lon="2.70898">
        <ele>62.0</ele>
      </trkpt>
      <trkpt lat="48.22491" lon="2.70993">
        <ele>64.5</ele>
      </trkpt>
      <trkpt lat="48.2243" lon="2.71001">
        <ele>64.9</ele>
      </trkpt>
      <trkpt lat="48.22348" lon="2.71008">
        <ele>64.4</ele>
      </trkpt>
      <trkpt lat="48.21924" lon="2.71023">
        <ele>65.0</ele>
      </trkpt>
      <trkpt lat="48.21608" lon="2.71008">
        <ele>64.4</ele>
      </trkpt>
      <trkpt lat="48.21404" lon="2.70981">
        <ele>64.7</ele>
      </trkpt>
      <trkpt lat="48.21359" lon="2.71003">
        <ele>65.6</ele>
      </trkpt>
      <trkpt lat="48.21052" lon="2.71296">
        <ele>64.5</ele>
      </trkpt>
      <trkpt lat="48.20997" lon="2.71357">
        <ele>67.6</ele>
      </trkpt>
      <trkpt lat="48.20677" lon="2.71568">
        <ele>64.6</ele>
      </trkpt>
      <trkpt lat="48.20387" lon="2.71651">
        <ele>65.1</ele>
      </trkpt>
      <trkpt lat="48.20307" lon="2.71658">
        <ele>64.3</ele>
      </trkpt>
      <trkpt lat="48.19922" lon="2.71663">
        <ele>67.8</ele>
      </trkpt>
      <trkpt lat="48.19924" lon="2.71595">
        <ele>66.6</ele>
      </trkpt>
      <trkpt lat="48.19653" lon="2.71604">
        <ele>72.5</ele>
      </trkpt>
      <trkpt lat="48.19526" lon="2.71652">
        <ele>70.0</ele>
      </trkpt>
      <trkpt lat="48.19196" lon="2.71535">
        <ele>68.1</ele>
      </trkpt>
      <trkpt lat="48.18993" lon="2.7149">
        <ele>69.0</ele>
      </trkpt>
      <trkpt lat="48.18797" lon="2.71576">
        <ele>67.8</ele>
      </trkpt>
      <trkpt lat="48.18733" lon="2.71606">
        <ele>68.4</ele>
      </trkpt>
      <trkpt lat="48.18561" lon="2.71755">
        <ele>68.0</ele>
      </trkpt>
      <trkpt lat="48.1846" lon="2.71813">
        <ele>71.3</ele>
      </trkpt>
      <trkpt lat="48.18092" lon="2.7231">
        <ele>68.1</ele>
      </trkpt>
      <trkpt lat="48.18027" lon="2.7244">
        <ele>72.0</ele>
      </trkpt>
      <trkpt lat="48.17828" lon="2.72602">
        <ele>68.0</ele>
      </trkpt>
      <trkpt lat="48.17751" lon="2.72626">
        <ele>70.3</ele>
      </trkpt>
      <trkpt lat="48.17517" lon="2.72762">
        <ele>70.4</ele>
      </trkpt>
      <trkpt lat="48.17321" lon="2.72918">
        <ele>68.0</ele>
      </trkpt>
      <trkpt lat="48.17159" lon="2.7307">
        <ele>67.7</ele>
      </trkpt>
      <trkpt lat="48.17069" lon="2.73142">
        <ele>67.1</ele>
      </trkpt>
      <trkpt lat="48.16873" lon="2.73369">
        <ele>67.7</ele>
      </trkpt>
      <trkpt lat="48.16737" lon="2.73476">
        <ele>68.8</ele>
      </trkpt>
      <trkpt lat="48.16524" lon="2.73589">
        <ele>70.4</ele>
      </trkpt>
      <trkpt lat="48.16334" lon="2.73742">
        <ele>68.6</ele>
      </trkpt>
      <trkpt lat="48.16165" lon="2.739">
        <ele>69.0</ele>
      </trkpt>
      <trkpt lat="48.15793" lon="2.7407">
        <ele>69.9</ele>
      </trkpt>
      <trkpt lat="48.1561" lon="2.7413">
        <ele>71.3</ele>
      </trkpt>
      <trkpt lat="48.15552" lon="2.74173">
        <ele>68.6</ele>
      </trkpt>
      <trkpt lat="48.15528" lon="2.74173">
        <ele>71.0</ele>
      </trkpt>
      <trkpt lat="48.15446" lon="2.74219">
        <ele>70.7</ele>
      </trkpt>
      <trkpt lat="48.15243" lon="2.74762">
        <ele>71.0</ele>
      </trkpt>
      <trkpt lat="48.15178" lon="2.74915">
        <ele>71.6</ele>
      </trkpt>
      <trkpt lat="48.15162" lon="2.74937">
        <ele>71.4</ele>
      </trkpt>
      <trkpt lat="48.14618" lon="2.75295">
        <ele>70.6</ele>
      </trkpt>
      <trkpt lat="48.146" lon="2.75303">
        <ele>70.9</ele>
      </trkpt>
      <trkpt lat="48.14572" lon="2.75311">
        <ele>72.3</ele>
      </trkpt>
      <trkpt lat="48.14556" lon="2.75311">
        <ele>74.2</ele>
      </trkpt>
      <trkpt lat="48.14503" lon="2.75303">
        <ele>70.9</ele>
      </trkpt>
      <trkpt lat="48.14116" lon="2.75162">
        <ele>72.3</ele>
      </trkpt>
      <trkpt lat="48.13659" lon="2.74953">
        <ele>71.0</ele>
      </trkpt>
      <trkpt lat="48.13636" lon="2.74941">
        <ele>72.4</ele>
      </trkpt>
      <trkpt lat="48.13047" lon="2.74956">
        <ele>74.1</ele>
      </trkpt>
      <trkpt lat="48.12867" lon="2.75056">
        <ele>71.8</ele>
      </trkpt>
      <trkpt lat="48.12742" lon="2.7511">
        <ele>71.3</ele>
      </trkpt>
      <trkpt lat="48.12696" lon="2.75118">
        <ele>71.8</ele>
      </trkpt>
      <trkpt lat="48.12247" lon="2.75209">
        <ele>71.9</ele>
      </trkpt>
      <trkpt lat="48.12179" lon="2.75218">
        <ele>71.2</ele>
      </trkpt>
      <trkpt lat="48.11834" lon="2.75214">
        <ele>71.9</ele>
      </trkpt>
      <trkpt lat="48.11821" lon="2.75222">
        <ele>71.0</ele>
      </trkpt>
      <trkpt lat="48.11738" lon="2.75281">
        <ele>72.6</ele>
      </trkpt>
      <trkpt lat="48.11518" lon="2.75524">
        <ele>72.6</ele>
      </trkpt>
      <trkpt lat="48.11197" lon="2.75873">
        <ele>74.9</ele>
      </trkpt>
      <trkpt lat="48.11213" lon="2.75908">
        <ele>75.0</ele>
      </trkpt>
      <trkpt lat="48.11217" lon="2.75925">
        <ele>75.3</ele>
      </trkpt>
      <trkpt lat="48.1121" lon="2.7602">
        <ele>72.6</ele>
      </trkpt>
      <trkpt lat="48.10817" lon="2.76602">
        <ele>73.0</ele>
      </trkpt>
      <trkpt lat="48.10675" lon="2.7697">
        <ele>73.0</ele>
      </trkpt>
      <trkpt lat="48.10419" lon="2.7739">
        <ele>75.9</ele>
      </trkpt>
      <trkpt lat="48.10348" lon="2.77444">
        <ele>77.4</ele>
      </trkpt>
      <trkpt lat="48.10192" lon="2.77387">
        <ele>75.2</ele>
      </trkpt>
      <trkpt lat="48.09959" lon="2.77261">
        <ele>74.9</ele>
      </trkpt>
      <trkpt lat="48.09661" lon="2.7713">
        <ele>76.3</ele>
      </trkpt>
      <trkpt lat="48.09444" lon="2.77132">
        <ele>75.8</ele>
      </trkpt>
      <trkpt lat="48.0941" lon="2.77137">
        <ele>75.9</ele>
      </trkpt>
      <trkpt lat="48.08692" lon="2.76895">
        <ele>77.2</ele>
      </trkpt>
      <trkpt lat="48.08613" lon="2.76856">
        <ele>77.1</ele>
      </trkpt>
      <trkpt lat="48.0858" lon="2.76857">
        <ele>78.0</ele>
      </trkpt>
      <trkpt lat="48.0817" lon="2.76721">
        <ele>79.8</ele>
      </trkpt>
      <trkpt lat="48.08131" lon="2.76688">
        <ele>79.2</ele>
      </trkpt>
      <trkpt lat="48.07541" lon="2.76559">
        <ele>80.6</ele>
      </trkpt>
      <trkpt lat="48.07396" lon="2.7653">
        <ele>78.3</ele>
      </trkpt>
      <trkpt lat="48.07275" lon="2.76513">
        <ele>81.0</ele>
      </trkpt>
      <trkpt lat="48.07073" lon="2.76471">
        <ele>86.2</ele>
      </trkpt>
      <trkpt lat="48.06785" lon="2.76356">
        <ele>87.8</ele>
      </trkpt>
      <trkpt lat="48.06721" lon="2.76335">
        <ele>89.2</ele>
      </trkpt>
      <trkpt lat="48.06402" lon="2.76263">
        <ele>93.6</ele>
      </trkpt>
      <trkpt lat="48.06115" lon="2.76177">
        <ele>86.2</ele>
      </trkpt>
      <trkpt lat="48.05983" lon="2.76154">
        <ele>89.8</ele>
      </trkpt>
      <trkpt lat="48.05747" lon="2.76077">
        <ele>80.3</ele>
      </trkpt>
      <trkpt lat="48.05598" lon="2.76058">
        <ele>81.0</ele>
      </trkpt>
      <trkpt lat="48.05458" lon="2.76028">
        <ele>83.5</ele>
      </trkpt>
      <trkpt lat="48.05337" lon="2.76257">
        <ele>97.6</ele>
      </trkpt>
      <trkpt lat="48.05335" lon="2.76328">
        <ele>97.2</ele>
      </trkpt>
      <trkpt lat="48.05256" lon="2.76665">
        <ele>108.0</ele>
      </trkpt>
      <trkpt lat="48.04972" lon="2.77122">
        <ele>110.0</ele>
      </trkpt>
      <trkpt lat="48.0474" lon="2.76967">
        <ele>111.0</ele>
      </trkpt>
      <trkpt lat="48.04303" lon="2.76648">
        <ele>113.0</ele>
      </trkpt>
      <trkpt lat="48.04123" lon="2.76521">
        <ele>112.0</ele>
      </trkpt>
      <trkpt lat="48.0382" lon="2.76308">
        <ele>111.6</ele>
      </trkpt>
      <trkpt lat="48.03357" lon="2.75987">
        <ele>109.5</ele>
      </trkpt>
      <trkpt lat="48.03214" lon="2.75888">
        <ele>108.0</ele>
      </trkpt>
      <trkpt lat="48.03068" lon="2.75782">
        <ele>110.5</ele>
      </trkpt>
      <trkpt lat="48.02919" lon="2.75676">
        <ele>112.0</ele>
      </trkpt>
      <trkpt lat="48.02432" lon="2.75341">
        <ele>109.0</ele>
      </trkpt>
      <trkpt lat="48.02231" lon="2.75264">
        <ele>107.5</ele>
      </trkpt>
      <trkpt lat="48.01952" lon="2.75158">
        <ele>105.7</ele>
      </trkpt>
      <trkpt lat="48.01806" lon="2.75102">
        <ele>105.7</ele>
      </trkpt>
      <trkpt lat="48.0152" lon="2.74983">
        <ele>101.7</ele>
      </trkpt>
      <trkpt lat="48.01341" lon="2.74915">
        <ele>99.0</ele>
      </trkpt>
      <trkpt lat="48.01205" lon="2.74861">
        <ele>97.4</ele>
      </trkpt>
      <trkpt lat="48.00941" lon="2.74759">
        <ele>98.0</ele>
      </trkpt>
      <trkpt lat="48.00689" lon="2.74651">
        <ele>94.4</ele>
      </trkpt>
      <trkpt lat="48.00684" lon="2.74643">
        <ele>94.1</ele>
      </trkpt>
      <trkpt lat="48.00528" lon="2.74419">
        <ele>93.9</ele>
      </trkpt>
      <trkpt lat="48.00329" lon="2.74133">
        <ele>87.2</ele>
      </trkpt>
      <trkpt lat="48.00224" lon="2.73819">
        <ele>85.0</ele>
      </trkpt>
      <trkpt lat="48.00212" lon="2.73756">
        <ele>89.7</ele>
      </trkpt>
      <trkpt lat="48.00182" lon="2.73482">
        <ele>87.0</ele>
      </trkpt>
      <trkpt lat="48.00173" lon="2.73453">
        <ele>84.9</ele>
      </trkpt>
      <trkpt lat="47.99965" lon="2.73343">
        <ele>86.8</ele>
      </trkpt>
      <trkpt lat="47.99985" lon="2.72957">
        <ele>84.9</ele>
      </trkpt>
      <trkpt lat="48.0003" lon="2.72929">
        <ele>85.0</ele>
      </trkpt>
      <trkpt lat="47.99944" lon="2.7291">
        <ele>90.0</ele>
      </trkpt>
      <trkpt lat="47.99784" lon="2.72924">
        <ele>87.2</ele>
      </trkpt>
      <trkpt lat="47.99768" lon="2.72926">
        <ele>86.9</ele>
      </trkpt>
      <trkpt lat="47.99754" lon="2.73156">
        <ele>85.7</ele>
      </trkpt>
      <trkpt lat="47.99485" lon="2.73282">
        <ele>88.5</ele>
      </trkpt>
      <trkpt lat="47.99358" lon="2.73341">
        <ele>92.0</ele>
      </trkpt>
      <trkpt lat="47.99358" lon="2.73471">
        <ele>91.0</ele>
      </trkpt>
      <trkpt lat="47.99398" lon="2.73508">
        <ele>89.5</ele>
      </trkpt>
      <trkpt lat="47.99297" lon="2.73486">
        <ele>89.4</ele>
      </trkpt>
      <trkpt lat="47.99013" lon="2.73465">
        <ele>90.3</ele>
      </trkpt>
      <trkpt lat="47.9897" lon="2.73492">
        <ele>92.6</ele>
      </trkpt>
      <trkpt lat="47.98784" lon="2.73711">
        <ele>89.1</ele>
      </trkpt>
      <trkpt lat="47.98372" lon="2.73873">
        <ele>90.2</ele>
      </trkpt>
      <trkpt lat="47.98218" lon="2.73967">
        <ele>91.1</ele>
      </trkpt>
      <trkpt lat="47.98192" lon="2.7399">
        <ele>91.1</ele>
      </trkpt>
      <trkpt lat="47.98016" lon="2.74169">
        <ele>90.1</ele>
      </trkpt>
      <trkpt lat="47.97864" lon="2.7428">
        <ele>90.9</ele>
      </trkpt>
      <trkpt lat="47.9782" lon="2.74345">
        <ele>89.6</ele>
      </trkpt>
      <trkpt lat="47.9776" lon="2.74467">
        <ele>91.0</ele>
      </trkpt>
      <trkpt lat="47.97404" lon="2.75106">
        <ele>89.8</ele>
      </trkpt>
      <trkpt lat="47.97335" lon="2.7524">
        <ele>90.9</ele>
      </trkpt>
      <trkpt lat="47.97207" lon="2.75498">
        <ele>90.2</ele>
      </trkpt>
      <trkpt lat="47.97124" lon="2.75666">
        <ele>92.4</ele>
      </trkpt>
      <trkpt lat="47.96918" lon="2.76065">
        <ele>90.6</ele>
      </trkpt>
      <trkpt lat="47.96851" lon="2.76138">
        <ele>91.0</ele>
      </trkpt>
      <trkpt lat="47.96414" lon="2.76635">
        <ele>91.2</ele>
      </trkpt>
      <trkpt lat="47.96359" lon="2.76717">
        <ele>94.5</ele>
      </trkpt>
      <trkpt lat="47.96297" lon="2.76807">
        <ele>92.3</ele>
      </trkpt>
      <trkpt lat="47.96088" lon="2.77215">
        <ele>93.4</ele>
      </trkpt>
      <trkpt lat="47.96025" lon="2.77376">
        <ele>92.6</ele>
      </trkpt>
      <trkpt lat="47.95807" lon="2.7758">
        <ele>93.1</ele>
      </trkpt>
      <trkpt lat="47.95709" lon="2.7771">
        <ele>92.7</ele>
      </trkpt>
      <trkpt lat="47.95313" lon="2.77989">
        <ele>93.8</ele>
      </trkpt>
      <trkpt lat="47.95252" lon="2.78024">
        <ele>93.8</ele>
      </trkpt>
      <trkpt lat="47.95165" lon="2.78097">
        <ele>93.5</ele>
      </trkpt>
      <trkpt lat="47.9517" lon="2.78155">
        <ele>93.0</ele>
      </trkpt>
      <trkpt lat="47.95242" lon="2.78565">
        <ele>93.7</ele>
      </trkpt>
      <trkpt lat="47.95269" lon="2.78958">
        <ele>110.0</ele>
      </trkpt>
      <trkpt lat="47.95232" lon="2.79048">
        <ele>115.7</ele>
      </trkpt>
      <trkpt lat="47.95158" lon="2.79121">
        <ele>117.8</ele>
      </trkpt>
      <trkpt lat="47.94964" lon="2.79658">
        <ele>124.0</ele>
      </trkpt>
      <trkpt lat="47.94947" lon="2.79679">
        <ele>124.4</ele>
      </trkpt>
      <trkpt lat="47.94799" lon="2.8022">
        <ele>129.1</ele>
      </trkpt>
      <trkpt lat="47.94733" lon="2.80531">
        <ele>128.6</ele>
      </trkpt>
      <trkpt lat="47.94714" lon="2.80656">
        <ele>129.3</ele>
      </trkpt>
      <trkpt lat="47.94648" lon="2.81065">
        <ele>130.0</ele>
      </trkpt>
      <trkpt lat="47.94636" lon="2.81086">
        <ele>129.9</ele>
      </trkpt>
      <trkpt lat="47.94359" lon="2.81169">
        <ele>134.1</ele>
      </trkpt>
      <trkpt lat="47.94208" lon="2.8108">
        <ele>129.4</ele>
      </trkpt>
      <trkpt lat="47.94186" lon="2.81131">
        <ele>129.7</ele>
      </trkpt>
      <trkpt lat="47.9407" lon="2.81407">
        <ele>126.0</ele>
      </trkpt>
      <trkpt lat="47.94075" lon="2.81559">
        <ele>128.6</ele>
      </trkpt>
      <trkpt lat="47.93972" lon="2.82065">
        <ele>134.0</ele>
      </trkpt>
      <trkpt lat="47.93941" lon="2.82184">
        <ele>135.0</ele>
      </trkpt>
      <trkpt lat="47.94001" lon="2.82594">
        <ele>135.6</ele>
      </trkpt>
      <trkpt lat="47.94008" lon="2.82725">
        <ele>134.3</ele>
      </trkpt>
      <trkpt lat="47.94063" lon="2.83064">
        <ele>136.0</ele>
      </trkpt>
      <trkpt lat="47.94187" lon="2.83325">
        <ele>134.0</ele>
      </trkpt>
      <trkpt lat="47.94196" lon="2.83377">
        <ele>134.0</ele>
      </trkpt>
      <trkpt lat="47.94211" lon="2.83988">
        <ele>124.4</ele>
      </trkpt>
      <trkpt lat="47.94221" lon="2.84047">
        <ele>122.3</ele>
      </trkpt>
      <trkpt lat="47.94385" lon="2.84432">
        <ele>106.5</ele>
      </trkpt>
      <trkpt lat="47.94175" lon="2.84459">
        <ele>113.9</ele>
      </trkpt>
      <trkpt lat="47.94094" lon="2.84589">
        <ele>117.1</ele>
      </trkpt>
      <trkpt lat="47.94198" lon="2.84713">
        <ele>123.7</ele>
      </trkpt>
      <trkpt lat="47.94147" lon="2.84894">
        <ele>125.3</ele>
      </trkpt>
      <trkpt lat="47.94063" lon="2.85139">
        <ele>126.7</ele>
      </trkpt>
      <trkpt lat="47.93905" lon="2.8516">
        <ele>127.6</ele>
      </trkpt>
      <trkpt lat="47.93773" lon="2.85166">
        <ele>126.0</ele>
      </trkpt>
      <trkpt lat="47.93474" lon="2.85362">
        <ele>130.0</ele>
      </trkpt>
      <trkpt lat="47.93406" lon="2.85378">
        <ele>130.0</ele>
      </trkpt>
      <trkpt lat="47.93077" lon="2.85297">
        <ele>136.0</ele>
      </trkpt>
      <trkpt lat="47.92864" lon="2.85273">
        <ele>133.1</ele>
      </trkpt>
      <trkpt lat="47.92653" lon="2.85097">
        <ele>130.0</ele>
      </trkpt>
      <trkpt lat="47.92539" lon="2.85054">
        <ele>129.0</ele>
      </trkpt>
      <trkpt lat="47.9236" lon="2.84994">
        <ele>127.8</ele>
      </trkpt>
      <trkpt lat="47.92215" lon="2.84994">
        <ele>122.7</ele>
      </trkpt>
      <trkpt lat="47.92089" lon="2.85012">
        <ele>121.2</ele>
      </trkpt>
      <trkpt lat="47.91679" lon="2.85074">
        <ele>130.6</ele>
      </trkpt>
      <trkpt lat="47.91647" lon="2.85102">
        <ele>131.7</ele>
      </trkpt>
      <trkpt lat="47.91598" lon="2.8516">
        <ele>133.0</ele>
      </trkpt>
      <trkpt lat="47.91153" lon="2.85249">
        <ele>136.0</ele>
      </trkpt>
      <trkpt lat="47.90617" lon="2.85214">
        <ele>143.7</ele>
      </trkpt>
      <trkpt lat="47.90392" lon="2.8521">
        <ele>137.8</ele>
      </trkpt>
      <trkpt lat="47.90373" lon="2.85208">
        <ele>139.1</ele>
      </trkpt>
      <trkpt lat="47.90246" lon="2.85099">
        <ele>143.0</ele>
      </trkpt>
      <trkpt lat="47.89939" lon="2.84988">
        <ele>139.0</ele>
      </trkpt>
      <trkpt lat="47.899" lon="2.84975">
        <ele>139.0</ele>
      </trkpt>
      <trkpt lat="47.89708" lon="2.84737">
        <ele>136.0</ele>
      </trkpt>
      <trkpt lat="47.89339" lon="2.84402">
        <ele>138.1</ele>
      </trkpt>
      <trkpt lat="47.89329" lon="2.84393">
        <ele>137.8</ele>
      </trkpt>
      <trkpt lat="47.89214" lon="2.84357">
        <ele>134.7</ele>
      </trkpt>
      <trkpt lat="47.89102" lon="2.84318">
        <ele>131.7</ele>
      </trkpt>
      <trkpt lat="47.8878" lon="2.84141">
        <ele>128.0</ele>
      </trkpt>
      <trkpt lat="47.8849" lon="2.84002">
        <ele>127.0</ele>
      </trkpt>
      <trkpt lat="47.88354" lon="2.83977">
        <ele>129.0</ele>
      </trkpt>
      <trkpt lat="47.88293" lon="2.83929">
        <ele>130.0</ele>
      </trkpt>
      <trkpt lat="47.88135" lon="2.83834">
        <ele>131.0</ele>
      </trkpt>
      <trkpt lat="47.87829" lon="2.83704">
        <ele>125.6</ele>
      </trkpt>
      <trkpt lat="47.87673" lon="2.8362">
        <ele>114.6</ele>
      </trkpt>
      <trkpt lat="47.87443" lon="2.83504">
        <ele>119.1</ele>
      </trkpt>
      <trkpt lat="47.87094" lon="2.83415">
        <ele>130.0</ele>
      </trkpt>
      <trkpt lat="47.87035" lon="2.83377">
        <ele>130.0</ele>
      </trkpt>
      <trkpt lat="47.87013" lon="2.83359">
        <ele>130.0</ele>
      </trkpt>
      <trkpt lat="47.86705" lon="2.83051">
        <ele>114.2</ele>
      </trkpt>
      <trkpt lat="47.86698" lon="2.83034">
        <ele>113.3</ele>
      </trkpt>
      <trkpt lat="47.86494" lon="2.82733">
        <ele>110.5</ele>
      </trkpt>
      <trkpt lat="47.86316" lon="2.82472">
        <ele>110.6</ele>
      </trkpt>
      <trkpt lat="47.86072" lon="2.8222">
        <ele>113.0</ele>
      </trkpt>
      <trkpt lat="47.86064" lon="2.82096">
        <ele>111.8</ele>
      </trkpt>
      <trkpt lat="47.85994" lon="2.82049">
        <ele>112.4</ele>
      </trkpt>
      <trkpt lat="47.85823" lon="2.81949">
        <ele>116.2</ele>
      </trkpt>
      <trkpt lat="47.85571" lon="2.81864">
        <ele>116.7</ele>
      </trkpt>
      <trkpt lat="47.85314" lon="2.81911">
        <ele>114.9</ele>
      </trkpt>
      <trkpt lat="47.84983" lon="2.81795">
        <ele>114.9</ele>
      </trkpt>
      <trkpt lat="47.84908" lon="2.81785">
        <ele>116.0</ele>
      </trkpt>
      <trkpt lat="47.84661" lon="2.8177">
        <ele>115.7</ele>
      </trkpt>
      <trkpt lat="47.84625" lon="2.81779">
        <ele>115.9</ele>
      </trkpt>
      <trkpt lat="47.84498" lon="2.8182">
        <ele>115.0</ele>
      </trkpt>
      <trkpt lat="47.84338" lon="2.81954">
        <ele>115.7</ele>
      </trkpt>
      <trkpt lat="47.84124" lon="2.82187">
        <ele>115.9</ele>
      </trkpt>
      <trkpt lat="47.8406" lon="2.82357">
        <ele>119.6</ele>
      </trkpt>
      <trkpt lat="47.84039" lon="2.82399">
        <ele>120.5</ele>
      </trkpt>
      <trkpt lat="47.84001" lon="2.82516">
        <ele>121.5</ele>
      </trkpt>
      <trkpt lat="47.83791" lon="2.83315">
        <ele>121.3</ele>
      </trkpt>
      <trkpt lat="47.83769" lon="2.83364">
        <ele>122.2</ele>
      </trkpt>
      <trkpt lat="47.83743" lon="2.83387">
        <ele>122.7</ele>
      </trkpt>
      <trkpt lat="47.83327" lon="2.83442">
        <ele>122.7</ele>
      </trkpt>
      <trkpt lat="47.83204" lon="2.83514">
        <ele>120.8</ele>
      </trkpt>
      <trkpt lat="47.83077" lon="2.8355">
        <ele>121.8</ele>
      </trkpt>
      <trkpt lat="47.82993" lon="2.83605">
        <ele>121.1</ele>
      </trkpt>
      <trkpt lat="47.82904" lon="2.83752">
        <ele>120.5</ele>
      </trkpt>
      <trkpt lat="47.82771" lon="2.83924">
        <ele>122.7</ele>
      </trkpt>
      <trkpt lat="47.82703" lon="2.84178">
        <ele>121.3</ele>
      </trkpt>
      <trkpt lat="47.82616" lon="2.84307">
        <ele>122.0</ele>
      </trkpt>
      <trkpt lat="47.82308" lon="2.84219">
        <ele>122.6</ele>
      </trkpt>
      <trkpt lat="47.82281" lon="2.8421">
        <ele>121.6</ele>
      </trkpt>
      <trkpt lat="47.82031" lon="2.84313">
        <ele>122.4</ele>
      </trkpt>
      <trkpt lat="47.81893" lon="2.84436">
        <ele>123.2</ele>
      </trkpt>
      <trkpt lat="47.81581" lon="2.84433">
        <ele>122.9</ele>
      </trkpt>
      <trkpt lat="47.81497" lon="2.84394">
        <ele>125.0</ele>
      </trkpt>
      <trkpt lat="47.81077" lon="2.84323">
        <ele>124.6</ele>
      </trkpt>
      <trkpt lat="47.80828" lon="2.84309">
        <ele>127.8</ele>
      </trkpt>
      <trkpt lat="47.80766" lon="2.84319">
        <ele>127.5</ele>
      </trkpt>
      <trkpt lat="47.80442" lon="2.84407">
        <ele>131.0</ele>
      </trkpt>
      <trkpt lat="47.80251" lon="2.84457">
        <ele>129.9</ele>
      </trkpt>
      <trkpt lat="47.80062" lon="2.8453">
        <ele>131.0</ele>
      </trkpt>
      <trkpt lat="47.79883" lon="2.8459">
        <ele>130.2</ele>
      </trkpt>
      <trkpt lat="47.79862" lon="2.84636">
        <ele>130.7</ele>
      </trkpt>
      <trkpt lat="47.79811" lon="2.84789">
        <ele>129.5</ele>
      </trkpt>
      <trkpt lat="47.79656" lon="2.85113">
        <ele>129.9</ele>
      </trkpt>
      <trkpt lat="47.79445" lon="2.85388">
        <ele>131.0</ele>
      </trkpt>
      <trkpt lat="47.79453" lon="2.85771">
        <ele>129.9</ele>
      </trkpt>
      <trkpt lat="47.7953" lon="2.86143">
        <ele>131.0</ele>
      </trkpt>
      <trkpt lat="47.79532" lon="2.86224">
        <ele>131.2</ele>
      </trkpt>
      <trkpt lat="47.79527" lon="2.86277">
        <ele>131.0</ele>
      </trkpt>
      <trkpt lat="47.79514" lon="2.86348">
        <ele>130.5</ele>
      </trkpt>
      <trkpt lat="47.79336" lon="2.86764">
        <ele>130.6</ele>
      </trkpt>
      <trkpt lat="47.79191" lon="2.87118">
        <ele>134.9</ele>
      </trkpt>
      <trkpt lat="47.79004" lon="2.87229">
        <ele>133.1</ele>
      </trkpt>
      <trkpt lat="47.78767" lon="2.8749">
        <ele>137.4</ele>
      </trkpt>
      <trkpt lat="47.78652" lon="2.87631">
        <ele>137.6</ele>
      </trkpt>
      <trkpt lat="47.78332" lon="2.87869">
        <ele>147.4</ele>
      </trkpt>
      <trkpt lat="47.78325" lon="2.87873">
        <ele>146.8</ele>
      </trkpt>
      <trkpt lat="47.78025" lon="2.87979">
        <ele>142.7</ele>
      </trkpt>
      <trkpt lat="47.77815" lon="2.88055">
        <ele>142.3</ele>
      </trkpt>
      <trkpt lat="47.77716" lon="2.88084">
        <ele>142.8</ele>
      </trkpt>
      <trkpt lat="47.775" lon="2.88081">
        <ele>142.9</ele>
      </trkpt>
      <trkpt lat="47.77431" lon="2.88093">
        <ele>143.6</ele>
      </trkpt>
      <trkpt lat="47.77147" lon="2.88093">
        <ele>140.5</ele>
      </trkpt>
      <trkpt lat="47.76904" lon="2.88082">
        <ele>141.4</ele>
      </trkpt>
      <trkpt lat="47.76717" lon="2.88109">
        <ele>140.8</ele>
      </trkpt>
      <trkpt lat="47.76394" lon="2.8815">
        <ele>140.2</ele>
      </trkpt>
      <trkpt lat="47.76292" lon="2.88141">
        <ele>142.0</ele>
      </trkpt>
      <trkpt lat="47.75828" lon="2.88119">
        <ele>140.6</ele>
      </trkpt>
      <trkpt lat="47.75571" lon="2.88112">
        <ele>142.0</ele>
      </trkpt>
      <trkpt lat="47.75014" lon="2.8795">
        <ele>141.0</ele>
      </trkpt>
      <trkpt lat="47.74927" lon="2.8796">
        <ele>140.6</ele>
      </trkpt>
      <trkpt lat="47.74411" lon="2.88105">
        <ele>140.7</ele>
      </trkpt>
      <trkpt lat="47.74379" lon="2.88091">
        <ele>143.7</ele>
      </trkpt>
      <trkpt lat="47.74371" lon="2.88115">
        <ele>142.9</ele>
      </trkpt>
      <trkpt lat="47.74365" lon="2.88123">
        <ele>143.6</ele>
      </trkpt>
      <trkpt lat="47.7405" lon="2.87743">
        <ele>163.0</ele>
      </trkpt>
      <trkpt lat="47.74055" lon="2.87731">
        <ele>162.4</ele>
      </trkpt>
      <trkpt lat="47.7401" lon="2.87695">
        <ele>164.6</ele>
      </trkpt>
      <trkpt lat="47.73626" lon="2.87158">
        <ele>163.0</ele>
      </trkpt>
      <trkpt lat="47.73485" lon="2.86902">
        <ele>163.7</ele>
      </trkpt>
      <trkpt lat="47.73408" lon="2.86884">
        <ele>162.6</ele>
      </trkpt>
      <trkpt lat="47.73143" lon="2.87129">
        <ele>163.3</ele>
      </trkpt>
      <trkpt lat="47.73116" lon="2.87107">
        <ele>164.3</ele>
      </trkpt>
      <trkpt lat="47.72985" lon="2.86982">
        <ele>164.0</ele>
      </trkpt>
      <trkpt lat="47.72769" lon="2.86756">
        <ele>161.0</ele>
      </trkpt>
      <trkpt lat="47.72779" lon="2.86418">
        <ele>164.0</ele>
      </trkpt>
      <trkpt lat="47.72535" lon="2.86277">
        <ele>162.0</ele>
      </trkpt>
      <trkpt lat="47.72478" lon="2.86265">
        <ele>162.1</ele>
      </trkpt>
      <trkpt lat="47.72429" lon="2.86184">
        <ele>163.5</ele>
      </trkpt>
      <trkpt lat="47.72358" lon="2.86017">
        <ele>165.1</ele>
      </trkpt>
      <trkpt lat="47.72288" lon="2.85595">
        <ele>164.4</ele>
      </trkpt>
      <trkpt lat="47.72287" lon="2.85574">
        <ele>165.1</ele>
      </trkpt>
      <trkpt lat="47.72312" lon="2.85417">
        <ele>168.5</ele>
      </trkpt>
      <trkpt lat="47.72343" lon="2.84901">
        <ele>168.0</ele>
      </trkpt>
      <trkpt lat="47.72386" lon="2.84468">
        <ele>169.9</ele>
      </trkpt>
      <trkpt lat="47.7241" lon="2.84198">
        <ele>171.7</ele>
      </trkpt>
      <trkpt lat="47.72408" lon="2.8417">
        <ele>171.7</ele>
      </trkpt>
      <trkpt lat="47.72365" lon="2.84043">
        <ele>172.5</ele>
      </trkpt>
      <trkpt lat="47.72217" lon="2.83653">
        <ele>172.0</ele>
      </trkpt>
      <trkpt lat="47.72118" lon="2.83446">
        <ele>172.0</ele>
      </trkpt>
      <trkpt lat="47.71691" lon="2.83208">
        <ele>170.4</ele>
      </trkpt>
      <trkpt lat="47.71584" lon="2.83149">
        <ele>170.0</ele>
      </trkpt>
      <trkpt lat="47.70992" lon="2.8282">
        <ele>172.0</ele>
      </trkpt>
      <trkpt lat="47.70781" lon="2.82705">
        <ele>171.1</ele>
      </trkpt>
      <trkpt lat="47.70689" lon="2.82854">
        <ele>170.0</ele>
      </trkpt>
      <trkpt lat="47.70469" lon="2.83269">
        <ele>167.9</ele>
      </trkpt>
      <trkpt lat="47.70416" lon="2.83412">
        <ele>167.0</ele>
      </trkpt>
      <trkpt lat="47.70307" lon="2.83649">
        <ele>166.0</ele>
      </trkpt>
      <trkpt lat="47.70184" lon="2.83818">
        <ele>166.0</ele>
      </trkpt>
      <trkpt lat="47.69992" lon="2.84295">
        <ele>164.0</ele>
      </trkpt>
      <trkpt lat="47.69994" lon="2.84325">
        <ele>165.8</ele>
      </trkpt>
      <trkpt lat="47.69948" lon="2.84338">
        <ele>164.1</ele>
      </trkpt>
      <trkpt lat="47.69636" lon="2.84327">
        <ele>163.4</ele>
      </trkpt>
      <trkpt lat="47.696" lon="2.84283">
        <ele>163.0</ele>
      </trkpt>
      <trkpt lat="47.69457" lon="2.84083">
        <ele>161.6</ele>
      </trkpt>
      <trkpt lat="47.69442" lon="2.84002">
        <ele>163.1</ele>
      </trkpt>
      <trkpt lat="47.69329" lon="2.84071">
        <ele>164.1</ele>
      </trkpt>
      <trkpt lat="47.69139" lon="2.84176">
        <ele>161.7</ele>
      </trkpt>
      <trkpt lat="47.69119" lon="2.84138">
        <ele>161.6</ele>
      </trkpt>
      <trkpt lat="47.69094" lon="2.83922">
        <ele>164.8</ele>
      </trkpt>
      <trkpt lat="47.68884" lon="2.83658">
        <ele>164.9</ele>
      </trkpt>
      <trkpt lat="47.6878" lon="2.83467">
        <ele>167.0</ele>
      </trkpt>
      <trkpt lat="47.68622" lon="2.83179">
        <ele>167.2</ele>
      </trkpt>
      <trkpt lat="47.68444" lon="2.82767">
        <ele>155.3</ele>
      </trkpt>
      <trkpt lat="47.68369" lon="2.82678">
        <ele>154.6</ele>
      </trkpt>
      <trkpt lat="47.68172" lon="2.82621">
        <ele>149.5</ele>
      </trkpt>
      <trkpt lat="47.68015" lon="2.82589">
        <ele>150.5</ele>
      </trkpt>
      <trkpt lat="47.67963" lon="2.82546">
        <ele>149.0</ele>
      </trkpt>
      <trkpt lat="47.67943" lon="2.82526">
        <ele>149.0</ele>
      </trkpt>
      <trkpt lat="47.67709" lon="2.82086">
        <ele>149.0</ele>
      </trkpt>
      <trkpt lat="47.67627" lon="2.81973">
        <ele>149.4</ele>
      </trkpt>
      <trkpt lat="47.67388" lon="2.8169">
        <ele>148.2</ele>
      </trkpt>
      <trkpt lat="47.67284" lon="2.81285">
        <ele>150.0</ele>
      </trkpt>
      <trkpt lat="47.67086" lon="2.81112">
        <ele>145.3</ele>
      </trkpt>
      <trkpt lat="47.67031" lon="2.81121">
        <ele>151.0</ele>
      </trkpt>
      <trkpt lat="47.66901" lon="2.80936">
        <ele>149.5</ele>
      </trkpt>
      <trkpt lat="47.66831" lon="2.80737">
        <ele>147.0</ele>
      </trkpt>
      <trkpt lat="47.66663" lon="2.80764">
        <ele>146.1</ele>
      </trkpt>
      <trkpt lat="47.66518" lon="2.80705">
        <ele>153.6</ele>
      </trkpt>
      <trkpt lat="47.66231" lon="2.80859">
        <ele>159.7</ele>
      </trkpt>
      <trkpt lat="47.66068" lon="2.80862">
        <ele>162.0</ele>
      </trkpt>
      <trkpt lat="47.65802" lon="2.80788">
        <ele>167.0</ele>
      </trkpt>
      <trkpt lat="47.65678" lon="2.80881">
        <ele>165.9</ele>
      </trkpt>
      <trkpt lat="47.65359" lon="2.80962">
        <ele>168.0</ele>
      </trkpt>
      <trkpt lat="47.65285" lon="2.80985">
        <ele>167.1</ele>
      </trkpt>
      <trkpt lat="47.65029" lon="2.81141">
        <ele>170.0</ele>
      </trkpt>
      <trkpt lat="47.64666" lon="2.8114">
        <ele>171.0</ele>
      </trkpt>
      <trkpt lat="47.6443" lon="2.81046">
        <ele>171.7</ele>
      </trkpt>
      <trkpt lat="47.64373" lon="2.81018">
        <ele>171.4</ele>
      </trkpt>
      <trkpt lat="47.64293" lon="2.81003">
        <ele>172.0</ele>
      </trkpt>
      <trkpt lat="47.63871" lon="2.81063">
        <ele>173.0</ele>
      </trkpt>
      <trkpt lat="47.63573" lon="2.81172">
        <ele>174.0</ele>
      </trkpt>
      <trkpt lat="47.63418" lon="2.81201">
        <ele>175.0</ele>
      </trkpt>
      <trkpt lat="47.6311" lon="2.81264">
        <ele>179.0</ele>
      </trkpt>
      <trkpt lat="47.62929" lon="2.81259">
        <ele>178.3</ele>
      </trkpt>
      <trkpt lat="47.62763" lon="2.8129">
        <ele>177.7</ele>
      </trkpt>
      <trkpt lat="47.6248" lon="2.81449">
        <ele>179.0</ele>
      </trkpt>
      <trkpt lat="47.61971" lon="2.8172">
        <ele>179.0</ele>
      </trkpt>
      <trkpt lat="47.61865" lon="2.81832">
        <ele>181.0</ele>
      </trkpt>
      <trkpt lat="47.61699" lon="2.81989">
        <ele>180.0</ele>
      </trkpt>
      <trkpt lat="47.61667" lon="2.82008">
        <ele>180.0</ele>
      </trkpt>
      <trkpt lat="47.61475" lon="2.81998">
        <ele>178.0</ele>
      </trkpt>
      <trkpt lat="47.61404" lon="2.81976">
        <ele>178.1</ele>
      </trkpt>
      <trkpt lat="47.61039" lon="2.81833">
        <ele>176.0</ele>
      </trkpt>
      <trkpt lat="47.60945" lon="2.81788">
        <ele>175.4</ele>
      </trkpt>
      <trkpt lat="47.60625" lon="2.81817">
        <ele>170.5</ele>
      </trkpt>
      <trkpt lat="47.60624" lon="2.81821">
        <ele>170.5</ele>
      </trkpt>
      <trkpt lat="47.60498" lon="2.81552">
        <ele>163.0</ele>
      </trkpt>
      <trkpt lat="47.60348" lon="2.81236">
        <ele>168.5</ele>
      </trkpt>
      <trkpt lat="47.60186" lon="2.80885">
        <ele>172.0</ele>
      </trkpt>
      <trkpt lat="47.60031" lon="2.80556">
        <ele>169.1</ele>
      </trkpt>
      <trkpt lat="47.59841" lon="2.80205">
        <ele>162.0</ele>
      </trkpt>
      <trkpt lat="47.59842" lon="2.80145">
        <ele>161.5</ele>
      </trkpt>
      <trkpt lat="47.59917" lon="2.80007">
        <ele>162.0</ele>
      </trkpt>
      <trkpt lat="47.59977" lon="2.79866">
        <ele>163.0</ele>
      </trkpt>
      <trkpt lat="47.60045" lon="2.79714">
        <ele>162.0</ele>
      </trkpt>
      <trkpt lat="47.59916" lon="2.79549">
        <ele>160.0</ele>
      </trkpt>
      <trkpt lat="47.59701" lon="2.79332">
        <ele>155.0</ele>
      </trkpt>
      <trkpt lat="47.59368" lon="2.79084">
        <ele>152.2</ele>
      </trkpt>
      <trkpt lat="47.59453" lon="2.78865">
        <ele>155.9</ele>
      </trkpt>
      <trkpt lat="47.59595" lon="2.78687">
        <ele>158.3</ele>
      </trkpt>
      <trkpt lat="47.59777" lon="2.78407">
        <ele>153.3</ele>
      </trkpt>
      <trkpt lat="47.59783" lon="2.78387">
        <ele>152.1</ele>
      </trkpt>
      <trkpt lat="47.59498" lon="2.77907">
        <ele>143.0</ele>
      </trkpt>
      <trkpt lat="47.59473" lon="2.77871">
        <ele>143.0</ele>
      </trkpt>
      <trkpt lat="47.59271" lon="2.7749">
        <ele>131.4</ele>
      </trkpt>
      <trkpt lat="47.59465" lon="2.77081">
        <ele>132.5</ele>
      </trkpt>
      <trkpt lat="47.59579" lon="2.76877">
        <ele>132.2</ele>
      </trkpt>
      <trkpt lat="47.59685" lon="2.76686">
        <ele>132.6</ele>
      </trkpt>
      <trkpt lat="47.59924" lon="2.76236">
        <ele>134.8</ele>
      </trkpt>
      <trkpt lat="47.59857" lon="2.76152">
        <ele>128.1</ele>
      </trkpt>
      <trkpt lat="47.59644" lon="2.759">
        <ele>137.3</ele>
      </trkpt>
      <trkpt lat="47.59584" lon="2.75828">
        <ele>140.6</ele>
      </trkpt>
      <trkpt lat="47.59447" lon="2.75659">
        <ele>133.8</ele>
      </trkpt>
      <trkpt lat="47.59232" lon="2.75395">
        <ele>133.7</ele>
      </trkpt>
      <trkpt lat="47.5892" lon="2.75162">
        <ele>138.7</ele>
      </trkpt>
      <trkpt lat="47.58899" lon="2.75142">
        <ele>139.6</ele>
      </trkpt>
      <trkpt lat="47.58665" lon="2.74967">
        <ele>147.1</ele>
      </trkpt>
      <trkpt lat="47.58536" lon="2.74954">
        <ele>152.9</ele>
      </trkpt>
      <trkpt lat="47.5849" lon="2.74931">
        <ele>151.4</ele>
      </trkpt>
      <trkpt lat="47.58388" lon="2.75034">
        <ele>156.2</ele>
      </trkpt>
      <trkpt lat="47.58036" lon="2.7528">
        <ele>155.9</ele>
      </trkpt>
      <trkpt lat="47.57767" lon="2.75506">
        <ele>149.3</ele>
      </trkpt>
      <trkpt lat="47.57741" lon="2.75525">
        <ele>149.6</ele>
      </trkpt>
      <trkpt lat="47.57687" lon="2.7555">
        <ele>150.7</ele>
      </trkpt>
      <trkpt lat="47.57436" lon="2.75547">
        <ele>154.1</ele>
      </trkpt>
      <trkpt lat="47.5723" lon="2.75549">
        <ele>155.2</ele>
      </trkpt>
      <trkpt lat="47.56875" lon="2.75541">
        <ele>170.5</ele>
      </trkpt>
      <trkpt lat="47.56847" lon="2.75557">
        <ele>170.0</ele>
      </trkpt>
      <trkpt lat="47.56827" lon="2.7557">
        <ele>169.2</ele>
      </trkpt>
      <trkpt lat="47.5656" lon="2.75795">
        <ele>177.0</ele>
      </trkpt>
      <trkpt lat="47.56396" lon="2.75971">
        <ele>173.7</ele>
      </trkpt>
      <trkpt lat="47.56208" lon="2.76203">
        <ele>179.2</ele>
      </trkpt>
      <trkpt lat="47.56037" lon="2.76604">
        <ele>173.7</ele>
      </trkpt>
      <trkpt lat="47.55894" lon="2.76782">
        <ele>179.2</ele>
      </trkpt>
      <trkpt lat="47.55808" lon="2.76857">
        <ele>179.0</ele>
      </trkpt>
      <trkpt lat="47.55664" lon="2.76975">
        <ele>176.9</ele>
      </trkpt>
      <trkpt lat="47.55399" lon="2.77085">
        <ele>178.4</ele>
      </trkpt>
      <trkpt lat="47.55378" lon="2.77087">
        <ele>178.1</ele>
      </trkpt>
      <trkpt lat="47.55171" lon="2.77065">
        <ele>179.2</ele>
      </trkpt>
      <trkpt lat="47.54974" lon="2.77">
        <ele>177.9</ele>
      </trkpt>
      <trkpt lat="47.54586" lon="2.7678">
        <ele>185.8</ele>
      </trkpt>
      <trkpt lat="47.54539" lon="2.76724">
        <ele>185.7</ele>
      </trkpt>
      <trkpt lat="47.54264" lon="2.76448">
        <ele>190.0</ele>
      </trkpt>
      <trkpt lat="47.54122" lon="2.76411">
        <ele>190.9</ele>
      </trkpt>
      <trkpt lat="47.53922" lon="2.76445">
        <ele>194.0</ele>
      </trkpt>
      <trkpt lat="47.53752" lon="2.76474">
        <ele>191.9</ele>
      </trkpt>
      <trkpt lat="47.534" lon="2.76274">
        <ele>201.0</ele>
      </trkpt>
      <trkpt lat="47.53174" lon="2.76095">
        <ele>206.4</ele>
      </trkpt>
      <trkpt lat="47.52935" lon="2.7599">
        <ele>212.6</ele>
      </trkpt>
      <trkpt lat="47.52634" lon="2.76056">
        <ele>219.0</ele>
      </trkpt>
      <trkpt lat="47.52492" lon="2.76078">
        <ele>212.8</ele>
      </trkpt>
      <trkpt lat="47.52415" lon="2.7609">
        <ele>211.8</ele>
      </trkpt>
      <trkpt lat="47.52097" lon="2.76308">
        <ele>202.5</ele>
      </trkpt>
      <trkpt lat="47.51952" lon="2.76389">
        <ele>200.7</ele>
      </trkpt>
      <trkpt lat="47.51776" lon="2.7636">
        <ele>210.0</ele>
      </trkpt>
      <trkpt lat="47.51643" lon="2.76356">
        <ele>211.0</ele>
      </trkpt>
      <trkpt lat="47.5161" lon="2.76364">
        <ele>211.0</ele>
      </trkpt>
      <trkpt lat="47.51248" lon="2.76594">
        <ele>219.0</ele>
      </trkpt>
      <trkpt lat="47.51213" lon="2.76623">
        <ele>217.5</ele>
      </trkpt>
      <trkpt lat="47.50911" lon="2.76976">
        <ele>204.7</ele>
      </trkpt>
      <trkpt lat="47.50564" lon="2.77127">
        <ele>204.7</ele>
      </trkpt>
      <trkpt lat="47.50532" lon="2.77159">
        <ele>206.0</ele>
      </trkpt>
      <trkpt lat="47.50463" lon="2.77244">
        <ele>208.0</ele>
      </trkpt>
      <trkpt lat="47.50406" lon="2.77284">
        <ele>209.0</ele>
      </trkpt>
      <trkpt lat="47.5023" lon="2.77165">
        <ele>211.0</ele>
      </trkpt>
      <trkpt lat="47.5014" lon="2.77118">
        <ele>211.0</ele>
      </trkpt>
      <trkpt lat="47.49961" lon="2.77254">
        <ele>208.6</ele>
      </trkpt>
      <trkpt lat="47.49702" lon="2.77369">
        <ele>189.5</ele>
      </trkpt>
      <trkpt lat="47.49655" lon="2.77354">
        <ele>188.6</ele>
      </trkpt>
      <trkpt lat="47.49248" lon="2.77346">
        <ele>195.5</ele>
      </trkpt>
      <trkpt lat="47.4911" lon="2.77383">
        <ele>191.0</ele>
      </trkpt>
      <trkpt lat="47.48989" lon="2.77506">
        <ele>199.4</ele>
      </trkpt>
      <trkpt lat="47.48893" lon="2.7735">
        <ele>201.0</ele>
      </trkpt>
      <trkpt lat="47.48877" lon="2.77336">
        <ele>201.4</ele>
      </trkpt>
      <trkpt lat="47.4855" lon="2.76991">
        <ele>205.7</ele>
      </trkpt>
      <trkpt lat="47.48466" lon="2.77013">
        <ele>207.0</ele>
      </trkpt>
      <trkpt lat="47.48267" lon="2.77159">
        <ele>206.6</ele>
      </trkpt>
      <trkpt lat="47.48026" lon="2.77499">
        <ele>200.0</ele>
      </trkpt>
      <trkpt lat="47.47977" lon="2.77617">
        <ele>195.5</ele>
      </trkpt>
      <trkpt lat="47.47679" lon="2.77929">
        <ele>196.0</ele>
      </trkpt>
      <trkpt lat="47.47493" lon="2.78051">
        <ele>203.7</ele>
      </trkpt>
      <trkpt lat="47.47358" lon="2.78167">
        <ele>204.8</ele>
      </trkpt>
      <trkpt lat="47.47222" lon="2.78383">
        <ele>208.6</ele>
      </trkpt>
      <trkpt lat="47.47107" lon="2.7844">
        <ele>209.8</ele>
      </trkpt>
      <trkpt lat="47.47092" lon="2.78443">
        <ele>209.9</ele>
      </trkpt>
      <trkpt lat="47.46721" lon="2.78641">
        <ele>212.1</ele>
      </trkpt>
      <trkpt lat="47.46649" lon="2.78661">
        <ele>213.8</ele>
      </trkpt>
      <trkpt lat="47.46452" lon="2.78766">
        <ele>216.4</ele>
      </trkpt>
      <trkpt lat="47.46224" lon="2.78822">
        <ele>217.0</ele>
      </trkpt>
      <trkpt lat="47.45886" lon="2.78909">
        <ele>222.0</ele>
      </trkpt>
      <trkpt lat="47.45683" lon="2.78931">
        <ele>218.8</ele>
      </trkpt>
      <trkpt lat="47.45427" lon="2.7891">
        <ele>228.2</ele>
      </trkpt>
      <trkpt lat="47.45294" lon="2.78967">
        <ele>227.1</ele>
      </trkpt>
      <trkpt lat="47.45007" lon="2.79145">
        <ele>233.0</ele>
      </trkpt>
      <trkpt lat="47.44951" lon="2.79153">
        <ele>233.6</ele>
      </trkpt>
      <trkpt lat="47.4479" lon="2.79191">
        <ele>243.0</ele>
      </trkpt>
      <trkpt lat="47.44662" lon="2.79228">
        <ele>238.6</ele>
      </trkpt>
      <trkpt lat="47.44361" lon="2.79731">
        <ele>240.7</ele>
      </trkpt>
      <trkpt lat="47.44312" lon="2.79844">
        <ele>237.8</ele>
      </trkpt>
      <trkpt lat="47.44282" lon="2.79962">
        <ele>232.5</ele>
      </trkpt>
      <trkpt lat="47.44221" lon="2.80098">
        <ele>223.9</ele>
      </trkpt>
      <trkpt lat="47.44072" lon="2.80141">
        <ele>216.4</ele>
      </trkpt>
      <trkpt lat="47.43759" lon="2.8033">
        <ele>232.3</ele>
      </trkpt>
      <trkpt lat="47.43686" lon="2.80512">
        <ele>224.9</ele>
      </trkpt>
      <trkpt lat="47.43618" lon="2.80633">
        <ele>232.3</ele>
      </trkpt>
      <trkpt lat="47.43354" lon="2.80367">
        <ele>237.0</ele>
      </trkpt>
      <trkpt lat="47.43107" lon="2.80351">
        <ele>233.4</ele>
      </trkpt>
      <trkpt lat="47.42962" lon="2.80394">
        <ele>236.9</ele>
      </trkpt>
      <trkpt lat="47.4288" lon="2.804">
        <ele>235.9</ele>
      </trkpt>
      <trkpt lat="47.4256" lon="2.80386">
        <ele>222.4</ele>
      </trkpt>
      <trkpt lat="47.42153" lon="2.80395">
        <ele>221.7</ele>
      </trkpt>
      <trkpt lat="47.42028" lon="2.80381">
        <ele>225.7</ele>
      </trkpt>
      <trkpt lat="47.4195" lon="2.80423">
        <ele>236.0</ele>
      </trkpt>
      <trkpt lat="47.41755" lon="2.8055">
        <ele>247.0</ele>
      </trkpt>
      <trkpt lat="47.41544" lon="2.80685">
        <ele>236.9</ele>
      </trkpt>
      <trkpt lat="47.41239" lon="2.80831">
        <ele>224.4</ele>
      </trkpt>
      <trkpt lat="47.41147" lon="2.80866">
        <ele>231.0</ele>
      </trkpt>
      <trkpt lat="47.4083" lon="2.81107">
        <ele>247.4</ele>
      </trkpt>
      <trkpt lat="47.40766" lon="2.81158">
        <ele>250.6</ele>
      </trkpt>
      <trkpt lat="47.40341" lon="2.81296">
        <ele>254.9</ele>
      </trkpt>
      <trkpt lat="47.40297" lon="2.81305">
        <ele>254.0</ele>
      </trkpt>
      <trkpt lat="47.39938" lon="2.81369">
        <ele>240.8</ele>
      </trkpt>
      <trkpt lat="47.39635" lon="2.8153">
        <ele>240.1</ele>
      </trkpt>
      <trkpt lat="47.39552" lon="2.81578">
        <ele>244.1</ele>
      </trkpt>
      <trkpt lat="47.39486" lon="2.81597">
        <ele>248.5</ele>
      </trkpt>
      <trkpt lat="47.39467" lon="2.81613">
        <ele>249.2</ele>
      </trkpt>
      <trkpt lat="47.39362" lon="2.81428">
        <ele>256.6</ele>
      </trkpt>
      <trkpt lat="47.39167" lon="2.81226">
        <ele>262.9</ele>
      </trkpt>
      <trkpt lat="47.38923" lon="2.80911">
        <ele>287.2</ele>
      </trkpt>
      <trkpt lat="47.38847" lon="2.80819">
        <ele>289.0</ele>
      </trkpt>
      <trkpt lat="47.38557" lon="2.80439">
        <ele>294.0</ele>
      </trkpt>
      <trkpt lat="47.38431" lon="2.80432">
        <ele>285.9</ele>
      </trkpt>
      <trkpt lat="47.38169" lon="2.80447">
        <ele>295.9</ele>
      </trkpt>
      <trkpt lat="47.38177" lon="2.80321">
        <ele>298.2</ele>
      </trkpt>
      <trkpt lat="47.38092" lon="2.80261">
        <ele>294.6</ele>
      </trkpt>
      <trkpt lat="47.37943" lon="2.80046">
        <ele>267.3</ele>
      </trkpt>
      <trkpt lat="47.37861" lon="2.80149">
        <ele>257.3</ele>
      </trkpt>
      <trkpt lat="47.37827" lon="2.80195">
        <ele>251.8</ele>
      </trkpt>
      <trkpt lat="47.37591" lon="2.80447">
        <ele>231.8</ele>
      </trkpt>
      <trkpt lat="47.37476" lon="2.80454">
        <ele>224.5</ele>
      </trkpt>
      <trkpt lat="47.37412" lon="2.80446">
        <ele>223.1</ele>
      </trkpt>
      <trkpt lat="47.37261" lon="2.80415">
        <ele>241.7</ele>
      </trkpt>
      <trkpt lat="47.36893" lon="2.80291">
        <ele>238.6</ele>
      </trkpt>
      <trkpt lat="47.3668" lon="2.8036">
        <ele>227.5</ele>
      </trkpt>
      <trkpt lat="47.36631" lon="2.80356">
        <ele>226.2</ele>
      </trkpt>
      <trkpt lat="47.36464" lon="2.80338">
        <ele>227.4</ele>
      </trkpt>
      <trkpt lat="47.36286" lon="2.80148">
        <ele>229.0</ele>
      </trkpt>
      <trkpt lat="47.36247" lon="2.80116">
        <ele>229.6</ele>
      </trkpt>
      <trkpt lat="47.36004" lon="2.79714">
        <ele>242.4</ele>
      </trkpt>
      <trkpt lat="47.35992" lon="2.79713">
        <ele>242.5</ele>
      </trkpt>
      <trkpt lat="47.35883" lon="2.79705">
        <ele>235.7</ele>
      </trkpt>
      <trkpt lat="47.35572" lon="2.79539">
        <ele>245.6</ele>
      </trkpt>
      <trkpt lat="47.35535" lon="2.7952">
        <ele>246.2</ele>
      </trkpt>
      <trkpt lat="47.3518" lon="2.79258">
        <ele>267.5</ele>
      </trkpt>
      <trkpt lat="47.35117" lon="2.79207">
        <ele>272.7</ele>
      </trkpt>
      <trkpt lat="47.34799" lon="2.79081">
        <ele>301.6</ele>
      </trkpt>
      <trkpt lat="47.34692" lon="2.79047">
        <ele>314.0</ele>
      </trkpt>
      <trkpt lat="47.3441" lon="2.7884">
        <ele>336.2</ele>
      </trkpt>
      <trkpt lat="47.34328" lon="2.78825">
        <ele>337.9</ele>
      </trkpt>
      <trkpt lat="47.34278" lon="2.78813">
        <ele>339.0</ele>
      </trkpt>
      <trkpt lat="47.34132" lon="2.78702">
        <ele>338.9</ele>
      </trkpt>
      <trkpt lat="47.34209" lon="2.79095">
        <ele>337.9</ele>
      </trkpt>
      <trkpt lat="47.34212" lon="2.79111">
        <ele>337.9</ele>
      </trkpt>
      <trkpt lat="47.3398" lon="2.78789">
        <ele>305.5</ele>
      </trkpt>
      <trkpt lat="47.33969" lon="2.78805">
        <ele>303.7</ele>
      </trkpt>
      <trkpt lat="47.33964" lon="2.78823">
        <ele>302.2</ele>
      </trkpt>
      <trkpt lat="47.33802" lon="2.79414">
        <ele>249.9</ele>
      </trkpt>
      <trkpt lat="47.33789" lon="2.79436">
        <ele>248.3</ele>
      </trkpt>
      <trkpt lat="47.33756" lon="2.79528">
        <ele>242.3</ele>
      </trkpt>
      <trkpt lat="47.33749" lon="2.79973">
        <ele>217.1</ele>
      </trkpt>
      <trkpt lat="47.33758" lon="2.80068">
        <ele>217.7</ele>
      </trkpt>
      <trkpt lat="47.33791" lon="2.80609">
        <ele>219.7</ele>
      </trkpt>
      <trkpt lat="47.33797" lon="2.80841">
        <ele>210.6</ele>
      </trkpt>
      <trkpt lat="47.33655" lon="2.8127">
        <ele>193.0</ele>
      </trkpt>
      <trkpt lat="47.3363" lon="2.8134">
        <ele>191.2</ele>
      </trkpt>
      <trkpt lat="47.33584" lon="2.8195">
        <ele>185.8</ele>
      </trkpt>
      <trkpt lat="47.33494" lon="2.82175">
        <ele>195.7</ele>
      </trkpt>
      <trkpt lat="47.3333" lon="2.82479">
        <ele>181.8</ele>
      </trkpt>
      <trkpt lat="47.33301" lon="2.8252">
        <ele>181.0</ele>
      </trkpt>
      <trkpt lat="47.33079" lon="2.8301">
        <ele>205.4</ele>
      </trkpt>
      <trkpt lat="47.33069" lon="2.83015">
        <ele>207.1</ele>
      </trkpt>
      <trkpt lat="47.32911" lon="2.83337">
        <ele>248.0</ele>
      </trkpt>
      <trkpt lat="47.32968" lon="2.83438">
        <ele>256.3</ele>
      </trkpt>
      <trkpt lat="47.32984" lon="2.83557">
        <ele>269.8</ele>
      </trkpt>
      <trkpt lat="47.33079" lon="2.83714">
        <ele>286.7</ele>
      </trkpt>
      <trkpt lat="47.33258" lon="2.83839">
        <ele>284.9</ele>
      </trkpt>
      <trkpt lat="47.33259" lon="2.83841">
        <ele>285.0</ele>
      </trkpt>
      <trkpt lat="47.33101" lon="2.84024">
        <ele>303.9</ele>
      </trkpt>
      <trkpt lat="47.32908" lon="2.83942">
        <ele>287.7</ele>
      </trkpt>
      <trkpt lat="47.32905" lon="2.83946">
        <ele>287.3</ele>
      </trkpt>
      <trkpt lat="47.33094" lon="2.84456">
        <ele>242.5</ele>
      </trkpt>
      <trkpt lat="47.33091" lon="2.84484">
        <ele>238.6</ele>
      </trkpt>
      <trkpt lat="47.33102" lon="2.84512">
        <ele>236.5</ele>
      </trkpt>
      <trkpt lat="47.3339" lon="2.84706">
        <ele>189.5</ele>
      </trkpt>
      <trkpt lat="47.33432" lon="2.84745">
        <ele>185.1</ele>
      </trkpt>
      <trkpt lat="47.33528" lon="2.84822">
        <ele>181.4</ele>
      </trkpt>
      <trkpt lat="47.33519" lon="2.84869">
        <ele>182.3</ele>
      </trkpt>
      <trkpt lat="47.33312" lon="2.85141">
        <ele>182.2</ele>
      </trkpt>
      <trkpt lat="47.33216" lon="2.85207">
        <ele>182.6</ele>
      </trkpt>
      <trkpt lat="47.32919" lon="2.85148">
        <ele>186.7</ele>
      </trkpt>
      <trkpt lat="47.32826" lon="2.8514">
        <ele>190.0</ele>
      </trkpt>
      <trkpt lat="47.32555" lon="2.85236">
        <ele>175.7</ele>
      </trkpt>
      <trkpt lat="47.32362" lon="2.85262">
        <ele>174.1</ele>
      </trkpt>
      <trkpt lat="47.32121" lon="2.85296">
        <ele>182.4</ele>
      </trkpt>
      <trkpt lat="47.32002" lon="2.85303">
        <ele>182.9</ele>
      </trkpt>
      <trkpt lat="47.31736" lon="2.85341">
        <ele>165.9</ele>
      </trkpt>
      <trkpt lat="47.31689" lon="2.85357">
        <ele>165.4</ele>
      </trkpt>
      <trkpt lat="47.31635" lon="2.85381">
        <ele>173.6</ele>
      </trkpt>
      <trkpt lat="47.31242" lon="2.8567">
        <ele>187.2</ele>
      </trkpt>
      <trkpt lat="47.31047" lon="2.85714">
        <ele>189.7</ele>
      </trkpt>
      <trkpt lat="47.30812" lon="2.85705">
        <ele>182.1</ele>
      </trkpt>
      <trkpt lat="47.30767" lon="2.85706">
        <ele>182.2</ele>
      </trkpt>
      <trkpt lat="47.30586" lon="2.85805">
        <ele>191.0</ele>
      </trkpt>
      <trkpt lat="47.3019" lon="2.86126">
        <ele>195.4</ele>
      </trkpt>
      <trkpt lat="47.30261" lon="2.86293">
        <ele>183.8</ele>
      </trkpt>
      <trkpt lat="47.30341" lon="2.86404">
        <ele>175.0</ele>
      </trkpt>
      <trkpt lat="47.30484" lon="2.86712">
        <ele>156.2</ele>
      </trkpt>
      <trkpt lat="47.30411" lon="2.86869">
        <ele>156.9</ele>
      </trkpt>
      <trkpt lat="47.30388" lon="2.86997">
        <ele>154.1</ele>
      </trkpt>
      <trkpt lat="47.30026" lon="2.87514">
        <ele>157.0</ele>
      </trkpt>
      <trkpt lat="47.30013" lon="2.87532">
        <ele>156.9</ele>
      </trkpt>
      <trkpt lat="47.30119" lon="2.87763">
        <ele>153.4</ele>
      </trkpt>
      <trkpt lat="47.30165" lon="2.87842">
        <ele>154.3</ele>
      </trkpt>
      <trkpt lat="47.30221" lon="2.87963">
        <ele>149.0</ele>
      </trkpt>
      <trkpt lat="47.3038" lon="2.88186">
        <ele>149.0</ele>
      </trkpt>
      <trkpt lat="47.30264" lon="2.88481">
        <ele>148.8</ele>
      </trkpt>
      <trkpt lat="47.30282" lon="2.88718">
        <ele>149.7</ele>
      </trkpt>
      <trkpt lat="47.30375" lon="2.89149">
        <ele>149.7</ele>
      </trkpt>
      <trkpt lat="47.30364" lon="2.89201">
        <ele>150.0</ele>
      </trkpt>
      <trkpt lat="47.30173" lon="2.89632">
        <ele>150.0</ele>
      </trkpt>
      <trkpt lat="47.29949" lon="2.90227">
        <ele>150.0</ele>
      </trkpt>
      <trkpt lat="47.29647" lon="2.90771">
        <ele>150.8</ele>
      </trkpt>
      <trkpt lat="47.29607" lon="2.90829">
        <ele>151.0</ele>
      </trkpt>
      <trkpt lat="47.29461" lon="2.90954">
        <ele>150.3</ele>
      </trkpt>
      <trkpt lat="47.29317" lon="2.91116">
        <ele>151.0</ele>
      </trkpt>
      <trkpt lat="47.29145" lon="2.91269">
        <ele>151.0</ele>
      </trkpt>
      <trkpt lat="47.292" lon="2.91503">
        <ele>151.0</ele>
      </trkpt>
      <trkpt lat="47.29234" lon="2.91594">
        <ele>151.0</ele>
      </trkpt>
      <trkpt lat="47.29147" lon="2.91678">
        <ele>150.0</ele>
      </trkpt>
      <trkpt lat="47.28904" lon="2.91785">
        <ele>151.0</ele>
      </trkpt>
      <trkpt lat="47.28634" lon="2.92111">
        <ele>151.2</ele>
      </trkpt>
      <trkpt lat="47.28754" lon="2.92398">
        <ele>150.0</ele>
      </trkpt>
      <trkpt lat="47.28885" lon="2.92686">
        <ele>151.0</ele>
      </trkpt>
      <trkpt lat="47.28988" lon="2.92956">
        <ele>151.0</ele>
      </trkpt>
      <trkpt lat="47.2901" lon="2.93022">
        <ele>150.4</ele>
      </trkpt>
      <trkpt lat="47.28855" lon="2.93292">
        <ele>149.9</ele>
      </trkpt>
      <trkpt lat="47.28709" lon="2.93485">
        <ele>150.1</ele>
      </trkpt>
      <trkpt lat="47.28585" lon="2.93595">
        <ele>151.0</ele>
      </trkpt>
      <trkpt lat="47.28302" lon="2.93913">
        <ele>151.1</ele>
      </trkpt>
      <trkpt lat="47.28158" lon="2.93994">
        <ele>150.7</ele>
      </trkpt>
      <trkpt lat="47.28005" lon="2.9409">
        <ele>150.9</ele>
      </trkpt>
      <trkpt lat="47.27827" lon="2.94249">
        <ele>151.2</ele>
      </trkpt>
      <trkpt lat="47.27668" lon="2.94354">
        <ele>151.7</ele>
      </trkpt>
      <trkpt lat="47.27452" lon="2.94666">
        <ele>152.5</ele>
      </trkpt>
      <trkpt lat="47.27309" lon="2.94932">
        <ele>152.3</ele>
      </trkpt>
      <trkpt lat="47.27171" lon="2.95049">
        <ele>152.6</ele>
      </trkpt>
      <trkpt lat="47.27278" lon="2.95163">
        <ele>153.0</ele>
      </trkpt>
      <trkpt lat="47.2728" lon="2.9544">
        <ele>154.5</ele>
      </trkpt>
      <trkpt lat="47.27324" lon="2.95643">
        <ele>151.8</ele>
      </trkpt>
      <trkpt lat="47.27317" lon="2.95661">
        <ele>152.0</ele>
      </trkpt>
      <trkpt lat="47.27197" lon="2.95828">
        <ele>154.0</ele>
      </trkpt>
      <trkpt lat="47.27136" lon="2.95916">
        <ele>155.4</ele>
      </trkpt>
      <trkpt lat="47.26758" lon="2.96437">
        <ele>154.9</ele>
      </trkpt>
      <trkpt lat="47.26731" lon="2.96474">
        <ele>154.6</ele>
      </trkpt>
      <trkpt lat="47.26436" lon="2.96873">
        <ele>154.4</ele>
      </trkpt>
      <trkpt lat="47.26202" lon="2.97109">
        <ele>155.1</ele>
      </trkpt>
      <trkpt lat="47.26143" lon="2.97155">
        <ele>155.7</ele>
      </trkpt>
      <trkpt lat="47.25765" lon="2.97376">
        <ele>154.5</ele>
      </trkpt>
      <trkpt lat="47.25393" lon="2.97482">
        <ele>155.9</ele>
      </trkpt>
      <trkpt lat="47.25141" lon="2.97488">
        <ele>156.4</ele>
      </trkpt>
      <trkpt lat="47.24929" lon="2.97467">
        <ele>155.8</ele>
      </trkpt>
      <trkpt lat="47.24625" lon="2.97446">
        <ele>156.4</ele>
      </trkpt>
      <trkpt lat="47.24478" lon="2.97467">
        <ele>154.7</ele>
      </trkpt>
      <trkpt lat="47.24446" lon="2.97466">
        <ele>155.0</ele>
      </trkpt>
      <trkpt lat="47.24411" lon="2.97453">
        <ele>155.9</ele>
      </trkpt>
      <trkpt lat="47.23966" lon="2.97284">
        <ele>156.3</ele>
      </trkpt>
      <trkpt lat="47.23787" lon="2.97295">
        <ele>155.4</ele>
      </trkpt>
      <trkpt lat="47.23319" lon="2.97319">
        <ele>155.8</ele>
      </trkpt>
      <trkpt lat="47.23178" lon="2.97361">
        <ele>157.0</ele>
      </trkpt>
      <trkpt lat="47.22999" lon="2.97418">
        <ele>156.7</ele>
      </trkpt>
      <trkpt lat="47.2292" lon="2.974">
        <ele>154.8</ele>
      </trkpt>
      <trkpt lat="47.22688" lon="2.97405">
        <ele>155.0</ele>
      </trkpt>
      <trkpt lat="47.22322" lon="2.97452">
        <ele>156.2</ele>
      </trkpt>
      <trkpt lat="47.22193" lon="2.97472">
        <ele>157.0</ele>
      </trkpt>
      <trkpt lat="47.21935" lon="2.97503">
        <ele>156.5</ele>
      </trkpt>
      <trkpt lat="47.21925" lon="2.97509">
        <ele>156.1</ele>
      </trkpt>
      <trkpt lat="47.21701" lon="2.97716">
        <ele>156.5</ele>
      </trkpt>
      <trkpt lat="47.21528" lon="2.97881">
        <ele>157.0</ele>
      </trkpt>
      <trkpt lat="47.21408" lon="2.98025">
        <ele>156.3</ele>
      </trkpt>
      <trkpt lat="47.21177" lon="2.98285">
        <ele>156.7</ele>
      </trkpt>
      <trkpt lat="47.21016" lon="2.98448">
        <ele>156.9</ele>
      </trkpt>
      <trkpt lat="47.20794" lon="2.98663">
        <ele>156.5</ele>
      </trkpt>
      <trkpt lat="47.20668" lon="2.9883">
        <ele>156.9</ele>
      </trkpt>
      <trkpt lat="47.20481" lon="2.99002">
        <ele>156.1</ele>
      </trkpt>
      <trkpt lat="47.20464" lon="2.99012">
        <ele>155.5</ele>
      </trkpt>
      <trkpt lat="47.20287" lon="2.99087">
        <ele>156.1</ele>
      </trkpt>
      <trkpt lat="47.20067" lon="2.99211">
        <ele>156.3</ele>
      </trkpt>
      <trkpt lat="47.19912" lon="2.99304">
        <ele>156.4</ele>
      </trkpt>
      <trkpt lat="47.19535" lon="2.99506">
        <ele>158.0</ele>
      </trkpt>
      <trkpt lat="47.1944" lon="2.99548">
        <ele>158.0</ele>
      </trkpt>
      <trkpt lat="47.1919" lon="2.99633">
        <ele>156.7</ele>
      </trkpt>
      <trkpt lat="47.19046" lon="2.99736">
        <ele>157.2</ele>
      </trkpt>
      <trkpt lat="47.18892" lon="2.99906">
        <ele>158.9</ele>
      </trkpt>
      <trkpt lat="47.18367" lon="3.00247">
        <ele>158.8</ele>
      </trkpt>
      <trkpt lat="47.18317" lon="3.00261">
        <ele>158.0</ele>
      </trkpt>
      <trkpt lat="47.18216" lon="3.0024">
        <ele>157.5</ele>
      </trkpt>
      <trkpt lat="47.18188" lon="3.00246">
        <ele>158.0</ele>
      </trkpt>
      <trkpt lat="47.17655" lon="3.00581">
        <ele>157.5</ele>
      </trkpt>
      <trkpt lat="47.17503" lon="3.00784">
        <ele>159.4</ele>
      </trkpt>
      <trkpt lat="47.17459" lon="3.00809">
        <ele>160.6</ele>
      </trkpt>
      <trkpt lat="47.17556" lon="3.01055">
        <ele>161.8</ele>
      </trkpt>
      <trkpt lat="47.17637" lon="3.01264">
        <ele>158.9</ele>
      </trkpt>
      <trkpt lat="47.17681" lon="3.01373">
        <ele>154.7</ele>
      </trkpt>
      <trkpt lat="47.17676" lon="3.01812">
        <ele>173.3</ele>
      </trkpt>
      <trkpt lat="47.17691" lon="3.01843">
        <ele>175.3</ele>
      </trkpt>
      <trkpt lat="47.17732" lon="3.02126">
        <ele>190.2</ele>
      </trkpt>
      <trkpt lat="47.17519" lon="3.02172">
        <ele>201.5</ele>
      </trkpt>
      <trkpt lat="47.17381" lon="3.02224">
        <ele>206.1</ele>
      </trkpt>
      <trkpt lat="47.17131" lon="3.02303">
        <ele>194.4</ele>
      </trkpt>
      <trkpt lat="47.17029" lon="3.02334">
        <ele>185.1</ele>
      </trkpt>
      <trkpt lat="47.17206" lon="3.02735">
        <ele>203.7</ele>
      </trkpt>
      <trkpt lat="47.17091" lon="3.02865">
        <ele>208.0</ele>
      </trkpt>
      <trkpt lat="47.16851" lon="3.03152">
        <ele>196.1</ele>
      </trkpt>
      <trkpt lat="47.16793" lon="3.03227">
        <ele>195.2</ele>
      </trkpt>
      <trkpt lat="47.16631" lon="3.03756">
        <ele>209.2</ele>
      </trkpt>
      <trkpt lat="47.16624" lon="3.03798">
        <ele>208.9</ele>
      </trkpt>
      <trkpt lat="47.16461" lon="3.04279">
        <ele>214.0</ele>
      </trkpt>
      <trkpt lat="47.16433" lon="3.04364">
        <ele>213.0</ele>
      </trkpt>
      <trkpt lat="47.16136" lon="3.04761">
        <ele>169.5</ele>
      </trkpt>
      <trkpt lat="47.16026" lon="3.04948">
        <ele>166.9</ele>
      </trkpt>
      <trkpt lat="47.15931" lon="3.05173">
        <ele>172.0</ele>
      </trkpt>
      <trkpt lat="47.16055" lon="3.05243">
        <ele>169.0</ele>
      </trkpt>
      <trkpt lat="47.16065" lon="3.05245">
        <ele>168.9</ele>
      </trkpt>
      <trkpt lat="47.16203" lon="3.05243">
        <ele>169.0</ele>
      </trkpt>
      <trkpt lat="47.15831" lon="3.06046">
        <ele>186.7</ele>
      </trkpt>
      <trkpt lat="47.15747" lon="3.0623">
        <ele>192.1</ele>
      </trkpt>
      <trkpt lat="47.15687" lon="3.06359">
        <ele>194.3</ele>
      </trkpt>
      <trkpt lat="47.15798" lon="3.06508">
        <ele>195.3</ele>
      </trkpt>
      <trkpt lat="47.15955" lon="3.06708">
        <ele>195.3</ele>
      </trkpt>
      <trkpt lat="47.15963" lon="3.06727">
        <ele>195.5</ele>
      </trkpt>
      <trkpt lat="47.15777" lon="3.07095">
        <ele>211.0</ele>
      </trkpt>
      <trkpt lat="47.15829" lon="3.07176">
        <ele>211.9</ele>
      </trkpt>
      <trkpt lat="47.15891" lon="3.07337">
        <ele>213.1</ele>
      </trkpt>
      <trkpt lat="47.15885" lon="3.07346">
        <ele>213.4</ele>
      </trkpt>
      <trkpt lat="47.15622" lon="3.07577">
        <ele>212.5</ele>
      </trkpt>
      <trkpt lat="47.15604" lon="3.07613">
        <ele>213.3</ele>
      </trkpt>
      <trkpt lat="47.15566" lon="3.08139">
        <ele>223.0</ele>
      </trkpt>
      <trkpt lat="47.15558" lon="3.08337">
        <ele>226.1</ele>
      </trkpt>
      <trkpt lat="47.15511" lon="3.08642">
        <ele>232.0</ele>
      </trkpt>
      <trkpt lat="47.15474" lon="3.08885">
        <ele>233.0</ele>
      </trkpt>
      <trkpt lat="47.15459" lon="3.09332">
        <ele>236.0</ele>
      </trkpt>
      <trkpt lat="47.15333" lon="3.0935">
        <ele>229.2</ele>
      </trkpt>
      <trkpt lat="47.15232" lon="3.09382">
        <ele>218.4</ele>
      </trkpt>
      <trkpt lat="47.15206" lon="3.09382">
        <ele>218.6</ele>
      </trkpt>
      <trkpt lat="47.15046" lon="3.09769">
        <ele>224.2</ele>
      </trkpt>
      <trkpt lat="47.14897" lon="3.10159">
        <ele>232.0</ele>
      </trkpt>
      <trkpt lat="47.14833" lon="3.10447">
        <ele>235.0</ele>
      </trkpt>
      <trkpt lat="47.14685" lon="3.10912">
        <ele>244.9</ele>
      </trkpt>
      <trkpt lat="47.14642" lon="3.1099">
        <ele>248.2</ele>
      </trkpt>
      <trkpt lat="47.14435" lon="3.11454">
        <ele>254.8</ele>
      </trkpt>
      <trkpt lat="47.14352" lon="3.11575">
        <ele>257.5</ele>
      </trkpt>
      <trkpt lat="47.14179" lon="3.11928">
        <ele>267.9</ele>
      </trkpt>
      <trkpt lat="47.14113" lon="3.12106">
        <ele>268.3</ele>
      </trkpt>
      <trkpt lat="47.14051" lon="3.1228">
        <ele>271.8</ele>
      </trkpt>
      <trkpt lat="47.13941" lon="3.1239">
        <ele>275.0</ele>
      </trkpt>
      <trkpt lat="47.13865" lon="3.12465">
        <ele>277.0</ele>
      </trkpt>
      <trkpt lat="47.13842" lon="3.12492">
        <ele>278.1</ele>
      </trkpt>
      <trkpt lat="47.13747" lon="3.12098">
        <ele>295.3</ele>
      </trkpt>
      <trkpt lat="47.13496" lon="3.12242">
        <ele>324.0</ele>
      </trkpt>
      <trkpt lat="47.13364" lon="3.12317">
        <ele>327.1</ele>
      </trkpt>
      <trkpt lat="47.13011" lon="3.12519">
        <ele>333.2</ele>
      </trkpt>
      <trkpt lat="47.12846" lon="3.12516">
        <ele>330.7</ele>
      </trkpt>
      <trkpt lat="47.12741" lon="3.12481">
        <ele>330.5</ele>
      </trkpt>
      <trkpt lat="47.12591" lon="3.125">
        <ele>324.6</ele>
      </trkpt>
      <trkpt lat="47.12388" lon="3.12589">
        <ele>324.8</ele>
      </trkpt>
      <trkpt lat="47.1235" lon="3.1259">
        <ele>325.9</ele>
      </trkpt>
      <trkpt lat="47.12051" lon="3.12425">
        <ele>335.4</ele>
      </trkpt>
      <trkpt lat="47.11948" lon="3.12401">
        <ele>335.9</ele>
      </trkpt>
      <trkpt lat="47.11726" lon="3.12385">
        <ele>339.7</ele>
      </trkpt>
      <trkpt lat="47.11525" lon="3.12324">
        <ele>334.6</ele>
      </trkpt>
      <trkpt lat="47.11319" lon="3.12246">
        <ele>322.3</ele>
      </trkpt>
      <trkpt lat="47.11088" lon="3.12206">
        <ele>322.8</ele>
      </trkpt>
      <trkpt lat="47.10695" lon="3.1219">
        <ele>328.0</ele>
      </trkpt>
      <trkpt lat="47.10629" lon="3.12172">
        <ele>329.3</ele>
      </trkpt>
      <trkpt lat="47.1045" lon="3.12204">
        <ele>316.4</ele>
      </trkpt>
      <trkpt lat="47.10348" lon="3.12408">
        <ele>294.3</ele>
      </trkpt>
      <trkpt lat="47.1042" lon="3.12469">
        <ele>291.6</ele>
      </trkpt>
      <trkpt lat="47.10354" lon="3.13025">
        <ele>267.1</ele>
      </trkpt>
      <trkpt lat="47.10325" lon="3.13129">
        <ele>262.7</ele>
      </trkpt>
      <trkpt lat="47.10366" lon="3.13237">
        <ele>258.2</ele>
      </trkpt>
      <trkpt lat="47.10223" lon="3.13516">
        <ele>249.0</ele>
      </trkpt>
      <trkpt lat="47.10052" lon="3.13757">
        <ele>245.1</ele>
      </trkpt>
      <trkpt lat="47.10023" lon="3.14001">
        <ele>248.6</ele>
      </trkpt>
      <trkpt lat="47.09982" lon="3.14031">
        <ele>251.8</ele>
      </trkpt>
      <trkpt lat="47.09894" lon="3.14031">
        <ele>256.6</ele>
      </trkpt>
      <trkpt lat="47.09601" lon="3.14237">
        <ele>235.6</ele>
      </trkpt>
      <trkpt lat="47.09566" lon="3.14299">
        <ele>233.4</ele>
      </trkpt>
      <trkpt lat="47.09185" lon="3.14505">
        <ele>227.8</ele>
      </trkpt>
      <trkpt lat="47.09106" lon="3.14524">
        <ele>227.0</ele>
      </trkpt>
      <trkpt lat="47.09105" lon="3.14611">
        <ele>226.0</ele>
      </trkpt>
      <trkpt lat="47.09135" lon="3.1483">
        <ele>229.7</ele>
      </trkpt>
      <trkpt lat="47.09127" lon="3.1484">
        <ele>229.8</ele>
      </trkpt>
      <trkpt lat="47.0895" lon="3.15081">
        <ele>226.2</ele>
      </trkpt>
      <trkpt lat="47.08774" lon="3.15418">
        <ele>220.9</ele>
      </trkpt>
      <trkpt lat="47.08702" lon="3.15519">
        <ele>220.0</ele>
      </trkpt>
      <trkpt lat="47.08552" lon="3.15709">
        <ele>216.5</ele>
      </trkpt>
      <trkpt lat="47.08451" lon="3.1577">
        <ele>215.8</ele>
      </trkpt>
      <trkpt lat="47.08341" lon="3.15725">
        <ele>214.9</ele>
      </trkpt>
      <trkpt lat="47.08187" lon="3.15695">
        <ele>212.7</ele>
      </trkpt>
      <trkpt lat="47.08187" lon="3.15655">
        <ele>212.0</ele>
      </trkpt>
      <trkpt lat="47.08123" lon="3.15196">
        <ele>221.6</ele>
      </trkpt>
      <trkpt lat="47.07809" lon="3.15078">
        <ele>239.6</ele>
      </trkpt>
      <trkpt lat="47.07582" lon="3.15007">
        <ele>245.8</ele>
      </trkpt>
      <trkpt lat="47.0744" lon="3.14911">
        <ele>252.0</ele>
      </trkpt>
      <trkpt lat="47.07401" lon="3.14905">
        <ele>250.9</ele>
      </trkpt>
      <trkpt lat="47.07184" lon="3.15041">
        <ele>250.2</ele>
      </trkpt>
      <trkpt lat="47.06957" lon="3.15142">
        <ele>243.4</ele>
      </trkpt>
      <trkpt lat="47.0689" lon="3.15185">
        <ele>242.0</ele>
      </trkpt>
      <trkpt lat="47.06747" lon="3.15417">
        <ele>249.0</ele>
      </trkpt>
      <trkpt lat="47.06559" lon="3.15507">
        <ele>249.1</ele>
      </trkpt>
      <trkpt lat="47.06426" lon="3.15518">
        <ele>246.6</ele>
      </trkpt>
      <trkpt lat="47.06388" lon="3.15781">
        <ele>240.1</ele>
      </trkpt>
      <trkpt lat="47.06363" lon="3.16101">
        <ele>241.0</ele>
      </trkpt>
      <trkpt lat="47.06341" lon="3.16509">
        <ele>233.8</ele>
      </trkpt>
      <trkpt lat="47.06316" lon="3.16778">
        <ele>234.4</ele>
      </trkpt>
      <trkpt lat="47.06041" lon="3.16912">
        <ele>219.0</ele>
      </trkpt>
      <trkpt lat="47.05828" lon="3.17023">
        <ele>227.4</ele>
      </trkpt>
      <trkpt lat="47.05591" lon="3.17144">
        <ele>216.6</ele>
      </trkpt>
      <trkpt lat="47.05584" lon="3.17147">
        <ele>216.0</ele>
      </trkpt>
      <trkpt lat="47.05541" lon="3.1717">
        <ele>213.9</ele>
      </trkpt>
      <trkpt lat="47.0554" lon="3.17671">
        <ele>202.4</ele>
      </trkpt>
      <trkpt lat="47.05616" lon="3.17938">
        <ele>201.1</ele>
      </trkpt>
      <trkpt lat="47.05787" lon="3.18211">
        <ele>198.3</ele>
      </trkpt>
      <trkpt lat="47.05806" lon="3.18238">
        <ele>198.5</ele>
      </trkpt>
      <trkpt lat="47.05779" lon="3.18253">
        <ele>200.2</ele>
      </trkpt>
      <trkpt lat="47.05381" lon="3.18267">
        <ele>215.1</ele>
      </trkpt>
      <trkpt lat="47.05342" lon="3.183">
        <ele>216.9</ele>
      </trkpt>
      <trkpt lat="47.05218" lon="3.18582">
        <ele>227.0</ele>
      </trkpt>
      <trkpt lat="47.05032" lon="3.18575">
        <ele>236.8</ele>
      </trkpt>
      <trkpt lat="47.04866" lon="3.18587">
        <ele>240.0</ele>
      </trkpt>
      <trkpt lat="47.0469" lon="3.1848">
        <ele>236.9</ele>
      </trkpt>
      <trkpt lat="47.04552" lon="3.18586">
        <ele>237.0</ele>
      </trkpt>
      <trkpt lat="47.04238" lon="3.18515">
        <ele>232.8</ele>
      </trkpt>
      <trkpt lat="47.04123" lon="3.18479">
        <ele>231.1</ele>
      </trkpt>
      <trkpt lat="47.03926" lon="3.17984">
        <ele>216.4</ele>
      </trkpt>
      <trkpt lat="47.03911" lon="3.17935">
        <ele>215.8</ele>
      </trkpt>
      <trkpt lat="47.03856" lon="3.17641">
        <ele>219.8</ele>
      </trkpt>
      <trkpt lat="47.03852" lon="3.17633">
        <ele>219.7</ele>
      </trkpt>
      <trkpt lat="47.03656" lon="3.17491">
        <ele>218.8</ele>
      </trkpt>
      <trkpt lat="47.03331" lon="3.17187">
        <ele>212.2</ele>
      </trkpt>
      <trkpt lat="47.03273" lon="3.17156">
        <ele>212.2</ele>
      </trkpt>
      <trkpt lat="47.02898" lon="3.16857">
        <ele>208.9</ele>
      </trkpt>
      <trkpt lat="47.02839" lon="3.16824">
        <ele>208.9</ele>
      </trkpt>
      <trkpt lat="47.02485" lon="3.1673">
        <ele>206.7</ele>
      </trkpt>
      <trkpt lat="47.02425" lon="3.16675">
        <ele>206.8</ele>
      </trkpt>
      <trkpt lat="47.02347" lon="3.16518">
        <ele>208.2</ele>
      </trkpt>
      <trkpt lat="47.0229" lon="3.16141">
        <ele>197.5</ele>
      </trkpt>
      <trkpt lat="47.02262" lon="3.16099">
        <ele>197.6</ele>
      </trkpt>
      <trkpt lat="47.01888" lon="3.16029">
        <ele>207.0</ele>
      </trkpt>
      <trkpt lat="47.01771" lon="3.16003">
        <ele>210.2</ele>
      </trkpt>
      <trkpt lat="47.01688" lon="3.16084">
        <ele>212.0</ele>
      </trkpt>
      <trkpt lat="47.01443" lon="3.16016">
        <ele>211.0</ele>
      </trkpt>
      <trkpt lat="47.01273" lon="3.1589">
        <ele>206.0</ele>
      </trkpt>
      <trkpt lat="47.00905" lon="3.15794">
        <ele>211.0</ele>
      </trkpt>
      <trkpt lat="47.0073" lon="3.15726">
        <ele>207.9</ele>
      </trkpt>
      <trkpt lat="47.00594" lon="3.15681">
        <ele>209.0</ele>
      </trkpt>
      <trkpt lat="47.00597" lon="3.15685">
        <ele>209.0</ele>
      </trkpt>
      <trkpt lat="47.00559" lon="3.15339">
        <ele>210.7</ele>
      </trkpt>
      <trkpt lat="47.00524" lon="3.15353">
        <ele>211.0</ele>
      </trkpt>
      <trkpt lat="47.00416" lon="3.15395">
        <ele>212.0</ele>
      </trkpt>
      <trkpt lat="47.00028" lon="3.1556">
        <ele>208.0</ele>
      </trkpt>
      <trkpt lat="47.00011" lon="3.15564">
        <ele>208.0</ele>
      </trkpt>
      <trkpt lat="46.996" lon="3.15683">
        <ele>199.2</ele>
      </trkpt>
      <trkpt lat="46.99586" lon="3.15683">
        <ele>199.0</ele>
      </trkpt>
      <trkpt lat="46.99267" lon="3.15708">
        <ele>195.0</ele>
      </trkpt>
      <trkpt lat="46.98838" lon="3.15747">
        <ele>191.9</ele>
      </trkpt>
      <trkpt lat="46.98746" lon="3.15736">
        <ele>196.1</ele>
      </trkpt>
      <trkpt lat="46.98752" lon="3.15776">
        <ele>196.0</ele>
      </trkpt>
      <trkpt lat="46.98833" lon="3.16181">
        <ele>181.9</ele>
      </trkpt>
      <trkpt lat="46.9877" lon="3.16175">
        <ele>178.4</ele>
      </trkpt>
      <trkpt lat="46.98737" lon="3.16155">
        <ele>179.7</ele>
      </trkpt>
      <trkpt lat="46.9857" lon="3.16527">
        <ele>175.0</ele>
      </trkpt>
      <trkpt lat="46.98513" lon="3.16669">
        <ele>176.0</ele>
      </trkpt>
      <trkpt lat="46.98295" lon="3.17076">
        <ele>174.4</ele>
      </trkpt>
      <trkpt lat="46.98247" lon="3.17158">
        <ele>174.7</ele>
      </trkpt>
      <trkpt lat="46.98228" lon="3.17223">
        <ele>175.0</ele>
      </trkpt>
      <trkpt lat="46.98201" lon="3.17469">
        <ele>170.34</ele>
      </trkpt>
      <trkpt lat="46.9826" lon="3.17917">
        <ele>173.6</ele>
      </trkpt>
      <trkpt lat="46.98251" lon="3.17919">
        <ele>171.2</ele>
      </trkpt>
      <trkpt lat="46.98207" lon="3.17932">
        <ele>178.7</ele>
      </trkpt>
      <trkpt lat="46.98082" lon="3.1833">
        <ele>177.7</ele>
      </trkpt>
      <trkpt lat="46.98011" lon="3.18577">
        <ele>175.9</ele>
      </trkpt>
      <trkpt lat="46.97911" lon="3.18911">
        <ele>176.7</ele>
      </trkpt>
      <trkpt lat="46.97921" lon="3.19281">
        <ele>174.25</ele>
      </trkpt>
      <trkpt lat="46.97905" lon="3.19346">
        <ele>173.41</ele>
      </trkpt>
      <trkpt lat="46.97756" lon="3.19545">
        <ele>172.49</ele>
      </trkpt>
      <trkpt lat="46.97716" lon="3.19679">
        <ele>173.25</ele>
      </trkpt>
      <trkpt lat="46.97898" lon="3.19884">
        <ele>172.55</ele>
      </trkpt>
      <trkpt lat="46.97735" lon="3.19923">
        <ele>176.74</ele>
      </trkpt>
      <trkpt lat="46.97596" lon="3.19812">
        <ele>169.09</ele>
      </trkpt>
      <trkpt lat="46.97515" lon="3.20039">
        <ele>174.91</ele>
      </trkpt>
      <trkpt lat="46.97405" lon="3.2034">
        <ele>169.95</ele>
      </trkpt>
      <trkpt lat="46.97331" lon="3.20541">
        <ele>171.89</ele>
      </trkpt>
      <trkpt lat="46.97303" lon="3.20638">
        <ele>175.46</ele>
      </trkpt>
      <trkpt lat="46.97275" lon="3.20735">
        <ele>174.92</ele>
      </trkpt>
      <trkpt lat="46.97121" lon="3.20995">
        <ele>171.92</ele>
      </trkpt>
      <trkpt lat="46.96914" lon="3.21253">
        <ele>176.0</ele>
      </trkpt>
      <trkpt lat="46.96616" lon="3.21653">
        <ele>175.6</ele>
      </trkpt>
      <trkpt lat="46.96584" lon="3.21697">
        <ele>176.0</ele>
      </trkpt>
      <trkpt lat="46.96478" lon="3.21764">
        <ele>176.5</ele>
      </trkpt>
      <trkpt lat="46.96296" lon="3.21791">
        <ele>176.7</ele>
      </trkpt>
      <trkpt lat="46.96107" lon="3.2185">
        <ele>174.6</ele>
      </trkpt>
      <trkpt lat="46.95929" lon="3.21996">
        <ele>174.8</ele>
      </trkpt>
      <trkpt lat="46.95902" lon="3.22023">
        <ele>174.8</ele>
      </trkpt>
      <trkpt lat="46.95765" lon="3.22328">
        <ele>175.6</ele>
      </trkpt>
      <trkpt lat="46.95595" lon="3.22729">
        <ele>176.3</ele>
      </trkpt>
      <trkpt lat="46.95571" lon="3.22806">
        <ele>175.1</ele>
      </trkpt>
      <trkpt lat="46.95484" lon="3.23063">
        <ele>176.5</ele>
      </trkpt>
      <trkpt lat="46.95287" lon="3.23499">
        <ele>175.6</ele>
      </trkpt>
      <trkpt lat="46.95232" lon="3.23723">
        <ele>178.2</ele>
      </trkpt>
      <trkpt lat="46.952" lon="3.2379">
        <ele>176.9</ele>
      </trkpt>
      <trkpt lat="46.95009" lon="3.24111">
        <ele>178.0</ele>
      </trkpt>
      <trkpt lat="46.94973" lon="3.24115">
        <ele>175.1</ele>
      </trkpt>
      <trkpt lat="46.94658" lon="3.24414">
        <ele>175.9</ele>
      </trkpt>
      <trkpt lat="46.94314" lon="3.24759">
        <ele>178.5</ele>
      </trkpt>
      <trkpt lat="46.94314" lon="3.24785">
        <ele>178.0</ele>
      </trkpt>
      <trkpt lat="46.94265" lon="3.24972">
        <ele>182.5</ele>
      </trkpt>
      <trkpt lat="46.93734" lon="3.25355">
        <ele>184.2</ele>
      </trkpt>
      <trkpt lat="46.93712" lon="3.25359">
        <ele>183.7</ele>
      </trkpt>
      <trkpt lat="46.93669" lon="3.25226">
        <ele>174.0</ele>
      </trkpt>
      <trkpt lat="46.93583" lon="3.24994">
        <ele>181.0</ele>
      </trkpt>
      <trkpt lat="46.93509" lon="3.24737">
        <ele>178.3</ele>
      </trkpt>
      <trkpt lat="46.93411" lon="3.24454">
        <ele>178.0</ele>
      </trkpt>
      <trkpt lat="46.93182" lon="3.23833">
        <ele>178.0</ele>
      </trkpt>
      <trkpt lat="46.93146" lon="3.2373">
        <ele>178.5</ele>
      </trkpt>
      <trkpt lat="46.9311" lon="3.23677">
        <ele>179.0</ele>
      </trkpt>
      <trkpt lat="46.92883" lon="3.2364">
        <ele>178.0</ele>
      </trkpt>
      <trkpt lat="46.92644" lon="3.23511">
        <ele>179.0</ele>
      </trkpt>
      <trkpt lat="46.92555" lon="3.23559">
        <ele>180.9</ele>
      </trkpt>
      <trkpt lat="46.92511" lon="3.23645">
        <ele>180.1</ele>
      </trkpt>
      <trkpt lat="46.92446" lon="3.23727">
        <ele>180.6</ele>
      </trkpt>
      <trkpt lat="46.92122" lon="3.23958">
        <ele>179.6</ele>
      </trkpt>
      <trkpt lat="46.91768" lon="3.24137">
        <ele>180.4</ele>
      </trkpt>
      <trkpt lat="46.91593" lon="3.24228">
        <ele>180.2</ele>
      </trkpt>
      <trkpt lat="46.9148" lon="3.24314">
        <ele>179.9</ele>
      </trkpt>
      <trkpt lat="46.91282" lon="3.24536">
        <ele>179.8</ele>
      </trkpt>
      <trkpt lat="46.91011" lon="3.24849">
        <ele>180.9</ele>
      </trkpt>
      <trkpt lat="46.90994" lon="3.2486">
        <ele>181.5</ele>
      </trkpt>
      <trkpt lat="46.90873" lon="3.24937">
        <ele>179.8</ele>
      </trkpt>
      <trkpt lat="46.90242" lon="3.24598">
        <ele>180.0</ele>
      </trkpt>
      <trkpt lat="46.90187" lon="3.24584">
        <ele>181.0</ele>
      </trkpt>
      <trkpt lat="46.90133" lon="3.24575">
        <ele>180.6</ele>
      </trkpt>
      <trkpt lat="46.89707" lon="3.24576">
        <ele>181.9</ele>
      </trkpt>
      <trkpt lat="46.8969" lon="3.24586">
        <ele>182.8</ele>
      </trkpt>
      <trkpt lat="46.89009" lon="3.24591">
        <ele>182.7</ele>
      </trkpt>
      <trkpt lat="46.88939" lon="3.24629">
        <ele>182.0</ele>
      </trkpt>
      <trkpt lat="46.88881" lon="3.24725">
        <ele>181.6</ele>
      </trkpt>
      <trkpt lat="46.88868" lon="3.24767">
        <ele>181.8</ele>
      </trkpt>
      <trkpt lat="46.8875" lon="3.25152">
        <ele>184.0</ele>
      </trkpt>
      <trkpt lat="46.88498" lon="3.25385">
        <ele>182.8</ele>
      </trkpt>
      <trkpt lat="46.88364" lon="3.25517">
        <ele>181.9</ele>
      </trkpt>
      <trkpt lat="46.88249" lon="3.25663">
        <ele>182.0</ele>
      </trkpt>
      <trkpt lat="46.8806" lon="3.25912">
        <ele>181.9</ele>
      </trkpt>
      <trkpt lat="46.87923" lon="3.26118">
        <ele>181.9</ele>
      </trkpt>
      <trkpt lat="46.87513" lon="3.26766">
        <ele>182.5</ele>
      </trkpt>
      <trkpt lat="46.87341" lon="3.27039">
        <ele>182.3</ele>
      </trkpt>
      <trkpt lat="46.87141" lon="3.27345">
        <ele>181.5</ele>
      </trkpt>
      <trkpt lat="46.87009" lon="3.27462">
        <ele>183.8</ele>
      </trkpt>
      <trkpt lat="46.86866" lon="3.27579">
        <ele>184.7</ele>
      </trkpt>
      <trkpt lat="46.86705" lon="3.27915">
        <ele>183.9</ele>
      </trkpt>
      <trkpt lat="46.8666" lon="3.28018">
        <ele>185.4</ele>
      </trkpt>
      <trkpt lat="46.86544" lon="3.28301">
        <ele>183.8</ele>
      </trkpt>
      <trkpt lat="46.86434" lon="3.28563">
        <ele>184.2</ele>
      </trkpt>
      <trkpt lat="46.86225" lon="3.28801">
        <ele>184.8</ele>
      </trkpt>
      <trkpt lat="46.85947" lon="3.29046">
        <ele>184.3</ele>
      </trkpt>
      <trkpt lat="46.85758" lon="3.2914">
        <ele>187.3</ele>
      </trkpt>
      <trkpt lat="46.85663" lon="3.29208">
        <ele>185.0</ele>
      </trkpt>
      <trkpt lat="46.85426" lon="3.29525">
        <ele>184.7</ele>
      </trkpt>
      <trkpt lat="46.85257" lon="3.2976">
        <ele>184.9</ele>
      </trkpt>
      <trkpt lat="46.8523" lon="3.29803">
        <ele>184.7</ele>
      </trkpt>
      <trkpt lat="46.85014" lon="3.30367">
        <ele>184.9</ele>
      </trkpt>
      <trkpt lat="46.84915" lon="3.30646">
        <ele>185.7</ele>
      </trkpt>
      <trkpt lat="46.84739" lon="3.3112">
        <ele>185.4</ele>
      </trkpt>
      <trkpt lat="46.84727" lon="3.31144">
        <ele>187.2</ele>
      </trkpt>
      <trkpt lat="46.84405" lon="3.31733">
        <ele>185.5</ele>
      </trkpt>
      <trkpt lat="46.84366" lon="3.31794">
        <ele>186.0</ele>
      </trkpt>
      <trkpt lat="46.84255" lon="3.31932">
        <ele>184.9</ele>
      </trkpt>
      <trkpt lat="46.83995" lon="3.32128">
        <ele>184.9</ele>
      </trkpt>
      <trkpt lat="46.83652" lon="3.32251">
        <ele>189.4</ele>
      </trkpt>
      <trkpt lat="46.83537" lon="3.32275">
        <ele>186.4</ele>
      </trkpt>
      <trkpt lat="46.83412" lon="3.32385">
        <ele>187.7</ele>
      </trkpt>
      <trkpt lat="46.8338" lon="3.32429">
        <ele>187.1</ele>
      </trkpt>
      <trkpt lat="46.83265" lon="3.32745">
        <ele>185.6</ele>
      </trkpt>
      <trkpt lat="46.83087" lon="3.33127">
        <ele>187.4</ele>
      </trkpt>
      <trkpt lat="46.83013" lon="3.33523">
        <ele>186.6</ele>
      </trkpt>
      <trkpt lat="46.82965" lon="3.33644">
        <ele>186.9</ele>
      </trkpt>
      <trkpt lat="46.82846" lon="3.33774">
        <ele>188.5</ele>
      </trkpt>
      <trkpt lat="46.828" lon="3.33786">
        <ele>187.6</ele>
      </trkpt>
      <trkpt lat="46.82716" lon="3.33846">
        <ele>186.3</ele>
      </trkpt>
      <trkpt lat="46.82108" lon="3.34447">
        <ele>186.8</ele>
      </trkpt>
      <trkpt lat="46.82077" lon="3.34493">
        <ele>185.8</ele>
      </trkpt>
      <trkpt lat="46.82013" lon="3.34618">
        <ele>186.4</ele>
      </trkpt>
      <trkpt lat="46.81936" lon="3.34835">
        <ele>187.3</ele>
      </trkpt>
      <trkpt lat="46.82046" lon="3.35201">
        <ele>186.7</ele>
      </trkpt>
      <trkpt lat="46.82053" lon="3.35223">
        <ele>187.9</ele>
      </trkpt>
      <trkpt lat="46.81925" lon="3.35706">
        <ele>188.0</ele>
      </trkpt>
      <trkpt lat="46.8192" lon="3.35702">
        <ele>187.6</ele>
      </trkpt>
      <trkpt lat="46.81696" lon="3.35434">
        <ele>204.2</ele>
      </trkpt>
      <trkpt lat="46.81605" lon="3.35427">
        <ele>209.7</ele>
      </trkpt>
      <trkpt lat="46.8136" lon="3.35414">
        <ele>218.0</ele>
      </trkpt>
      <trkpt lat="46.81112" lon="3.3522">
        <ele>226.0</ele>
      </trkpt>
      <trkpt lat="46.8093" lon="3.35103">
        <ele>224.0</ele>
      </trkpt>
      <trkpt lat="46.80804" lon="3.34969">
        <ele>217.8</ele>
      </trkpt>
      <trkpt lat="46.80581" lon="3.34704">
        <ele>228.0</ele>
      </trkpt>
      <trkpt lat="46.80429" lon="3.34536">
        <ele>231.7</ele>
      </trkpt>
      <trkpt lat="46.80349" lon="3.34313">
        <ele>236.0</ele>
      </trkpt>
      <trkpt lat="46.8029" lon="3.3362">
        <ele>233.1</ele>
      </trkpt>
      <trkpt lat="46.80207" lon="3.33463">
        <ele>232.0</ele>
      </trkpt>
      <trkpt lat="46.80136" lon="3.33349">
        <ele>233.1</ele>
      </trkpt>
      <trkpt lat="46.80044" lon="3.33091">
        <ele>237.4</ele>
      </trkpt>
      <trkpt lat="46.79971" lon="3.32956">
        <ele>237.0</ele>
      </trkpt>
      <trkpt lat="46.79903" lon="3.32784">
        <ele>237.0</ele>
      </trkpt>
      <trkpt lat="46.79846" lon="3.32743">
        <ele>237.5</ele>
      </trkpt>
      <trkpt lat="46.79539" lon="3.32716">
        <ele>220.9</ele>
      </trkpt>
      <trkpt lat="46.79397" lon="3.32665">
        <ele>224.3</ele>
      </trkpt>
      <trkpt lat="46.793" lon="3.32552">
        <ele>231.4</ele>
      </trkpt>
      <trkpt lat="46.79177" lon="3.32394">
        <ele>237.0</ele>
      </trkpt>
      <trkpt lat="46.78987" lon="3.32014">
        <ele>243.5</ele>
      </trkpt>
      <trkpt lat="46.78956" lon="3.31934">
        <ele>244.6</ele>
      </trkpt>
      <trkpt lat="46.78808" lon="3.31728">
        <ele>246.0</ele>
      </trkpt>
      <trkpt lat="46.78439" lon="3.31624">
        <ele>244.0</ele>
      </trkpt>
      <trkpt lat="46.7827" lon="3.31502">
        <ele>247.6</ele>
      </trkpt>
      <trkpt lat="46.78126" lon="3.31528">
        <ele>253.5</ele>
      </trkpt>
      <trkpt lat="46.77842" lon="3.31548">
        <ele>258.1</ele>
      </trkpt>
      <trkpt lat="46.77489" lon="3.31535">
        <ele>255.7</ele>
      </trkpt>
      <trkpt lat="46.77426" lon="3.31509">
        <ele>259.3</ele>
      </trkpt>
      <trkpt lat="46.77207" lon="3.31507">
        <ele>256.1</ele>
      </trkpt>
      <trkpt lat="46.76898" lon="3.31514">
        <ele>242.6</ele>
      </trkpt>
      <trkpt lat="46.76852" lon="3.31505">
        <ele>238.3</ele>
      </trkpt>
      <trkpt lat="46.76826" lon="3.3149">
        <ele>236.5</ele>
      </trkpt>
      <trkpt lat="46.76739" lon="3.31242">
        <ele>241.4</ele>
      </trkpt>
      <trkpt lat="46.76545" lon="3.31063">
        <ele>250.8</ele>
      </trkpt>
      <trkpt lat="46.76402" lon="3.30881">
        <ele>251.8</ele>
      </trkpt>
      <trkpt lat="46.76155" lon="3.30699">
        <ele>245.9</ele>
      </trkpt>
      <trkpt lat="46.759" lon="3.30516">
        <ele>251.4</ele>
      </trkpt>
      <trkpt lat="46.75574" lon="3.299">
        <ele>261.0</ele>
      </trkpt>
      <trkpt lat="46.75424" lon="3.30055">
        <ele>259.0</ele>
      </trkpt>
      <trkpt lat="46.75017" lon="3.30077">
        <ele>259.4</ele>
      </trkpt>
      <trkpt lat="46.74461" lon="3.29976">
        <ele>261.0</ele>
      </trkpt>
      <trkpt lat="46.7427" lon="3.29837">
        <ele>259.0</ele>
      </trkpt>
      <trkpt lat="46.74224" lon="3.29819">
        <ele>259.0</ele>
      </trkpt>
      <trkpt lat="46.73977" lon="3.29748">
        <ele>256.0</ele>
      </trkpt>
      <trkpt lat="46.73664" lon="3.29644">
        <ele>256.0</ele>
      </trkpt>
      <trkpt lat="46.73324" lon="3.29492">
        <ele>253.0</ele>
      </trkpt>
      <trkpt lat="46.73092" lon="3.29388">
        <ele>251.0</ele>
      </trkpt>
      <trkpt lat="46.72824" lon="3.29252">
        <ele>252.0</ele>
      </trkpt>
      <trkpt lat="46.72601" lon="3.2915">
        <ele>252.6</ele>
      </trkpt>
      <trkpt lat="46.72485" lon="3.29116">
        <ele>252.1</ele>
      </trkpt>
      <trkpt lat="46.72146" lon="3.28925">
        <ele>247.3</ele>
      </trkpt>
      <trkpt lat="46.72122" lon="3.28905">
        <ele>246.6</ele>
      </trkpt>
      <trkpt lat="46.71915" lon="3.28807">
        <ele>244.0</ele>
      </trkpt>
      <trkpt lat="46.71714" lon="3.28651">
        <ele>245.0</ele>
      </trkpt>
      <trkpt lat="46.71645" lon="3.28597">
        <ele>245.0</ele>
      </trkpt>
      <trkpt lat="46.71505" lon="3.28304">
        <ele>247.0</ele>
      </trkpt>
      <trkpt lat="46.71288" lon="3.28022">
        <ele>252.1</ele>
      </trkpt>
      <trkpt lat="46.71138" lon="3.2772">
        <ele>257.0</ele>
      </trkpt>
      <trkpt lat="46.71125" lon="3.27697">
        <ele>257.0</ele>
      </trkpt>
      <trkpt lat="46.70896" lon="3.27338">
        <ele>257.3</ele>
      </trkpt>
      <trkpt lat="46.70796" lon="3.27206">
        <ele>255.0</ele>
      </trkpt>
      <trkpt lat="46.7047" lon="3.26619">
        <ele>250.3</ele>
      </trkpt>
      <trkpt lat="46.70259" lon="3.26238">
        <ele>246.0</ele>
      </trkpt>
      <trkpt lat="46.70219" lon="3.26159">
        <ele>246.6</ele>
      </trkpt>
      <trkpt lat="46.70123" lon="3.26009">
        <ele>244.1</ele>
      </trkpt>
      <trkpt lat="46.7" lon="3.25866">
        <ele>241.0</ele>
      </trkpt>
      <trkpt lat="46.69922" lon="3.25714">
        <ele>239.1</ele>
      </trkpt>
      <trkpt lat="46.69655" lon="3.25453">
        <ele>233.2</ele>
      </trkpt>
      <trkpt lat="46.69574" lon="3.25293">
        <ele>231.7</ele>
      </trkpt>
      <trkpt lat="46.69308" lon="3.25025">
        <ele>227.0</ele>
      </trkpt>
      <trkpt lat="46.69175" lon="3.24857">
        <ele>226.6</ele>
      </trkpt>
      <trkpt lat="46.6912" lon="3.24826">
        <ele>225.7</ele>
      </trkpt>
      <trkpt lat="46.68983" lon="3.24832">
        <ele>225.0</ele>
      </trkpt>
      <trkpt lat="46.6871" lon="3.24855">
        <ele>224.4</ele>
      </trkpt>
      <trkpt lat="46.68524" lon="3.24847">
        <ele>222.8</ele>
      </trkpt>
      <trkpt lat="46.683" lon="3.24818">
        <ele>215.6</ele>
      </trkpt>
      <trkpt lat="46.68298" lon="3.25226">
        <ele>222.7</ele>
      </trkpt>
      <trkpt lat="46.68243" lon="3.25414">
        <ele>221.0</ele>
      </trkpt>
      <trkpt lat="46.68224" lon="3.25445">
        <ele>221.0</ele>
      </trkpt>
      <trkpt lat="46.68051" lon="3.25685">
        <ele>223.6</ele>
      </trkpt>
      <trkpt lat="46.67953" lon="3.25708">
        <ele>223.3</ele>
      </trkpt>
      <trkpt lat="46.67675" lon="3.25941">
        <ele>225.7</ele>
      </trkpt>
      <trkpt lat="46.67411" lon="3.26109">
        <ele>226.8</ele>
      </trkpt>
      <trkpt lat="46.67374" lon="3.2613">
        <ele>225.6</ele>
      </trkpt>
      <trkpt lat="46.6723" lon="3.25887">
        <ele>224.6</ele>
      </trkpt>
      <trkpt lat="46.67083" lon="3.25797">
        <ele>219.0</ele>
      </trkpt>
      <trkpt lat="46.66872" lon="3.25721">
        <ele>229.6</ele>
      </trkpt>
      <trkpt lat="46.66779" lon="3.25668">
        <ele>229.9</ele>
      </trkpt>
      <trkpt lat="46.6645" lon="3.25552">
        <ele>222.2</ele>
      </trkpt>
      <trkpt lat="46.66425" lon="3.25511">
        <ele>221.3</ele>
      </trkpt>
      <trkpt lat="46.66164" lon="3.25112">
        <ele>210.0</ele>
      </trkpt>
      <trkpt lat="46.66121" lon="3.25124">
        <ele>210.2</ele>
      </trkpt>
      <trkpt lat="46.65915" lon="3.25055">
        <ele>208.0</ele>
      </trkpt>
      <trkpt lat="46.65823" lon="3.25425">
        <ele>207.6</ele>
      </trkpt>
      <trkpt lat="46.65734" lon="3.2554">
        <ele>204.5</ele>
      </trkpt>
      <trkpt lat="46.65535" lon="3.26203">
        <ele>205.7</ele>
      </trkpt>
      <trkpt lat="46.65511" lon="3.26243">
        <ele>205.1</ele>
      </trkpt>
      <trkpt lat="46.65445" lon="3.26337">
        <ele>209.1</ele>
      </trkpt>
      <trkpt lat="46.65393" lon="3.26389">
        <ele>211.3</ele>
      </trkpt>
      <trkpt lat="46.65113" lon="3.26598">
        <ele>211.6</ele>
      </trkpt>
      <trkpt lat="46.6515" lon="3.26688">
        <ele>214.2</ele>
      </trkpt>
      <trkpt lat="46.65245" lon="3.27111">
        <ele>226.8</ele>
      </trkpt>
      <trkpt lat="46.65231" lon="3.27134">
        <ele>226.9</ele>
      </trkpt>
      <trkpt lat="46.65106" lon="3.27197">
        <ele>222.8</ele>
      </trkpt>
      <trkpt lat="46.64979" lon="3.27257">
        <ele>218.0</ele>
      </trkpt>
      <trkpt lat="46.64794" lon="3.27443">
        <ele>225.5</ele>
      </trkpt>
      <trkpt lat="46.64609" lon="3.2772">
        <ele>226.9</ele>
      </trkpt>
      <trkpt lat="46.64387" lon="3.27913">
        <ele>223.9</ele>
      </trkpt>
      <trkpt lat="46.64317" lon="3.28173">
        <ele>217.9</ele>
      </trkpt>
      <trkpt lat="46.64227" lon="3.28413">
        <ele>227.2</ele>
      </trkpt>
      <trkpt lat="46.64196" lon="3.28576">
        <ele>227.8</ele>
      </trkpt>
      <trkpt lat="46.64186" lon="3.28728">
        <ele>229.7</ele>
      </trkpt>
      <trkpt lat="46.64154" lon="3.29246">
        <ele>230.5</ele>
      </trkpt>
      <trkpt lat="46.64138" lon="3.29276">
        <ele>230.0</ele>
      </trkpt>
      <trkpt lat="46.63847" lon="3.29462">
        <ele>232.3</ele>
      </trkpt>
      <trkpt lat="46.63741" lon="3.2963">
        <ele>231.0</ele>
      </trkpt>
      <trkpt lat="46.63616" lon="3.29811">
        <ele>233.0</ele>
      </trkpt>
      <trkpt lat="46.63472" lon="3.29982">
        <ele>232.0</ele>
      </trkpt>
      <trkpt lat="46.63214" lon="3.30276">
        <ele>214.3</ele>
      </trkpt>
      <trkpt lat="46.63089" lon="3.30328">
        <ele>215.2</ele>
      </trkpt>
      <trkpt lat="46.63007" lon="3.30381">
        <ele>222.2</ele>
      </trkpt>
      <trkpt lat="46.6297" lon="3.30567">
        <ele>230.5</ele>
      </trkpt>
      <trkpt lat="46.62995" lon="3.30852">
        <ele>230.4</ele>
      </trkpt>
      <trkpt lat="46.62863" lon="3.30966">
        <ele>234.0</ele>
      </trkpt>
      <trkpt lat="46.62641" lon="3.31149">
        <ele>229.0</ele>
      </trkpt>
      <trkpt lat="46.62627" lon="3.31158">
        <ele>229.7</ele>
      </trkpt>
      <trkpt lat="46.62287" lon="3.31269">
        <ele>237.5</ele>
      </trkpt>
      <trkpt lat="46.62183" lon="3.31271">
        <ele>237.8</ele>
      </trkpt>
      <trkpt lat="46.61926" lon="3.3125">
        <ele>217.0</ele>
      </trkpt>
      <trkpt lat="46.61792" lon="3.31137">
        <ele>227.4</ele>
      </trkpt>
      <trkpt lat="46.61375" lon="3.31094">
        <ele>238.2</ele>
      </trkpt>
      <trkpt lat="46.61351" lon="3.31126">
        <ele>239.0</ele>
      </trkpt>
      <trkpt lat="46.61263" lon="3.31274">
        <ele>241.0</ele>
      </trkpt>
      <trkpt lat="46.60932" lon="3.3183">
        <ele>241.5</ele>
      </trkpt>
      <trkpt lat="46.60796" lon="3.32092">
        <ele>238.3</ele>
      </trkpt>
      <trkpt lat="46.6075" lon="3.32186">
        <ele>236.0</ele>
      </trkpt>
      <trkpt lat="46.60578" lon="3.32484">
        <ele>231.4</ele>
      </trkpt>
      <trkpt lat="46.6044" lon="3.32581">
        <ele>231.8</ele>
      </trkpt>
      <trkpt lat="46.60293" lon="3.32755">
        <ele>228.8</ele>
      </trkpt>
      <trkpt lat="46.60169" lon="3.32864">
        <ele>231.2</ele>
      </trkpt>
      <trkpt lat="46.60108" lon="3.32772">
        <ele>230.0</ele>
      </trkpt>
      <trkpt lat="46.59922" lon="3.32344">
        <ele>226.3</ele>
      </trkpt>
      <trkpt lat="46.59841" lon="3.3219">
        <ele>226.6</ele>
      </trkpt>
      <trkpt lat="46.59634" lon="3.31787">
        <ele>225.0</ele>
      </trkpt>
      <trkpt lat="46.59491" lon="3.3152">
        <ele>224.4</ele>
      </trkpt>
      <trkpt lat="46.59327" lon="3.31327">
        <ele>219.8</ele>
      </trkpt>
      <trkpt lat="46.59313" lon="3.3129">
        <ele>219.8</ele>
      </trkpt>
      <trkpt lat="46.58836" lon="3.3198">
        <ele>222.3</ele>
      </trkpt>
      <trkpt lat="46.58765" lon="3.31763">
        <ele>220.3</ele>
      </trkpt>
      <trkpt lat="46.58752" lon="3.31716">
        <ele>220.0</ele>
      </trkpt>
      <trkpt lat="46.58629" lon="3.31175">
        <ele>213.8</ele>
      </trkpt>
      <trkpt lat="46.58649" lon="3.31032">
        <ele>215.0</ele>
      </trkpt>
      <trkpt lat="46.58754" lon="3.30755">
        <ele>220.7</ele>
      </trkpt>
      <trkpt lat="46.58735" lon="3.30603">
        <ele>215.3</ele>
      </trkpt>
      <trkpt lat="46.58611" lon="3.30255">
        <ele>205.0</ele>
      </trkpt>
      <trkpt lat="46.58555" lon="3.30313">
        <ele>203.5</ele>
      </trkpt>
      <trkpt lat="46.58476" lon="3.30418">
        <ele>206.0</ele>
      </trkpt>
      <trkpt lat="46.58411" lon="3.30374">
        <ele>204.0</ele>
      </trkpt>
      <trkpt lat="46.57796" lon="3.30764">
        <ele>203.8</ele>
      </trkpt>
      <trkpt lat="46.57786" lon="3.30779">
        <ele>203.0</ele>
      </trkpt>
      <trkpt lat="46.57776" lon="3.30808">
        <ele>205.6</ele>
      </trkpt>
      <trkpt lat="46.57637" lon="3.31169">
        <ele>205.7</ele>
      </trkpt>
      <trkpt lat="46.57594" lon="3.31227">
        <ele>203.4</ele>
      </trkpt>
      <trkpt lat="46.57361" lon="3.31493">
        <ele>204.5</ele>
      </trkpt>
      <trkpt lat="46.57251" lon="3.31619">
        <ele>205.6</ele>
      </trkpt>
      <trkpt lat="46.5708" lon="3.31887">
        <ele>207.0</ele>
      </trkpt>
      <trkpt lat="46.57073" lon="3.32083">
        <ele>209.6</ele>
      </trkpt>
      <trkpt lat="46.56836" lon="3.32243">
        <ele>210.7</ele>
      </trkpt>
      <trkpt lat="46.56789" lon="3.32269">
        <ele>210.3</ele>
      </trkpt>
      <trkpt lat="46.56906" lon="3.32553">
        <ele>209.0</ele>
      </trkpt>
      <trkpt lat="46.56907" lon="3.32597">
        <ele>209.7</ele>
      </trkpt>
      <trkpt lat="46.56844" lon="3.32682">
        <ele>209.6</ele>
      </trkpt>
      <trkpt lat="46.56721" lon="3.32928">
        <ele>213.3</ele>
      </trkpt>
      <trkpt lat="46.56603" lon="3.33049">
        <ele>211.5</ele>
      </trkpt>
      <trkpt lat="46.56545" lon="3.33035">
        <ele>211.1</ele>
      </trkpt>
      <trkpt lat="46.56377" lon="3.32883">
        <ele>210.0</ele>
      </trkpt>
      <trkpt lat="46.56334" lon="3.32847">
        <ele>210.0</ele>
      </trkpt>
      <trkpt lat="46.56232" lon="3.32947">
        <ele>210.0</ele>
      </trkpt>
      <trkpt lat="46.5586" lon="3.33084">
        <ele>214.0</ele>
      </trkpt>
      <trkpt lat="46.55815" lon="3.33149">
        <ele>215.8</ele>
      </trkpt>
      <trkpt lat="46.55625" lon="3.33296">
        <ele>220.0</ele>
      </trkpt>
      <trkpt lat="46.55537" lon="3.33317">
        <ele>219.3</ele>
      </trkpt>
      <trkpt lat="46.5545" lon="3.32625">
        <ele>213.1</ele>
      </trkpt>
      <trkpt lat="46.55449" lon="3.32601">
        <ele>215.7</ele>
      </trkpt>
      <trkpt lat="46.55439" lon="3.32522">
        <ele>214.3</ele>
      </trkpt>
      <trkpt lat="46.55439" lon="3.32474">
        <ele>211.1</ele>
      </trkpt>
      <trkpt lat="46.55342" lon="3.3264">
        <ele>209.2</ele>
      </trkpt>
      <trkpt lat="46.55186" lon="3.32559">
        <ele>207.3</ele>
      </trkpt>
      <trkpt lat="46.55168" lon="3.32532">
        <ele>206.9</ele>
      </trkpt>
      <trkpt lat="46.54898" lon="3.32315">
        <ele>207.5</ele>
      </trkpt>
      <trkpt lat="46.54852" lon="3.32297">
        <ele>207.3</ele>
      </trkpt>
      <trkpt lat="46.54485" lon="3.32379">
        <ele>206.9</ele>
      </trkpt>
      <trkpt lat="46.54396" lon="3.32387">
        <ele>208.8</ele>
      </trkpt>
      <trkpt lat="46.54188" lon="3.32433">
        <ele>207.8</ele>
      </trkpt>
      <trkpt lat="46.54105" lon="3.32421">
        <ele>208.8</ele>
      </trkpt>
      <trkpt lat="46.53668" lon="3.32517">
        <ele>208.4</ele>
      </trkpt>
      <trkpt lat="46.53622" lon="3.32565">
        <ele>208.5</ele>
      </trkpt>
      <trkpt lat="46.53617" lon="3.32491">
        <ele>210.0</ele>
      </trkpt>
      <trkpt lat="46.53498" lon="3.3243">
        <ele>209.0</ele>
      </trkpt>
      <trkpt lat="46.53142" lon="3.32406">
        <ele>209.8</ele>
      </trkpt>
      <trkpt lat="46.53112" lon="3.32417">
        <ele>210.9</ele>
      </trkpt>
      <trkpt lat="46.52915" lon="3.32725">
        <ele>209.7</ele>
      </trkpt>
      <trkpt lat="46.52876" lon="3.32723">
        <ele>208.6</ele>
      </trkpt>
      <trkpt lat="46.52809" lon="3.32612">
        <ele>210.1</ele>
      </trkpt>
      <trkpt lat="46.52657" lon="3.32472">
        <ele>210.0</ele>
      </trkpt>
      <trkpt lat="46.52558" lon="3.32427">
        <ele>209.3</ele>
      </trkpt>
      <trkpt lat="46.52519" lon="3.32434">
        <ele>209.1</ele>
      </trkpt>
      <trkpt lat="46.52354" lon="3.32506">
        <ele>210.4</ele>
      </trkpt>
      <trkpt lat="46.52206" lon="3.32612">
        <ele>209.0</ele>
      </trkpt>
      <trkpt lat="46.51821" lon="3.32815">
        <ele>209.7</ele>
      </trkpt>
      <trkpt lat="46.51807" lon="3.32811">
        <ele>209.6</ele>
      </trkpt>
      <trkpt lat="46.51735" lon="3.3272">
        <ele>211.0</ele>
      </trkpt>
      <trkpt lat="46.51586" lon="3.32631">
        <ele>209.4</ele>
      </trkpt>
      <trkpt lat="46.51306" lon="3.32586">
        <ele>211.6</ele>
      </trkpt>
      <trkpt lat="46.51283" lon="3.32549">
        <ele>213.0</ele>
      </trkpt>
      <trkpt lat="46.51274" lon="3.3252">
        <ele>213.0</ele>
      </trkpt>
      <trkpt lat="46.51187" lon="3.32163">
        <ele>219.0</ele>
      </trkpt>
      <trkpt lat="46.51017" lon="3.32116">
        <ele>219.0</ele>
      </trkpt>
      <trkpt lat="46.50665" lon="3.3206">
        <ele>220.0</ele>
      </trkpt>
      <trkpt lat="46.50512" lon="3.32067">
        <ele>220.0</ele>
      </trkpt>
      <trkpt lat="46.50393" lon="3.32087">
        <ele>220.0</ele>
      </trkpt>
      <trkpt lat="46.50338" lon="3.31759">
        <ele>224.7</ele>
      </trkpt>
      <trkpt lat="46.50368" lon="3.31664">
        <ele>231.1</ele>
      </trkpt>
      <trkpt lat="46.50356" lon="3.31162">
        <ele>241.0</ele>
      </trkpt>
      <trkpt lat="46.50348" lon="3.31026">
        <ele>244.0</ele>
      </trkpt>
      <trkpt lat="46.50365" lon="3.30691">
        <ele>250.7</ele>
      </trkpt>
      <trkpt lat="46.50223" lon="3.30675">
        <ele>254.7</ele>
      </trkpt>
      <trkpt lat="46.50155" lon="3.30662">
        <ele>255.0</ele>
      </trkpt>
      <trkpt lat="46.49802" lon="3.30688">
        <ele>257.0</ele>
      </trkpt>
      <trkpt lat="46.49776" lon="3.30683">
        <ele>257.0</ele>
      </trkpt>
      <trkpt lat="46.49536" lon="3.30483">
        <ele>257.4</ele>
      </trkpt>
      <trkpt lat="46.49419" lon="3.30364">
        <ele>260.0</ele>
      </trkpt>
      <trkpt lat="46.49284" lon="3.30257">
        <ele>263.0</ele>
      </trkpt>
      <trkpt lat="46.49026" lon="3.29999">
        <ele>256.0</ele>
      </trkpt>
      <trkpt lat="46.48974" lon="3.29982">
        <ele>256.0</ele>
      </trkpt>
      <trkpt lat="46.4867" lon="3.30028">
        <ele>262.0</ele>
      </trkpt>
      <trkpt lat="46.48557" lon="3.30046">
        <ele>259.4</ele>
      </trkpt>
      <trkpt lat="46.48209" lon="3.30216">
        <ele>252.0</ele>
      </trkpt>
      <trkpt lat="46.48145" lon="3.30396">
        <ele>258.6</ele>
      </trkpt>
      <trkpt lat="46.47797" lon="3.30426">
        <ele>238.1</ele>
      </trkpt>
      <trkpt lat="46.47757" lon="3.30441">
        <ele>233.0</ele>
      </trkpt>
      <trkpt lat="46.47596" lon="3.30465">
        <ele>222.1</ele>
      </trkpt>
      <trkpt lat="46.47355" lon="3.30638">
        <ele>238.2</ele>
      </trkpt>
      <trkpt lat="46.47116" lon="3.30738">
        <ele>245.6</ele>
      </trkpt>
      <trkpt lat="46.46995" lon="3.3084">
        <ele>244.2</ele>
      </trkpt>
      <trkpt lat="46.46836" lon="3.30875">
        <ele>249.4</ele>
      </trkpt>
      <trkpt lat="46.46511" lon="3.30901">
        <ele>270.0</ele>
      </trkpt>
      <trkpt lat="46.46426" lon="3.30921">
        <ele>271.7</ele>
      </trkpt>
      <trkpt lat="46.46262" lon="3.30992">
        <ele>272.2</ele>
      </trkpt>
      <trkpt lat="46.45932" lon="3.31017">
        <ele>273.0</ele>
      </trkpt>
      <trkpt lat="46.45846" lon="3.31033">
        <ele>272.8</ele>
      </trkpt>
      <trkpt lat="46.45571" lon="3.31114">
        <ele>273.0</ele>
      </trkpt>
      <trkpt lat="46.45452" lon="3.31114">
        <ele>271.9</ele>
      </trkpt>
      <trkpt lat="46.45228" lon="3.31036">
        <ele>274.6</ele>
      </trkpt>
      <trkpt lat="46.45059" lon="3.3093">
        <ele>273.5</ele>
      </trkpt>
      <trkpt lat="46.44816" lon="3.30936">
        <ele>274.1</ele>
      </trkpt>
      <trkpt lat="46.44768" lon="3.30914">
        <ele>274.0</ele>
      </trkpt>
      <trkpt lat="46.44662" lon="3.30774">
        <ele>273.0</ele>
      </trkpt>
      <trkpt lat="46.44225" lon="3.3054">
        <ele>274.9</ele>
      </trkpt>
      <trkpt lat="46.44112" lon="3.30424">
        <ele>273.7</ele>
      </trkpt>
      <trkpt lat="46.44029" lon="3.30305">
        <ele>271.1</ele>
      </trkpt>
      <trkpt lat="46.43677" lon="3.30208">
        <ele>277.6</ele>
      </trkpt>
      <trkpt lat="46.43617" lon="3.30207">
        <ele>278.0</ele>
      </trkpt>
      <trkpt lat="46.43587" lon="3.30206">
        <ele>278.0</ele>
      </trkpt>
      <trkpt lat="46.43389" lon="3.30344">
        <ele>271.0</ele>
      </trkpt>
      <trkpt lat="46.43134" lon="3.3048">
        <ele>269.3</ele>
      </trkpt>
      <trkpt lat="46.42924" lon="3.30646">
        <ele>261.0</ele>
      </trkpt>
      <trkpt lat="46.42751" lon="3.30748">
        <ele>249.1</ele>
      </trkpt>
      <trkpt lat="46.42601" lon="3.30985">
        <ele>231.9</ele>
      </trkpt>
      <trkpt lat="46.42396" lon="3.30939">
        <ele>231.2</ele>
      </trkpt>
      <trkpt lat="46.42249" lon="3.30684">
        <ele>238.2</ele>
      </trkpt>
      <trkpt lat="46.42247" lon="3.30645">
        <ele>239.3</ele>
      </trkpt>
      <trkpt lat="46.42257" lon="3.30578">
        <ele>240.0</ele>
      </trkpt>
      <trkpt lat="46.42405" lon="3.30067">
        <ele>238.8</ele>
      </trkpt>
      <trkpt lat="46.42435" lon="3.29987">
        <ele>237.2</ele>
      </trkpt>
      <trkpt lat="46.42515" lon="3.2958">
        <ele>233.5</ele>
      </trkpt>
      <trkpt lat="46.42494" lon="3.29352">
        <ele>233.0</ele>
      </trkpt>
      <trkpt lat="46.42408" lon="3.29438">
        <ele>230.2</ele>
      </trkpt>
      <trkpt lat="46.42246" lon="3.29552">
        <ele>237.2</ele>
      </trkpt>
      <trkpt lat="46.42087" lon="3.29774">
        <ele>246.0</ele>
      </trkpt>
      <trkpt lat="46.41777" lon="3.30024">
        <ele>249.0</ele>
      </trkpt>
      <trkpt lat="46.41558" lon="3.30055">
        <ele>265.0</ele>
      </trkpt>
      <trkpt lat="46.41452" lon="3.30202">
        <ele>256.8</ele>
      </trkpt>
      <trkpt lat="46.41371" lon="3.30345">
        <ele>250.9</ele>
      </trkpt>
      <trkpt lat="46.41265" lon="3.3079">
        <ele>236.4</ele>
      </trkpt>
      <trkpt lat="46.41226" lon="3.30963">
        <ele>232.3</ele>
      </trkpt>
      <trkpt lat="46.41154" lon="3.31331">
        <ele>223.0</ele>
      </trkpt>
      <trkpt lat="46.41176" lon="3.31615">
        <ele>222.0</ele>
      </trkpt>
      <trkpt lat="46.41232" lon="3.31858">
        <ele>221.1</ele>
      </trkpt>
      <trkpt lat="46.41163" lon="3.31871">
        <ele>220.4</ele>
      </trkpt>
      <trkpt lat="46.41063" lon="3.31694">
        <ele>222.3</ele>
      </trkpt>
      <trkpt lat="46.41011" lon="3.31598">
        <ele>221.8</ele>
      </trkpt>
      <trkpt lat="46.40918" lon="3.31707">
        <ele>212.8</ele>
      </trkpt>
      <trkpt lat="46.40816" lon="3.3166">
        <ele>212.4</ele>
      </trkpt>
      <trkpt lat="46.40564" lon="3.31573">
        <ele>219.8</ele>
      </trkpt>
      <trkpt lat="46.40413" lon="3.31569">
        <ele>218.0</ele>
      </trkpt>
      <trkpt lat="46.40248" lon="3.31709">
        <ele>223.2</ele>
      </trkpt>
      <trkpt lat="46.40281" lon="3.31419">
        <ele>230.6</ele>
      </trkpt>
      <trkpt lat="46.40274" lon="3.31399">
        <ele>229.1</ele>
      </trkpt>
      <trkpt lat="46.40251" lon="3.31479">
        <ele>227.6</ele>
      </trkpt>
      <trkpt lat="46.40166" lon="3.31461">
        <ele>222.2</ele>
      </trkpt>
      <trkpt lat="46.39796" lon="3.31256">
        <ele>224.7</ele>
      </trkpt>
      <trkpt lat="46.39611" lon="3.31183">
        <ele>221.2</ele>
      </trkpt>
      <trkpt lat="46.39328" lon="3.31088">
        <ele>220.0</ele>
      </trkpt>
      <trkpt lat="46.39091" lon="3.30942">
        <ele>224.1</ele>
      </trkpt>
      <trkpt lat="46.39031" lon="3.3089">
        <ele>227.6</ele>
      </trkpt>
      <trkpt lat="46.38978" lon="3.30859">
        <ele>226.0</ele>
      </trkpt>
      <trkpt lat="46.38963" lon="3.30887">
        <ele>221.4</ele>
      </trkpt>
      <trkpt lat="46.38602" lon="3.30835">
        <ele>222.3</ele>
      </trkpt>
      <trkpt lat="46.38269" lon="3.30711">
        <ele>224.8</ele>
      </trkpt>
      <trkpt lat="46.38164" lon="3.30707">
        <ele>225.3</ele>
      </trkpt>
      <trkpt lat="46.38053" lon="3.30685">
        <ele>234.7</ele>
      </trkpt>
      <trkpt lat="46.37687" lon="3.30681">
        <ele>229.8</ele>
      </trkpt>
      <trkpt lat="46.37495" lon="3.30327">
        <ele>255.1</ele>
      </trkpt>
      <trkpt lat="46.37486" lon="3.30312">
        <ele>257.0</ele>
      </trkpt>
      <trkpt lat="46.37335" lon="3.29952">
        <ele>282.8</ele>
      </trkpt>
      <trkpt lat="46.37241" lon="3.29925">
        <ele>290.9</ele>
      </trkpt>
      <trkpt lat="46.37177" lon="3.29923">
        <ele>292.7</ele>
      </trkpt>
      <trkpt lat="46.36849" lon="3.29749">
        <ele>296.6</ele>
      </trkpt>
      <trkpt lat="46.36783" lon="3.29738">
        <ele>295.2</ele>
      </trkpt>
      <trkpt lat="46.36786" lon="3.29671">
        <ele>294.7</ele>
      </trkpt>
      <trkpt lat="46.36775" lon="3.29357">
        <ele>297.1</ele>
      </trkpt>
      <trkpt lat="46.3662" lon="3.29227">
        <ele>299.9</ele>
      </trkpt>
      <trkpt lat="46.36466" lon="3.29017">
        <ele>296.7</ele>
      </trkpt>
      <trkpt lat="46.36333" lon="3.28757">
        <ele>301.0</ele>
      </trkpt>
      <trkpt lat="46.36278" lon="3.28688">
        <ele>303.0</ele>
      </trkpt>
      <trkpt lat="46.3616" lon="3.28598">
        <ele>306.1</ele>
      </trkpt>
      <trkpt lat="46.36158" lon="3.28578">
        <ele>306.3</ele>
      </trkpt>
      <trkpt lat="46.36084" lon="3.2826">
        <ele>305.0</ele>
      </trkpt>
      <trkpt lat="46.36018" lon="3.27756">
        <ele>294.7</ele>
      </trkpt>
      <trkpt lat="46.36006" lon="3.27623">
        <ele>285.1</ele>
      </trkpt>
      <trkpt lat="46.35854" lon="3.27173">
        <ele>269.2</ele>
      </trkpt>
      <trkpt lat="46.35855" lon="3.26939">
        <ele>270.8</ele>
      </trkpt>
      <trkpt lat="46.35835" lon="3.26845">
        <ele>270.0</ele>
      </trkpt>
      <trkpt lat="46.35722" lon="3.26624">
        <ele>257.0</ele>
      </trkpt>
      <trkpt lat="46.3546" lon="3.26346">
        <ele>262.3</ele>
      </trkpt>
      <trkpt lat="46.35457" lon="3.26342">
        <ele>262.3</ele>
      </trkpt>
      <trkpt lat="46.35317" lon="3.26504">
        <ele>254.8</ele>
      </trkpt>
      <trkpt lat="46.35107" lon="3.26753">
        <ele>252.4</ele>
      </trkpt>
      <trkpt lat="46.35054" lon="3.26857">
        <ele>249.7</ele>
      </trkpt>
      <trkpt lat="46.34919" lon="3.27111">
        <ele>249.1</ele>
      </trkpt>
      <trkpt lat="46.34657" lon="3.27391">
        <ele>243.1</ele>
      </trkpt>
      <trkpt lat="46.34661" lon="3.27335">
        <ele>239.1</ele>
      </trkpt>
      <trkpt lat="46.34527" lon="3.27275">
        <ele>236.1</ele>
      </trkpt>
      <trkpt lat="46.3441" lon="3.27294">
        <ele>238.3</ele>
      </trkpt>
      <trkpt lat="46.34275" lon="3.27382">
        <ele>244.3</ele>
      </trkpt>
      <trkpt lat="46.34236" lon="3.27437">
        <ele>246.5</ele>
      </trkpt>
      <trkpt lat="46.34043" lon="3.27653">
        <ele>267.7</ele>
      </trkpt>
      <trkpt lat="46.33841" lon="3.27767">
        <ele>259.7</ele>
      </trkpt>
      <trkpt lat="46.33639" lon="3.27877">
        <ele>251.9</ele>
      </trkpt>
      <trkpt lat="46.33484" lon="3.27715">
        <ele>250.5</ele>
      </trkpt>
      <trkpt lat="46.33344" lon="3.27592">
        <ele>250.3</ele>
      </trkpt>
      <trkpt lat="46.33202" lon="3.2782">
        <ele>246.9</ele>
      </trkpt>
      <trkpt lat="46.33016" lon="3.28073">
        <ele>246.8</ele>
      </trkpt>
      <trkpt lat="46.3295" lon="3.28222">
        <ele>249.0</ele>
      </trkpt>
      <trkpt lat="46.32882" lon="3.28258">
        <ele>248.8</ele>
      </trkpt>
      <trkpt lat="46.32774" lon="3.28297">
        <ele>248.6</ele>
      </trkpt>
      <trkpt lat="46.32413" lon="3.2837">
        <ele>244.9</ele>
      </trkpt>
      <trkpt lat="46.32328" lon="3.28409">
        <ele>243.8</ele>
      </trkpt>
      <trkpt lat="46.32087" lon="3.28529">
        <ele>243.0</ele>
      </trkpt>
      <trkpt lat="46.31941" lon="3.28628">
        <ele>242.5</ele>
      </trkpt>
      <trkpt lat="46.31545" lon="3.28686">
        <ele>241.0</ele>
      </trkpt>
      <trkpt lat="46.31189" lon="3.2874">
        <ele>248.8</ele>
      </trkpt>
      <trkpt lat="46.30972" lon="3.28838">
        <ele>240.0</ele>
      </trkpt>
      <trkpt lat="46.30789" lon="3.28932">
        <ele>247.6</ele>
      </trkpt>
      <trkpt lat="46.30738" lon="3.2892">
        <ele>249.4</ele>
      </trkpt>
      <trkpt lat="46.30737" lon="3.2877">
        <ele>247.7</ele>
      </trkpt>
      <trkpt lat="46.30461" lon="3.28798">
        <ele>259.0</ele>
      </trkpt>
      <trkpt lat="46.30446" lon="3.28774">
        <ele>259.0</ele>
      </trkpt>
      <trkpt lat="46.30288" lon="3.28416">
        <ele>260.4</ele>
      </trkpt>
      <trkpt lat="46.30086" lon="3.28218">
        <ele>258.3</ele>
      </trkpt>
      <trkpt lat="46.29935" lon="3.27887">
        <ele>264.0</ele>
      </trkpt>
      <trkpt lat="46.29893" lon="3.27785">
        <ele>264.0</ele>
      </trkpt>
      <trkpt lat="46.29673" lon="3.27343">
        <ele>267.0</ele>
      </trkpt>
      <trkpt lat="46.29478" lon="3.27044">
        <ele>269.1</ele>
      </trkpt>
      <trkpt lat="46.29275" lon="3.26942">
        <ele>266.1</ele>
      </trkpt>
      <trkpt lat="46.29175" lon="3.26873">
        <ele>265.3</ele>
      </trkpt>
      <trkpt lat="46.28862" lon="3.2682">
        <ele>268.5</ele>
      </trkpt>
      <trkpt lat="46.28768" lon="3.26806">
        <ele>269.0</ele>
      </trkpt>
      <trkpt lat="46.28397" lon="3.26791">
        <ele>260.7</ele>
      </trkpt>
      <trkpt lat="46.28287" lon="3.26812">
        <ele>258.1</ele>
      </trkpt>
      <trkpt lat="46.28128" lon="3.26842">
        <ele>247.9</ele>
      </trkpt>
      <trkpt lat="46.28027" lon="3.2695">
        <ele>242.8</ele>
      </trkpt>
      <trkpt lat="46.27965" lon="3.27032">
        <ele>240.3</ele>
      </trkpt>
      <trkpt lat="46.27951" lon="3.2705">
        <ele>243.2</ele>
      </trkpt>
      <trkpt lat="46.27514" lon="3.27403">
        <ele>244.7</ele>
      </trkpt>
      <trkpt lat="46.27381" lon="3.27523">
        <ele>255.7</ele>
      </trkpt>
      <trkpt lat="46.27257" lon="3.27752">
        <ele>259.3</ele>
      </trkpt>
      <trkpt lat="46.27219" lon="3.27824">
        <ele>258.0</ele>
      </trkpt>
      <trkpt lat="46.26808" lon="3.27602">
        <ele>270.2</ele>
      </trkpt>
      <trkpt lat="46.26495" lon="3.27386">
        <ele>281.4</ele>
      </trkpt>
      <trkpt lat="46.26337" lon="3.27411">
        <ele>289.0</ele>
      </trkpt>
      <trkpt lat="46.26072" lon="3.27275">
        <ele>276.6</ele>
      </trkpt>
      <trkpt lat="46.26027" lon="3.27253">
        <ele>276.0</ele>
      </trkpt>
      <trkpt lat="46.25803" lon="3.27135">
        <ele>275.1</ele>
      </trkpt>
      <trkpt lat="46.2553" lon="3.26994">
        <ele>275.9</ele>
      </trkpt>
      <trkpt lat="46.25273" lon="3.26869">
        <ele>283.7</ele>
      </trkpt>
      <trkpt lat="46.25182" lon="3.26786">
        <ele>284.7</ele>
      </trkpt>
      <trkpt lat="46.24968" lon="3.26658">
        <ele>286.2</ele>
      </trkpt>
      <trkpt lat="46.24787" lon="3.26565">
        <ele>286.7</ele>
      </trkpt>
      <trkpt lat="46.24662" lon="3.26501">
        <ele>290.8</ele>
      </trkpt>
      <trkpt lat="46.24444" lon="3.26339">
        <ele>289.0</ele>
      </trkpt>
      <trkpt lat="46.24294" lon="3.2619">
        <ele>287.0</ele>
      </trkpt>
      <trkpt lat="46.24181" lon="3.26096">
        <ele>285.7</ele>
      </trkpt>
      <trkpt lat="46.23949" lon="3.25869">
        <ele>285.0</ele>
      </trkpt>
      <trkpt lat="46.23779" lon="3.25696">
        <ele>285.0</ele>
      </trkpt>
      <trkpt lat="46.23643" lon="3.25352">
        <ele>277.9</ele>
      </trkpt>
      <trkpt lat="46.23611" lon="3.24991">
        <ele>285.0</ele>
      </trkpt>
      <trkpt lat="46.2347" lon="3.24851">
        <ele>285.0</ele>
      </trkpt>
      <trkpt lat="46.23233" lon="3.24624">
        <ele>287.0</ele>
      </trkpt>
      <trkpt lat="46.2313" lon="3.24524">
        <ele>287.6</ele>
      </trkpt>
      <trkpt lat="46.23124" lon="3.24519">
        <ele>287.3</ele>
      </trkpt>
      <trkpt lat="46.2266" lon="3.24072">
        <ele>289.0</ele>
      </trkpt>
      <trkpt lat="46.22487" lon="3.23902">
        <ele>287.3</ele>
      </trkpt>
      <trkpt lat="46.2243" lon="3.23825">
        <ele>286.0</ele>
      </trkpt>
      <trkpt lat="46.22375" lon="3.23664">
        <ele>285.5</ele>
      </trkpt>
      <trkpt lat="46.22361" lon="3.23167">
        <ele>289.0</ele>
      </trkpt>
      <trkpt lat="46.22275" lon="3.22705">
        <ele>290.9</ele>
      </trkpt>
      <trkpt lat="46.22222" lon="3.22531">
        <ele>290.0</ele>
      </trkpt>
      <trkpt lat="46.22211" lon="3.22154">
        <ele>293.5</ele>
      </trkpt>
      <trkpt lat="46.21982" lon="3.22142">
        <ele>293.1</ele>
      </trkpt>
      <trkpt lat="46.21787" lon="3.22052">
        <ele>291.4</ele>
      </trkpt>
      <trkpt lat="46.21768" lon="3.22037">
        <ele>291.4</ele>
      </trkpt>
      <trkpt lat="46.21793" lon="3.2192">
        <ele>293.0</ele>
      </trkpt>
      <trkpt lat="46.21579" lon="3.21517">
        <ele>297.4</ele>
      </trkpt>
      <trkpt lat="46.21571" lon="3.21468">
        <ele>298.6</ele>
      </trkpt>
      <trkpt lat="46.21566" lon="3.21404">
        <ele>299.3</ele>
      </trkpt>
      <trkpt lat="46.21533" lon="3.20923">
        <ele>311.8</ele>
      </trkpt>
      <trkpt lat="46.21509" lon="3.20794">
        <ele>316.8</ele>
      </trkpt>
      <trkpt lat="46.21354" lon="3.20213">
        <ele>339.3</ele>
      </trkpt>
      <trkpt lat="46.21354" lon="3.2018">
        <ele>340.5</ele>
      </trkpt>
      <trkpt lat="46.21404" lon="3.19692">
        <ele>365.4</ele>
      </trkpt>
      <trkpt lat="46.21402" lon="3.19641">
        <ele>361.4</ele>
      </trkpt>
      <trkpt lat="46.21355" lon="3.19584">
        <ele>358.5</ele>
      </trkpt>
      <trkpt lat="46.20967" lon="3.19401">
        <ele>327.5</ele>
      </trkpt>
      <trkpt lat="46.20953" lon="3.19387">
        <ele>326.2</ele>
      </trkpt>
      <trkpt lat="46.20796" lon="3.19042">
        <ele>308.5</ele>
      </trkpt>
      <trkpt lat="46.20577" lon="3.18922">
        <ele>313.1</ele>
      </trkpt>
      <trkpt lat="46.20397" lon="3.1879">
        <ele>317.3</ele>
      </trkpt>
      <trkpt lat="46.2037" lon="3.18781">
        <ele>318.1</ele>
      </trkpt>
      <trkpt lat="46.2014" lon="3.18764">
        <ele>328.9</ele>
      </trkpt>
      <trkpt lat="46.20015" lon="3.18755">
        <ele>331.5</ele>
      </trkpt>
      <trkpt lat="46.197" lon="3.188">
        <ele>327.7</ele>
      </trkpt>
      <trkpt lat="46.1941" lon="3.18788">
        <ele>338.0</ele>
      </trkpt>
      <trkpt lat="46.19165" lon="3.18569">
        <ele>345.9</ele>
      </trkpt>
      <trkpt lat="46.1898" lon="3.18562">
        <ele>335.6</ele>
      </trkpt>
      <trkpt lat="46.1891" lon="3.18576">
        <ele>335.0</ele>
      </trkpt>
      <trkpt lat="46.18866" lon="3.1856">
        <ele>335.6</ele>
      </trkpt>
      <trkpt lat="46.18767" lon="3.18125">
        <ele>352.2</ele>
      </trkpt>
      <trkpt lat="46.18662" lon="3.17922">
        <ele>359.0</ele>
      </trkpt>
      <trkpt lat="46.1876" lon="3.17656">
        <ele>382.2</ele>
      </trkpt>
      <trkpt lat="46.18752" lon="3.17525">
        <ele>393.3</ele>
      </trkpt>
      <trkpt lat="46.18721" lon="3.17258">
        <ele>402.0</ele>
      </trkpt>
      <trkpt lat="46.18765" lon="3.1689">
        <ele>401.5</ele>
      </trkpt>
      <trkpt lat="46.18762" lon="3.16863">
        <ele>401.6</ele>
      </trkpt>
      <trkpt lat="46.18572" lon="3.16341">
        <ele>404.4</ele>
      </trkpt>
      <trkpt lat="46.18563" lon="3.1631">
        <ele>404.7</ele>
      </trkpt>
      <trkpt lat="46.18487" lon="3.16102">
        <ele>408.2</ele>
      </trkpt>
      <trkpt lat="46.18393" lon="3.15928">
        <ele>409.9</ele>
      </trkpt>
      <trkpt lat="46.18238" lon="3.15864">
        <ele>410.0</ele>
      </trkpt>
      <trkpt lat="46.18007" lon="3.15802">
        <ele>397.1</ele>
      </trkpt>
      <trkpt lat="46.17957" lon="3.15743">
        <ele>392.4</ele>
      </trkpt>
      <trkpt lat="46.17618" lon="3.15473">
        <ele>358.0</ele>
      </trkpt>
      <trkpt lat="46.17575" lon="3.15436">
        <ele>355.8</ele>
      </trkpt>
      <trkpt lat="46.174" lon="3.15207">
        <ele>348.4</ele>
      </trkpt>
      <trkpt lat="46.17379" lon="3.15159">
        <ele>348.1</ele>
      </trkpt>
      <trkpt lat="46.17289" lon="3.14946">
        <ele>351.5</ele>
      </trkpt>
      <trkpt lat="46.17131" lon="3.14537">
        <ele>346.6</ele>
      </trkpt>
      <trkpt lat="46.16971" lon="3.14153">
        <ele>332.9</ele>
      </trkpt>
      <trkpt lat="46.16858" lon="3.13913">
        <ele>325.0</ele>
      </trkpt>
      <trkpt lat="46.16846" lon="3.13873">
        <ele>324.7</ele>
      </trkpt>
      <trkpt lat="46.16769" lon="3.13519">
        <ele>319.0</ele>
      </trkpt>
      <trkpt lat="46.1671" lon="3.13192">
        <ele>324.1</ele>
      </trkpt>
      <trkpt lat="46.16695" lon="3.13021">
        <ele>326.7</ele>
      </trkpt>
      <trkpt lat="46.16629" lon="3.13005">
        <ele>330.5</ele>
      </trkpt>
      <trkpt lat="46.16227" lon="3.12782">
        <ele>324.8</ele>
      </trkpt>
      <trkpt lat="46.16158" lon="3.12578">
        <ele>335.0</ele>
      </trkpt>
      <trkpt lat="46.1611" lon="3.12402">
        <ele>337.5</ele>
      </trkpt>
      <trkpt lat="46.15932" lon="3.1205">
        <ele>352.9</ele>
      </trkpt>
      <trkpt lat="46.15772" lon="3.11826">
        <ele>355.6</ele>
      </trkpt>
      <trkpt lat="46.15588" lon="3.11563">
        <ele>345.6</ele>
      </trkpt>
      <trkpt lat="46.15577" lon="3.11455">
        <ele>346.8</ele>
      </trkpt>
      <trkpt lat="46.1548" lon="3.10957">
        <ele>363.0</ele>
      </trkpt>
      <trkpt lat="46.1521" lon="3.11079">
        <ele>364.0</ele>
      </trkpt>
      <trkpt lat="46.15028" lon="3.11103">
        <ele>359.3</ele>
      </trkpt>
      <trkpt lat="46.14969" lon="3.1111">
        <ele>353.9</ele>
      </trkpt>
      <trkpt lat="46.14782" lon="3.10826">
        <ele>335.1</ele>
      </trkpt>
      <trkpt lat="46.14633" lon="3.10816">
        <ele>334.3</ele>
      </trkpt>
      <trkpt lat="46.14399" lon="3.10801">
        <ele>337.6</ele>
      </trkpt>
      <trkpt lat="46.14111" lon="3.10782">
        <ele>340.9</ele>
      </trkpt>
      <trkpt lat="46.13882" lon="3.10747">
        <ele>344.0</ele>
      </trkpt>
      <trkpt lat="46.13785" lon="3.10743">
        <ele>344.4</ele>
      </trkpt>
      <trkpt lat="46.13726" lon="3.10754">
        <ele>345.7</ele>
      </trkpt>
      <trkpt lat="46.13305" lon="3.10835">
        <ele>348.9</ele>
      </trkpt>
      <trkpt lat="46.13027" lon="3.10843">
        <ele>343.9</ele>
      </trkpt>
      <trkpt lat="46.13082" lon="3.10718">
        <ele>346.4</ele>
      </trkpt>
      <trkpt lat="46.12989" lon="3.10184">
        <ele>311.2</ele>
      </trkpt>
      <trkpt lat="46.12983" lon="3.10141">
        <ele>311.0</ele>
      </trkpt>
      <trkpt lat="46.12788" lon="3.0993">
        <ele>308.7</ele>
      </trkpt>
      <trkpt lat="46.12192" lon="3.09539">
        <ele>306.0</ele>
      </trkpt>
      <trkpt lat="46.1199" lon="3.09411">
        <ele>306.5</ele>
      </trkpt>
      <trkpt lat="46.11861" lon="3.09279">
        <ele>307.0</ele>
      </trkpt>
      <trkpt lat="46.11807" lon="3.09208">
        <ele>306.1</ele>
      </trkpt>
      <trkpt lat="46.11613" lon="3.08822">
        <ele>308.0</ele>
      </trkpt>
      <trkpt lat="46.1161" lon="3.08808">
        <ele>308.0</ele>
      </trkpt>
      <trkpt lat="46.11507" lon="3.08992">
        <ele>306.7</ele>
      </trkpt>
      <trkpt lat="46.11226" lon="3.09229">
        <ele>310.6</ele>
      </trkpt>
      <trkpt lat="46.112" lon="3.0923">
        <ele>311.4</ele>
      </trkpt>
      <trkpt lat="46.10806" lon="3.09177">
        <ele>318.0</ele>
      </trkpt>
      <trkpt lat="46.10583" lon="3.09111">
        <ele>320.0</ele>
      </trkpt>
      <trkpt lat="46.10499" lon="3.09085">
        <ele>322.1</ele>
      </trkpt>
      <trkpt lat="46.10282" lon="3.09022">
        <ele>329.0</ele>
      </trkpt>
      <trkpt lat="46.1017" lon="3.09003">
        <ele>330.8</ele>
      </trkpt>
      <trkpt lat="46.09978" lon="3.08755">
        <ele>343.3</ele>
      </trkpt>
      <trkpt lat="46.09925" lon="3.08689">
        <ele>347.2</ele>
      </trkpt>
      <trkpt lat="46.09644" lon="3.08366">
        <ele>361.8</ele>
      </trkpt>
      <trkpt lat="46.09603" lon="3.08341">
        <ele>363.1</ele>
      </trkpt>
      <trkpt lat="46.09419" lon="3.08299">
        <ele>363.1</ele>
      </trkpt>
      <trkpt lat="46.09213" lon="3.08129">
        <ele>366.3</ele>
      </trkpt>
      <trkpt lat="46.0909" lon="3.08018">
        <ele>373.5</ele>
      </trkpt>
      <trkpt lat="46.08812" lon="3.07874">
        <ele>387.1</ele>
      </trkpt>
      <trkpt lat="46.08584" lon="3.07779">
        <ele>373.9</ele>
      </trkpt>
      <trkpt lat="46.08352" lon="3.07719">
        <ele>402.4</ele>
      </trkpt>
      <trkpt lat="46.08345" lon="3.0772">
        <ele>402.6</ele>
      </trkpt>
      <trkpt lat="46.08284" lon="3.07647">
        <ele>408.3</ele>
      </trkpt>
      <trkpt lat="46.07927" lon="3.07643">
        <ele>427.8</ele>
      </trkpt>
      <trkpt lat="46.07876" lon="3.07672">
        <ele>429.5</ele>
      </trkpt>
      <trkpt lat="46.07632" lon="3.07826">
        <ele>419.1</ele>
      </trkpt>
      <trkpt lat="46.07618" lon="3.07821">
        <ele>417.5</ele>
      </trkpt>
      <trkpt lat="46.07509" lon="3.07746">
        <ele>411.9</ele>
      </trkpt>
      <trkpt lat="46.07224" lon="3.07394">
        <ele>400.2</ele>
      </trkpt>
      <trkpt lat="46.07208" lon="3.074">
        <ele>399.0</ele>
      </trkpt>
      <trkpt lat="46.07176" lon="3.07451">
        <ele>402.0</ele>
      </trkpt>
      <trkpt lat="46.07257" lon="3.07756">
        <ele>416.8</ele>
      </trkpt>
      <trkpt lat="46.07116" lon="3.07908">
        <ele>431.5</ele>
      </trkpt>
      <trkpt lat="46.071" lon="3.07906">
        <ele>433.4</ele>
      </trkpt>
      <trkpt lat="46.06893" lon="3.08039">
        <ele>450.9</ele>
      </trkpt>
      <trkpt lat="46.06885" lon="3.07997">
        <ele>454.2</ele>
      </trkpt>
      <trkpt lat="46.06806" lon="3.07761">
        <ele>441.6</ele>
      </trkpt>
      <trkpt lat="46.06588" lon="3.07295">
        <ele>468.8</ele>
      </trkpt>
      <trkpt lat="46.06555" lon="3.07205">
        <ele>473.0</ele>
      </trkpt>
      <trkpt lat="46.06521" lon="3.06812">
        <ele>432.2</ele>
      </trkpt>
      <trkpt lat="46.06481" lon="3.06736">
        <ele>438.0</ele>
      </trkpt>
      <trkpt lat="46.06441" lon="3.06618">
        <ele>443.0</ele>
      </trkpt>
      <trkpt lat="46.06238" lon="3.06431">
        <ele>468.2</ele>
      </trkpt>
      <trkpt lat="46.06173" lon="3.0629">
        <ele>477.7</ele>
      </trkpt>
      <trkpt lat="46.06116" lon="3.06222">
        <ele>485.8</ele>
      </trkpt>
      <trkpt lat="46.05843" lon="3.06109">
        <ele>500.4</ele>
      </trkpt>
      <trkpt lat="46.05776" lon="3.06077">
        <ele>500.8</ele>
      </trkpt>
      <trkpt lat="46.05382" lon="3.05994">
        <ele>526.2</ele>
      </trkpt>
      <trkpt lat="46.05326" lon="3.05998">
        <ele>530.1</ele>
      </trkpt>
      <trkpt lat="46.04926" lon="3.05912">
        <ele>536.8</ele>
      </trkpt>
      <trkpt lat="46.04894" lon="3.05899">
        <ele>537.7</ele>
      </trkpt>
      <trkpt lat="46.04721" lon="3.05743">
        <ele>546.0</ele>
      </trkpt>
      <trkpt lat="46.04675" lon="3.05718">
        <ele>545.9</ele>
      </trkpt>
      <trkpt lat="46.04607" lon="3.05415">
        <ele>547.8</ele>
      </trkpt>
      <trkpt lat="46.04649" lon="3.04896">
        <ele>556.6</ele>
      </trkpt>
      <trkpt lat="46.04641" lon="3.04826">
        <ele>558.1</ele>
      </trkpt>
      <trkpt lat="46.04622" lon="3.04308">
        <ele>546.9</ele>
      </trkpt>
      <trkpt lat="46.04591" lon="3.0424">
        <ele>549.0</ele>
      </trkpt>
      <trkpt lat="46.04576" lon="3.03942">
        <ele>554.1</ele>
      </trkpt>
      <trkpt lat="46.04557" lon="3.03918">
        <ele>555.0</ele>
      </trkpt>
      <trkpt lat="46.04247" lon="3.03555">
        <ele>551.7</ele>
      </trkpt>
      <trkpt lat="46.0408" lon="3.03313">
        <ele>561.6</ele>
      </trkpt>
      <trkpt lat="46.04032" lon="3.0326">
        <ele>564.6</ele>
      </trkpt>
      <trkpt lat="46.04005" lon="3.03237">
        <ele>565.6</ele>
      </trkpt>
      <trkpt lat="46.03858" lon="3.02837">
        <ele>576.8</ele>
      </trkpt>
      <trkpt lat="46.03821" lon="3.0272">
        <ele>580.6</ele>
      </trkpt>
      <trkpt lat="46.03631" lon="3.022">
        <ele>530.6</ele>
      </trkpt>
      <trkpt lat="46.03611" lon="3.02177">
        <ele>526.2</ele>
      </trkpt>
      <trkpt lat="46.03288" lon="3.02111">
        <ele>506.0</ele>
      </trkpt>
      <trkpt lat="46.0296" lon="3.02387">
        <ele>497.3</ele>
      </trkpt>
      <trkpt lat="46.02922" lon="3.02328">
        <ele>511.0</ele>
      </trkpt>
      <trkpt lat="46.0292" lon="3.02305">
        <ele>512.2</ele>
      </trkpt>
      <trkpt lat="46.0268" lon="3.02262">
        <ele>553.8</ele>
      </trkpt>
      <trkpt lat="46.02639" lon="3.02191">
        <ele>558.0</ele>
      </trkpt>
      <trkpt lat="46.02543" lon="3.01927">
        <ele>554.9</ele>
      </trkpt>
      <trkpt lat="46.02514" lon="3.01633">
        <ele>563.5</ele>
      </trkpt>
      <trkpt lat="46.0252" lon="3.01461">
        <ele>560.0</ele>
      </trkpt>
      <trkpt lat="46.02391" lon="3.01255">
        <ele>559.9</ele>
      </trkpt>
      <trkpt lat="46.0222" lon="3.01183">
        <ele>543.8</ele>
      </trkpt>
      <trkpt lat="46.02131" lon="3.01162">
        <ele>529.1</ele>
      </trkpt>
      <trkpt lat="46.01856" lon="3.01034">
        <ele>481.2</ele>
      </trkpt>
      <trkpt lat="46.01812" lon="3.00938">
        <ele>484.4</ele>
      </trkpt>
      <trkpt lat="46.01674" lon="3.00845">
        <ele>478.4</ele>
      </trkpt>
      <trkpt lat="46.01629" lon="3.00794">
        <ele>479.0</ele>
      </trkpt>
      <trkpt lat="46.01513" lon="3.00504">
        <ele>482.7</ele>
      </trkpt>
      <trkpt lat="46.01423" lon="2.99938">
        <ele>496.1</ele>
      </trkpt>
      <trkpt lat="46.01391" lon="2.99886">
        <ele>491.7</ele>
      </trkpt>
      <trkpt lat="46.01337" lon="2.99909">
        <ele>483.9</ele>
      </trkpt>
      <trkpt lat="46.0113" lon="3.00191">
        <ele>508.9</ele>
      </trkpt>
      <trkpt lat="46.01133" lon="3.00236">
        <ele>515.7</ele>
      </trkpt>
      <trkpt lat="46.01176" lon="3.0019">
        <ele>518.7</ele>
      </trkpt>
      <trkpt lat="46.01269" lon="3.00219">
        <ele>535.5</ele>
      </trkpt>
      <trkpt lat="46.01253" lon="3.00594">
        <ele>567.7</ele>
      </trkpt>
      <trkpt lat="46.01253" lon="3.007">
        <ele>575.8</ele>
      </trkpt>
      <trkpt lat="46.01163" lon="3.01105">
        <ele>605.0</ele>
      </trkpt>
      <trkpt lat="46.01124" lon="3.01104">
        <ele>607.4</ele>
      </trkpt>
      <trkpt lat="46.00901" lon="3.01018">
        <ele>605.1</ele>
      </trkpt>
      <trkpt lat="46.00708" lon="3.00969">
        <ele>609.1</ele>
      </trkpt>
      <trkpt lat="46.00629" lon="3.0098">
        <ele>608.7</ele>
      </trkpt>
      <trkpt lat="46.00274" lon="3.01077">
        <ele>625.1</ele>
      </trkpt>
      <trkpt lat="46.00209" lon="3.01054">
        <ele>626.0</ele>
      </trkpt>
      <trkpt lat="45.99879" lon="3.01004">
        <ele>634.4</ele>
      </trkpt>
      <trkpt lat="45.99734" lon="3.00989">
        <ele>642.6</ele>
      </trkpt>
      <trkpt lat="45.994" lon="3.00771">
        <ele>646.2</ele>
      </trkpt>
      <trkpt lat="45.99371" lon="3.00761">
        <ele>647.9</ele>
      </trkpt>
      <trkpt lat="45.9902" lon="3.00491">
        <ele>659.4</ele>
      </trkpt>
      <trkpt lat="45.98946" lon="3.00446">
        <ele>662.8</ele>
      </trkpt>
      <trkpt lat="45.98654" lon="3.00161">
        <ele>684.7</ele>
      </trkpt>
      <trkpt lat="45.98615" lon="3.00131">
        <ele>689.3</ele>
      </trkpt>
      <trkpt lat="45.98221" lon="2.99942">
        <ele>705.3</ele>
      </trkpt>
      <trkpt lat="45.98064" lon="2.99884">
        <ele>712.6</ele>
      </trkpt>
      <trkpt lat="45.97793" lon="2.99782">
        <ele>722.2</ele>
      </trkpt>
      <trkpt lat="45.97713" lon="2.99689">
        <ele>723.1</ele>
      </trkpt>
      <trkpt lat="45.97396" lon="2.99501">
        <ele>718.0</ele>
      </trkpt>
      <trkpt lat="45.97351" lon="2.99488">
        <ele>716.4</ele>
      </trkpt>
      <trkpt lat="45.97291" lon="2.99485">
        <ele>715.2</ele>
      </trkpt>
      <trkpt lat="45.9696" lon="2.99527">
        <ele>724.5</ele>
      </trkpt>
      <trkpt lat="45.96916" lon="2.99545">
        <ele>726.2</ele>
      </trkpt>
      <trkpt lat="45.96629" lon="2.99742">
        <ele>735.3</ele>
      </trkpt>
      <trkpt lat="45.96524" lon="2.99851">
        <ele>730.8</ele>
      </trkpt>
      <trkpt lat="45.96357" lon="2.9996">
        <ele>734.5</ele>
      </trkpt>
      <trkpt lat="45.96118" lon="3.00204">
        <ele>726.7</ele>
      </trkpt>
      <trkpt lat="45.95884" lon="3.00473">
        <ele>713.3</ele>
      </trkpt>
      <trkpt lat="45.95823" lon="3.00502">
        <ele>715.2</ele>
      </trkpt>
      <trkpt lat="45.9558" lon="3.00557">
        <ele>708.0</ele>
      </trkpt>
      <trkpt lat="45.9539" lon="3.00637">
        <ele>714.0</ele>
      </trkpt>
      <trkpt lat="45.95357" lon="3.00645">
        <ele>711.6</ele>
      </trkpt>
      <trkpt lat="45.95254" lon="3.002">
        <ele>700.0</ele>
      </trkpt>
      <trkpt lat="45.95158" lon="3.00051">
        <ele>689.0</ele>
      </trkpt>
      <trkpt lat="45.94959" lon="2.99713">
        <ele>699.3</ele>
      </trkpt>
      <trkpt lat="45.94933" lon="2.99653">
        <ele>703.3</ele>
      </trkpt>
      <trkpt lat="45.9479" lon="2.99204">
        <ele>727.5</ele>
      </trkpt>
      <trkpt lat="45.94748" lon="2.99099">
        <ele>730.0</ele>
      </trkpt>
      <trkpt lat="45.94741" lon="2.99084">
        <ele>730.3</ele>
      </trkpt>
      <trkpt lat="45.94528" lon="2.99246">
        <ele>734.1</ele>
      </trkpt>
      <trkpt lat="45.94377" lon="2.99328">
        <ele>729.6</ele>
      </trkpt>
      <trkpt lat="45.9407" lon="2.99174">
        <ele>734.1</ele>
      </trkpt>
      <trkpt lat="45.93921" lon="2.99245">
        <ele>730.3</ele>
      </trkpt>
      <trkpt lat="45.93655" lon="2.99047">
        <ele>718.051388</ele>
      </trkpt>
      <trkpt lat="45.93651" lon="2.99042">
        <ele>717.808451</ele>
      </trkpt>
      <trkpt lat="45.93258" lon="2.98839">
        <ele>709.063559</ele>
      </trkpt>
      <trkpt lat="45.93241" lon="2.98839">
        <ele>709.448672</ele>
      </trkpt>
      <trkpt lat="45.93098" lon="2.98791">
        <ele>713.030937</ele>
      </trkpt>
      <trkpt lat="45.92836" lon="2.98888">
        <ele>717.412211</ele>
      </trkpt>
      <trkpt lat="45.92833" lon="2.9889">
        <ele>717.554521</ele>
      </trkpt>
      <trkpt lat="45.92438" lon="2.98861">
        <ele>731.772016</ele>
      </trkpt>
      <trkpt lat="45.92408" lon="2.98844">
        <ele>732.446706</ele>
      </trkpt>
      <trkpt lat="45.92397" lon="2.98838">
        <ele>732.39715</ele>
      </trkpt>
      <trkpt lat="45.92066" lon="2.98422">
        <ele>726.885116</ele>
      </trkpt>
      <trkpt lat="45.92008" lon="2.98327">
        <ele>724.819776</ele>
      </trkpt>
      <trkpt lat="45.91806" lon="2.97928">
        <ele>737.877583</ele>
      </trkpt>
      <trkpt lat="45.91805" lon="2.97925">
        <ele>738.103647</ele>
      </trkpt>
      <trkpt lat="45.91628" lon="2.97536">
        <ele>772.758265</ele>
      </trkpt>
      <trkpt lat="45.91604" lon="2.97544">
        <ele>774.887093</ele>
      </trkpt>
      <trkpt lat="45.91513" lon="2.9755">
        <ele>773.384898</ele>
      </trkpt>
      <trkpt lat="45.91186" lon="2.97701">
        <ele>767.265431</ele>
      </trkpt>
      <trkpt lat="45.9118" lon="2.97698">
        <ele>767.275871</ele>
      </trkpt>
      <trkpt lat="45.91045" lon="2.97712">
        <ele>768.160072</ele>
      </trkpt>
      <trkpt lat="45.91038" lon="2.98148">
        <ele>770.632003</ele>
      </trkpt>
      <trkpt lat="45.91039" lon="2.98156">
        <ele>770.642489</ele>
      </trkpt>
      <trkpt lat="45.91032" lon="2.98197">
        <ele>770.699071</ele>
      </trkpt>
      <trkpt lat="45.90634" lon="2.98137">
        <ele>780.071925</ele>
      </trkpt>
      <trkpt lat="45.90629" lon="2.98138">
        <ele>780.174934</ele>
      </trkpt>
      <trkpt lat="45.90397" lon="2.98102">
        <ele>784.878112</ele>
      </trkpt>
      <trkpt lat="45.90252" lon="2.97895">
        <ele>788.296364</ele>
      </trkpt>
      <trkpt lat="45.90184" lon="2.97809">
        <ele>789.616788</ele>
      </trkpt>
      <trkpt lat="45.90047" lon="2.97347">
        <ele>784.55113</ele>
      </trkpt>
      <trkpt lat="45.90045" lon="2.97341">
        <ele>784.539589</ele>
      </trkpt>
      <trkpt lat="45.8984" lon="2.96788">
        <ele>807.035122</ele>
      </trkpt>
      <trkpt lat="45.89839" lon="2.96782">
        <ele>807.124983</ele>
      </trkpt>
      <trkpt lat="45.8979" lon="2.96403">
        <ele>810.720534</ele>
      </trkpt>
      <trkpt lat="45.89618" lon="2.96374">
        <ele>813.299434</ele>
      </trkpt>
      <trkpt lat="45.89611" lon="2.96374">
        <ele>813.399585</ele>
      </trkpt>
      <trkpt lat="45.89209" lon="2.96586">
        <ele>806.845353</ele>
      </trkpt>
      <trkpt lat="45.88931" lon="2.96616">
        <ele>800.942489</ele>
      </trkpt>
      <trkpt lat="45.88772" lon="2.9654">
        <ele>807.02706</ele>
      </trkpt>
      <trkpt lat="45.88768" lon="2.96538">
        <ele>807.179144</ele>
      </trkpt>
      <trkpt lat="45.88691" lon="2.96481">
        <ele>812.273481</ele>
      </trkpt>
      <trkpt lat="45.88506" lon="2.96053">
        <ele>821.529352</ele>
      </trkpt>
      <trkpt lat="45.88452" lon="2.95928">
        <ele>821.899578</ele>
      </trkpt>
      <trkpt lat="45.88421" lon="2.95666">
        <ele>820.878465</ele>
      </trkpt>
      <trkpt lat="45.88409" lon="2.95424">
        <ele>821.183426</ele>
      </trkpt>
      <trkpt lat="45.88385" lon="2.95155">
        <ele>826.313396</ele>
      </trkpt>
      <trkpt lat="45.88351" lon="2.94666">
        <ele>824.425152</ele>
      </trkpt>
      <trkpt lat="45.88294" lon="2.94507">
        <ele>825.089787</ele>
      </trkpt>
      <trkpt lat="45.88078" lon="2.94475">
        <ele>826.67729</ele>
      </trkpt>
      <trkpt lat="45.88073" lon="2.94475">
        <ele>826.720557</ele>
      </trkpt>
      <trkpt lat="45.87684" lon="2.94739">
        <ele>841.923599</ele>
      </trkpt>
      <trkpt lat="45.87681" lon="2.94737">
        <ele>841.995865</ele>
      </trkpt>
      <trkpt lat="45.87676" lon="2.94736">
        <ele>842.132056</ele>
      </trkpt>
      <trkpt lat="45.87553" lon="2.94204">
        <ele>853.977084</ele>
      </trkpt>
      <trkpt lat="45.87554" lon="2.94197">
        <ele>854.024275</ele>
      </trkpt>
      <trkpt lat="45.87532" lon="2.9416">
        <ele>854.411648</ele>
      </trkpt>
      <trkpt lat="45.87139" lon="2.94034">
        <ele>859.703542</ele>
      </trkpt>
      <trkpt lat="45.8704" lon="2.93947">
        <ele>857.9</ele>
      </trkpt>
      <trkpt lat="45.86906" lon="2.94241">
        <ele>873.0</ele>
      </trkpt>
      <trkpt lat="45.868" lon="2.94556">
        <ele>873.0</ele>
      </trkpt>
      <trkpt lat="45.86602" lon="2.94377">
        <ele>866.0</ele>
      </trkpt>
      <trkpt lat="45.86554" lon="2.94301">
        <ele>865.0</ele>
      </trkpt>
      <trkpt lat="45.86293" lon="2.93936">
        <ele>862.4</ele>
      </trkpt>
      <trkpt lat="45.86292" lon="2.93903">
        <ele>861.5</ele>
      </trkpt>
      <trkpt lat="45.86373" lon="2.93497">
        <ele>860.3</ele>
      </trkpt>
      <trkpt lat="45.86338" lon="2.9337">
        <ele>860.8</ele>
      </trkpt>
      <trkpt lat="45.86289" lon="2.93209">
        <ele>860.3</ele>
      </trkpt>
      <trkpt lat="45.86003" lon="2.93155">
        <ele>867.9</ele>
      </trkpt>
      <trkpt lat="45.86026" lon="2.93014">
        <ele>872.4</ele>
      </trkpt>
      <trkpt lat="45.86044" lon="2.92859">
        <ele>873.2</ele>
      </trkpt>
      <trkpt lat="45.86012" lon="2.92592">
        <ele>874.6</ele>
      </trkpt>
      <trkpt lat="45.85972" lon="2.92343">
        <ele>872.7</ele>
      </trkpt>
      <trkpt lat="45.85938" lon="2.92109">
        <ele>877.2</ele>
      </trkpt>
      <trkpt lat="45.85841" lon="2.92311">
        <ele>884.9</ele>
      </trkpt>
      <trkpt lat="45.85819" lon="2.92289">
        <ele>886.3</ele>
      </trkpt>
      <trkpt lat="45.8545" lon="2.92462">
        <ele>895.6</ele>
      </trkpt>
      <trkpt lat="45.85313" lon="2.92548">
        <ele>898.3</ele>
      </trkpt>
      <trkpt lat="45.85136" lon="2.92608">
        <ele>898.8</ele>
      </trkpt>
      <trkpt lat="45.85086" lon="2.92681">
        <ele>900.7</ele>
      </trkpt>
      <trkpt lat="45.85028" lon="2.92868">
        <ele>904.0</ele>
      </trkpt>
      <trkpt lat="45.84878" lon="2.93297">
        <ele>916.3</ele>
      </trkpt>
      <trkpt lat="45.84863" lon="2.9338">
        <ele>917.7</ele>
      </trkpt>
      <trkpt lat="45.84688" lon="2.93749">
        <ele>940.2</ele>
      </trkpt>
      <trkpt lat="45.84571" lon="2.93819">
        <ele>944.5</ele>
      </trkpt>
      <trkpt lat="45.84307" lon="2.93993">
        <ele>945.1</ele>
      </trkpt>
      <trkpt lat="45.84198" lon="2.94074">
        <ele>946.7</ele>
      </trkpt>
      <trkpt lat="45.8405" lon="2.94193">
        <ele>946.1</ele>
      </trkpt>
      <trkpt lat="45.83823" lon="2.94412">
        <ele>962.5</ele>
      </trkpt>
      <trkpt lat="45.83806" lon="2.94431">
        <ele>961.5</ele>
      </trkpt>
      <trkpt lat="45.83686" lon="2.94514">
        <ele>954.4</ele>
      </trkpt>
      <trkpt lat="45.83444" lon="2.94587">
        <ele>957.1</ele>
      </trkpt>
      <trkpt lat="45.8333" lon="2.94581">
        <ele>958.9</ele>
      </trkpt>
      <trkpt lat="45.83023" lon="2.94528">
        <ele>970.4</ele>
      </trkpt>
      <trkpt lat="45.82856" lon="2.94507">
        <ele>977.9</ele>
      </trkpt>
      <trkpt lat="45.8249" lon="2.94473">
        <ele>990.1</ele>
      </trkpt>
      <trkpt lat="45.82339" lon="2.94541">
        <ele>990.5</ele>
      </trkpt>
      <trkpt lat="45.82106" lon="2.94736">
        <ele>983.0</ele>
      </trkpt>
      <trkpt lat="45.82062" lon="2.94786">
        <ele>981.1</ele>
      </trkpt>
      <trkpt lat="45.81726" lon="2.95114">
        <ele>960.9</ele>
      </trkpt>
      <trkpt lat="45.81691" lon="2.95152">
        <ele>959.7</ele>
      </trkpt>
      <trkpt lat="45.81465" lon="2.95347">
        <ele>951.1</ele>
      </trkpt>
      <trkpt lat="45.81416" lon="2.95515">
        <ele>950.0</ele>
      </trkpt>
      <trkpt lat="45.81418" lon="2.95644">
        <ele>950.0</ele>
      </trkpt>
      <trkpt lat="45.81455" lon="2.96135">
        <ele>958.0</ele>
      </trkpt>
      <trkpt lat="45.81467" lon="2.96261">
        <ele>957.5</ele>
      </trkpt>
      <trkpt lat="45.81584" lon="2.96635">
        <ele>959.0</ele>
      </trkpt>
      <trkpt lat="45.81631" lon="2.96781">
        <ele>958.3</ele>
      </trkpt>
      <trkpt lat="45.81619" lon="2.96801">
        <ele>958.1</ele>
      </trkpt>
      <trkpt lat="45.81334" lon="2.97182">
        <ele>961.4</ele>
      </trkpt>
      <trkpt lat="45.81305" lon="2.97183">
        <ele>962.4</ele>
      </trkpt>
      <trkpt lat="45.80919" lon="2.97175">
        <ele>972.8</ele>
      </trkpt>
      <trkpt lat="45.80891" lon="2.9719">
        <ele>973.9</ele>
      </trkpt>
      <trkpt lat="45.80773" lon="2.97218">
        <ele>978.0</ele>
      </trkpt>
      <trkpt lat="45.80636" lon="2.97615">
        <ele>990.5</ele>
      </trkpt>
      <trkpt lat="45.80574" lon="2.97836">
        <ele>998.0</ele>
      </trkpt>
      <trkpt lat="45.80524" lon="2.98013">
        <ele>990.3</ele>
      </trkpt>
      <trkpt lat="45.80448" lon="2.9829">
        <ele>983.3</ele>
      </trkpt>
      <trkpt lat="45.80323" lon="2.98746">
        <ele>975.6</ele>
      </trkpt>
      <trkpt lat="45.80268" lon="2.98939">
        <ele>976.9</ele>
      </trkpt>
      <trkpt lat="45.80107" lon="2.99165">
        <ele>968.5</ele>
      </trkpt>
      <trkpt lat="45.80058" lon="2.99188">
        <ele>967.7</ele>
      </trkpt>
      <trkpt lat="45.79936" lon="2.99232">
        <ele>969.4</ele>
      </trkpt>
      <trkpt lat="45.79883" lon="2.99243">
        <ele>967.8</ele>
      </trkpt>
      <trkpt lat="45.79849" lon="2.98887">
        <ele>961.2</ele>
      </trkpt>
      <trkpt lat="45.7977" lon="2.98879">
        <ele>954.7</ele>
      </trkpt>
      <trkpt lat="45.79711" lon="2.98852">
        <ele>951.2</ele>
      </trkpt>
      <trkpt lat="45.79425" lon="2.98685">
        <ele>939.3</ele>
      </trkpt>
      <trkpt lat="45.79255" lon="2.98562">
        <ele>937.6</ele>
      </trkpt>
      <trkpt lat="45.79164" lon="2.98522">
        <ele>938.0</ele>
      </trkpt>
      <trkpt lat="45.78997" lon="2.98488">
        <ele>940.0</ele>
      </trkpt>
      <trkpt lat="45.78909" lon="2.98468">
        <ele>940.1</ele>
      </trkpt>
      <trkpt lat="45.7854" lon="2.98457">
        <ele>934.7</ele>
      </trkpt>
      <trkpt lat="45.78509" lon="2.98469">
        <ele>934.1</ele>
      </trkpt>
      <trkpt lat="45.78082" lon="2.98594">
        <ele>924.6</ele>
      </trkpt>
      <trkpt lat="45.78027" lon="2.9859">
        <ele>924.8</ele>
      </trkpt>
      <trkpt lat="45.77904" lon="2.98547">
        <ele>925.9</ele>
      </trkpt>
      <trkpt lat="45.77667" lon="2.98417">
        <ele>923.0</ele>
      </trkpt>
      <trkpt lat="45.77629" lon="2.98385">
        <ele>921.9</ele>
      </trkpt>
      <trkpt lat="45.7748" lon="2.98289">
        <ele>918.6</ele>
      </trkpt>
      <trkpt lat="45.7703" lon="2.97997">
        <ele>928.3</ele>
      </trkpt>
      <trkpt lat="45.7701" lon="2.9828">
        <ele>911.9</ele>
      </trkpt>
      <trkpt lat="45.76999" lon="2.98361">
        <ele>908.0</ele>
      </trkpt>
      <trkpt lat="45.76836" lon="2.98638">
        <ele>886.3</ele>
      </trkpt>
      <trkpt lat="45.76833" lon="2.98675">
        <ele>883.1</ele>
      </trkpt>
      <trkpt lat="45.76876" lon="2.98752">
        <ele>878.4</ele>
      </trkpt>
      <trkpt lat="45.76849" lon="2.99334">
        <ele>847.4</ele>
      </trkpt>
      <trkpt lat="45.76843" lon="2.99354">
        <ele>846.2</ele>
      </trkpt>
      <trkpt lat="45.76855" lon="2.99985">
        <ele>826.1</ele>
      </trkpt>
      <trkpt lat="45.76857" lon="3.0">
        <ele>825.7</ele>
      </trkpt>
      <trkpt lat="45.7687" lon="3.00556">
        <ele>813.3</ele>
      </trkpt>
      <trkpt lat="45.76866" lon="3.00581">
        <ele>811.4</ele>
      </trkpt>
      <trkpt lat="45.7694" lon="3.0111">
        <ele>793.6</ele>
      </trkpt>
      <trkpt lat="45.76903" lon="3.01273">
        <ele>785.5</ele>
      </trkpt>
      <trkpt lat="45.76889" lon="3.01711">
        <ele>770.6</ele>
      </trkpt>
      <trkpt lat="45.76866" lon="3.01785">
        <ele>765.4</ele>
      </trkpt>
      <trkpt lat="45.76893" lon="3.02077">
        <ele>748.2</ele>
      </trkpt>
      <trkpt lat="45.77038" lon="3.01997">
        <ele>743.0</ele>
      </trkpt>
      <trkpt lat="45.77103" lon="3.01986">
        <ele>740.5</ele>
      </trkpt>
      <trkpt lat="45.7732" lon="3.02096">
        <ele>726.9</ele>
      </trkpt>
      <trkpt lat="45.77338" lon="3.02139">
        <ele>724.3</ele>
      </trkpt>
      <trkpt lat="45.77387" lon="3.02424">
        <ele>718.9</ele>
      </trkpt>
      <trkpt lat="45.77457" lon="3.02812">
        <ele>720.3</ele>
      </trkpt>
      <trkpt lat="45.77471" lon="3.02831">
        <ele>720.9</ele>
      </trkpt>
      <trkpt lat="45.77588" lon="3.02968">
        <ele>721.2</ele>
      </trkpt>
      <trkpt lat="45.77799" lon="3.03245">
        <ele>704.8</ele>
      </trkpt>
      <trkpt lat="45.77887" lon="3.03297">
        <ele>698.1</ele>
      </trkpt>
      <trkpt lat="45.78114" lon="3.03698">
        <ele>687.2</ele>
      </trkpt>
      <trkpt lat="45.78191" lon="3.0388">
        <ele>687.9</ele>
      </trkpt>
      <trkpt lat="45.7842" lon="3.03932">
        <ele>664.9</ele>
      </trkpt>
      <trkpt lat="45.7852" lon="3.03972">
        <ele>660.0</ele>
      </trkpt>
      <trkpt lat="45.78582" lon="3.04008">
        <ele>656.4</ele>
      </trkpt>
      <trkpt lat="45.78362" lon="3.04139">
        <ele>634.0</ele>
      </trkpt>
      <trkpt lat="45.78362" lon="3.04193">
        <ele>630.9</ele>
      </trkpt>
      <trkpt lat="45.78457" lon="3.04784">
        <ele>593.0</ele>
      </trkpt>
      <trkpt lat="45.78452" lon="3.04799">
        <ele>591.0</ele>
      </trkpt>
      <trkpt lat="45.78383" lon="3.04924">
        <ele>582.6</ele>
      </trkpt>
      <trkpt lat="45.78587" lon="3.05002">
        <ele>553.6</ele>
      </trkpt>
      <trkpt lat="45.78541" lon="3.05051">
        <ele>555.0</ele>
      </trkpt>
      <trkpt lat="45.78537" lon="3.0529">
        <ele>546.1</ele>
      </trkpt>
      <trkpt lat="45.78344" lon="3.0529">
        <ele>536.1</ele>
      </trkpt>
      <trkpt lat="45.78291" lon="3.05296">
        <ele>533.1</ele>
      </trkpt>
      <trkpt lat="45.78162" lon="3.05308">
        <ele>525.7</ele>
      </trkpt>
      <trkpt lat="45.78048" lon="3.05227">
        <ele>522.4</ele>
      </trkpt>
      <trkpt lat="45.78072" lon="3.04876">
        <ele>525.4</ele>
      </trkpt>
      <trkpt lat="45.77996" lon="3.04772">
        <ele>520.1</ele>
      </trkpt>
      <trkpt lat="45.77836" lon="3.04944">
        <ele>498.5</ele>
      </trkpt>
      <trkpt lat="45.77726" lon="3.05019">
        <ele>485.6</ele>
      </trkpt>
      <trkpt lat="45.77551" lon="3.05371">
        <ele>459.7</ele>
      </trkpt>
      <trkpt lat="45.77546" lon="3.05391">
        <ele>457.9</ele>
      </trkpt>
      <trkpt lat="45.77541" lon="3.05416">
        <ele>455.9</ele>
      </trkpt>
      <trkpt lat="45.7758" lon="3.06015">
        <ele>418.9</ele>
      </trkpt>
      <trkpt lat="45.776" lon="3.06133">
        <ele>414.2</ele>
      </trkpt>
      <trkpt lat="45.77617" lon="3.06243">
        <ele>409.4</ele>
      </trkpt>
      <trkpt lat="45.77584" lon="3.06235">
        <ele>409.0</ele>
      </trkpt>
      <trkpt lat="45.7744" lon="3.06346">
        <ele>413.1</ele>
      </trkpt>
      <trkpt lat="45.77478" lon="3.06429">
        <ele>410.8</ele>
      </trkpt>
      <trkpt lat="45.77595" lon="3.0692">
        <ele>396.9</ele>
      </trkpt>
      <trkpt lat="45.77612" lon="3.07099">
        <ele>393.5</ele>
      </trkpt>
      <trkpt lat="45.77657" lon="3.076">
        <ele>386.4</ele>
      </trkpt>
      <trkpt lat="45.77751" lon="3.07981">
        <ele>385.0</ele>
      </trkpt>
      <trkpt lat="45.77784" lon="3.08177">
        <ele>395.521142</ele>
      </trkpt>
      <trkpt lat="45.77861" lon="3.08161">
        <ele>395.56949</ele>
      </trkpt>
      <trkpt lat="45.77874" lon="3.0851">
        <ele>407.148819</ele>
      </trkpt>
      <trkpt lat="45.77845" lon="3.08596">
        <ele>410.776625</ele>
      </trkpt>
      <trkpt lat="45.77794" lon="3.08604">
        <ele>411.375656</ele>
      </trkpt>
      <trkpt lat="45.77416" lon="3.08684">
        <ele>398.0</ele>
      </trkpt>
      <trkpt lat="45.77416" lon="3.08691">
        <ele>398.0</ele>
      </trkpt>
      <trkpt lat="45.77095" lon="3.08708">
        <ele>380.1</ele>
      </trkpt>
      <trkpt lat="45.77113" lon="3.08824">
        <ele>378.0</ele>
      </trkpt>
      <trkpt lat="45.77134" lon="3.08884">
        <ele>377.0</ele>
      </trkpt>
      <trkpt lat="45.77327" lon="3.09201">
        <ele>374.32089</ele>
      </trkpt>
      <trkpt lat="45.77321" lon="3.09252">
        <ele>374.531162</ele>
      </trkpt>
      <trkpt lat="45.77239" lon="3.09335">
        <ele>375.087432</ele>
      </trkpt>
      <trkpt lat="45.76838" lon="3.09516">
        <ele>394.489861</ele>
      </trkpt>
      <trkpt lat="45.76828" lon="3.09525">
        <ele>394.97239</ele>
      </trkpt>
      <trkpt lat="45.76674" lon="3.09606">
        <ele>399.997699</ele>
      </trkpt>
      <trkpt lat="45.76719" lon="3.09999">
        <ele>396.436567</ele>
      </trkpt>
      <trkpt lat="45.76828" lon="3.10457">
        <ele>390.578902</ele>
      </trkpt>
      <trkpt lat="45.7684" lon="3.10467">
        <ele>390.426937</ele>
      </trkpt>
      <trkpt lat="45.76827" lon="3.10927">
        <ele>383.556502</ele>
      </trkpt>
      <trkpt lat="45.76876" lon="3.10946">
        <ele>381.194788</ele>
      </trkpt>
      <trkpt lat="45.76874" lon="3.10976">
        <ele>380.525291</ele>
      </trkpt>
      <trkpt lat="45.77075" lon="3.11425">
        <ele>363.772501</ele>
      </trkpt>
      <trkpt lat="45.77098" lon="3.11445">
        <ele>363.07439</ele>
      </trkpt>
      <trkpt lat="45.77242" lon="3.11817">
        <ele>358.625951</ele>
      </trkpt>
      <trkpt lat="45.77284" lon="3.1182">
        <ele>358.805802</ele>
      </trkpt>
      <trkpt lat="45.77274" lon="3.11834">
        <ele>358.821815</ele>
      </trkpt>
      <trkpt lat="45.77232" lon="3.12333">
        <ele>356.632091</ele>
      </trkpt>
      <trkpt lat="45.77202" lon="3.12454">
        <ele>355.429895</ele>
      </trkpt>
      <trkpt lat="45.77024" lon="3.12875">
        <ele>351.697781</ele>
      </trkpt>
      <trkpt lat="45.76998" lon="3.12921">
        <ele>351.172321</ele>
      </trkpt>
      <trkpt lat="45.76838" lon="3.13201">
        <ele>346.675653</ele>
      </trkpt>
      <trkpt lat="45.76637" lon="3.13555">
        <ele>344.444881</ele>
      </trkpt>
      <trkpt lat="45.76479" lon="3.13842">
        <ele>345.883209</ele>
      </trkpt>
      <trkpt lat="45.76433" lon="3.1393">
        <ele>346.18334</ele>
      </trkpt>
      <trkpt lat="45.76192" lon="3.14404">
        <ele>347.569902</ele>
      </trkpt>
      <trkpt lat="45.76154" lon="3.14485">
        <ele>347.645755</ele>
      </trkpt>
      <trkpt lat="45.76077" lon="3.14565">
        <ele>347.75063</ele>
      </trkpt>
      <trkpt lat="45.75874" lon="3.14924">
        <ele>347.219589</ele>
      </trkpt>
      <trkpt lat="45.7563" lon="3.15334">
        <ele>347.750923</ele>
      </trkpt>
      <trkpt lat="45.75623" lon="3.15394">
        <ele>348.021093</ele>
      </trkpt>
      <trkpt lat="45.75602" lon="3.15456">
        <ele>348.492726</ele>
      </trkpt>
      <trkpt lat="45.75577" lon="3.15558">
        <ele>350.28786</ele>
      </trkpt>
      <trkpt lat="45.75454" lon="3.16085">
        <ele>357.442393</ele>
      </trkpt>
      <trkpt lat="45.75353" lon="3.16605">
        <ele>372.106595</ele>
      </trkpt>
      <trkpt lat="45.75344" lon="3.16647">
        <ele>373.421976</ele>
      </trkpt>
      <trkpt lat="45.75207" lon="3.17083">
        <ele>387.805817</ele>
      </trkpt>
      <trkpt lat="45.75182" lon="3.17299">
        <ele>393.764108</ele>
      </trkpt>
      <trkpt lat="45.75156" lon="3.17814">
        <ele>413.470835</ele>
      </trkpt>
      <trkpt lat="45.75148" lon="3.17928">
        <ele>419.458132</ele>
      </trkpt>
      <trkpt lat="45.75001" lon="3.18338">
        <ele>446.938884</ele>
      </trkpt>
      <trkpt lat="45.75008" lon="3.18347">
        <ele>447.29597</ele>
      </trkpt>
      <trkpt lat="45.75094" lon="3.18414">
        <ele>451.257179</ele>
      </trkpt>
      <trkpt lat="45.7541" lon="3.18675">
        <ele>464.581799</ele>
      </trkpt>
      <trkpt lat="45.75608" lon="3.18817">
        <ele>468.423504</ele>
      </trkpt>
      <trkpt lat="45.75782" lon="3.18947">
        <ele>459.550571</ele>
      </trkpt>
      <trkpt lat="45.75844" lon="3.19013">
        <ele>453.780316</ele>
      </trkpt>
      <trkpt lat="45.7593" lon="3.19062">
        <ele>446.682567</ele>
      </trkpt>
      <trkpt lat="45.75788" lon="3.19263">
        <ele>444.667884</ele>
      </trkpt>
      <trkpt lat="45.75769" lon="3.19869">
        <ele>450.0</ele>
      </trkpt>
      <trkpt lat="45.75781" lon="3.201">
        <ele>440.1</ele>
      </trkpt>
      <trkpt lat="45.75764" lon="3.20125">
        <ele>440.2</ele>
      </trkpt>
      <trkpt lat="45.7576" lon="3.20129">
        <ele>439.084602</ele>
      </trkpt>
      <trkpt lat="45.7595" lon="3.20561">
        <ele>405.10479</ele>
      </trkpt>
      <trkpt lat="45.75996" lon="3.20676">
        <ele>398.917328</ele>
      </trkpt>
      <trkpt lat="45.76004" lon="3.20703">
        <ele>398.004291</ele>
      </trkpt>
      <trkpt lat="45.76296" lon="3.2061">
        <ele>389.831201</ele>
      </trkpt>
      <trkpt lat="45.76299" lon="3.20628">
        <ele>389.743977</ele>
      </trkpt>
      <trkpt lat="45.75954" lon="3.20932">
        <ele>377.067244</ele>
      </trkpt>
      <trkpt lat="45.75961" lon="3.20944">
        <ele>376.554315</ele>
      </trkpt>
      <trkpt lat="45.75975" lon="3.20958">
        <ele>375.893903</ele>
      </trkpt>
      <trkpt lat="45.76093" lon="3.21512">
        <ele>365.977012</ele>
      </trkpt>
      <trkpt lat="45.76105" lon="3.21545">
        <ele>365.517454</ele>
      </trkpt>
      <trkpt lat="45.76146" lon="3.21656">
        <ele>362.838357</ele>
      </trkpt>
      <trkpt lat="45.75981" lon="3.2177">
        <ele>339.884225</ele>
      </trkpt>
      <trkpt lat="45.75942" lon="3.21936">
        <ele>328.256209</ele>
      </trkpt>
      <trkpt lat="45.75854" lon="3.22281">
        <ele>318.768818</ele>
      </trkpt>
      <trkpt lat="45.75931" lon="3.22462">
        <ele>317.394485</ele>
      </trkpt>
      <trkpt lat="45.76027" lon="3.2258">
        <ele>316.873639</ele>
      </trkpt>
      <trkpt lat="45.76257" lon="3.22743">
        <ele>316.000464</ele>
      </trkpt>
      <trkpt lat="45.76408" lon="3.22815">
        <ele>315.196188</ele>
      </trkpt>
      <trkpt lat="45.76592" lon="3.22895">
        <ele>315.059388</ele>
      </trkpt>
      <trkpt lat="45.76726" lon="3.22848">
        <ele>315.449477</ele>
      </trkpt>
      <trkpt lat="45.77007" lon="3.22801">
        <ele>315.452802</ele>
      </trkpt>
      <trkpt lat="45.77153" lon="3.22861">
        <ele>317.14469</ele>
      </trkpt>
      <trkpt lat="45.77266" lon="3.22909">
        <ele>318.293558</ele>
      </trkpt>
      <trkpt lat="45.77412" lon="3.23208">
        <ele>319.210025</ele>
      </trkpt>
      <trkpt lat="45.77389" lon="3.23326">
        <ele>317.95257</ele>
      </trkpt>
      <trkpt lat="45.77415" lon="3.23416">
        <ele>316.621629</ele>
      </trkpt>
      <trkpt lat="45.77322" lon="3.23694">
        <ele>314.005647</ele>
      </trkpt>
      <trkpt lat="45.77258" lon="3.23876">
        <ele>315.400688</ele>
      </trkpt>
      <trkpt lat="45.77267" lon="3.23815">
        <ele>315.852106</ele>
      </trkpt>
      <trkpt lat="45.77094" lon="3.23489">
        <ele>312.162552</ele>
      </trkpt>
      <trkpt lat="45.76984" lon="3.2362">
        <ele>312.880872</ele>
      </trkpt>
      <trkpt lat="45.76929" lon="3.23661">
        <ele>313.046595</ele>
      </trkpt>
      <trkpt lat="45.76633" lon="3.23507">
        <ele>313.78906</ele>
      </trkpt>
      <trkpt lat="45.76607" lon="3.23487">
        <ele>314.011153</ele>
      </trkpt>
      <trkpt lat="45.76238" lon="3.23377">
        <ele>317.132588</ele>
      </trkpt>
      <trkpt lat="45.76135" lon="3.23329">
        <ele>318.697274</ele>
      </trkpt>
      <trkpt lat="45.76052" lon="3.23276">
        <ele>320.173575</ele>
      </trkpt>
      <trkpt lat="45.7585" lon="3.23107">
        <ele>322.385365</ele>
      </trkpt>
      <trkpt lat="45.75722" lon="3.22974">
        <ele>320.290639</ele>
      </trkpt>
      <trkpt lat="45.75635" lon="3.22629">
        <ele>316.121792</ele>
      </trkpt>
      <trkpt lat="45.75535" lon="3.2268">
        <ele>316.206626</ele>
      </trkpt>
      <trkpt lat="45.75325" lon="3.23022">
        <ele>316.536546</ele>
      </trkpt>
      <trkpt lat="45.75268" lon="3.23022">
        <ele>316.541955</ele>
      </trkpt>
      <trkpt lat="45.75095" lon="3.23011">
        <ele>316.43042</ele>
      </trkpt>
      <trkpt lat="45.74828" lon="3.2299">
        <ele>317.510428</ele>
      </trkpt>
      <trkpt lat="45.74738" lon="3.22982">
        <ele>317.777419</ele>
      </trkpt>
      <trkpt lat="45.74727" lon="3.22978">
        <ele>317.809907</ele>
      </trkpt>
      <trkpt lat="45.74469" lon="3.2268">
        <ele>318.684667</ele>
      </trkpt>
      <trkpt lat="45.74262" lon="3.22843">
        <ele>318.645111</ele>
      </trkpt>
      <trkpt lat="45.74124" lon="3.2287">
        <ele>318.826867</ele>
      </trkpt>
      <trkpt lat="45.74119" lon="3.22848">
        <ele>318.848352</ele>
      </trkpt>
      <trkpt lat="45.74081" lon="3.22698">
        <ele>318.522778</ele>
      </trkpt>
      <trkpt lat="45.73826" lon="3.22519">
        <ele>318.105848</ele>
      </trkpt>
      <trkpt lat="45.73749" lon="3.22406">
        <ele>318.199635</ele>
      </trkpt>
      <trkpt lat="45.73722" lon="3.22339">
        <ele>318.231031</ele>
      </trkpt>
      <trkpt lat="45.73643" lon="3.21924">
        <ele>318.46091</ele>
      </trkpt>
      <trkpt lat="45.73626" lon="3.21798">
        <ele>318.384721</ele>
      </trkpt>
      <trkpt lat="45.7359" lon="3.21767">
        <ele>318.357392</ele>
      </trkpt>
      <trkpt lat="45.73231" lon="3.21633">
        <ele>320.26505</ele>
      </trkpt>
      <trkpt lat="45.73196" lon="3.21607">
        <ele>320.445255</ele>
      </trkpt>
      <trkpt lat="45.72963" lon="3.2137">
        <ele>321.595754</ele>
      </trkpt>
      <trkpt lat="45.72798" lon="3.21204">
        <ele>320.793135</ele>
      </trkpt>
      <trkpt lat="45.72594" lon="3.20984">
        <ele>319.73479</ele>
      </trkpt>
      <trkpt lat="45.72505" lon="3.20967">
        <ele>319.500547</ele>
      </trkpt>
      <trkpt lat="45.72479" lon="3.20977">
        <ele>319.634411</ele>
      </trkpt>
      <trkpt lat="45.7217" lon="3.21244">
        <ele>321.703346</ele>
      </trkpt>
      <trkpt lat="45.72074" lon="3.213">
        <ele>321.463842</ele>
      </trkpt>
      <trkpt lat="45.71978" lon="3.21356">
        <ele>320.770436</ele>
      </trkpt>
      <trkpt lat="45.71684" lon="3.21291">
        <ele>319.450898</ele>
      </trkpt>
      <trkpt lat="45.71652" lon="3.21285">
        <ele>319.591532</ele>
      </trkpt>
      <trkpt lat="45.7156" lon="3.21278">
        <ele>319.985881</ele>
      </trkpt>
      <trkpt lat="45.7169" lon="3.21665">
        <ele>321.34667</ele>
      </trkpt>
      <trkpt lat="45.71715" lon="3.21786">
        <ele>321.853569</ele>
      </trkpt>
      <trkpt lat="45.71581" lon="3.22084">
        <ele>325.126783</ele>
      </trkpt>
      <trkpt lat="45.71483" lon="3.2206">
        <ele>326.496515</ele>
      </trkpt>
      <trkpt lat="45.71358" lon="3.22012">
        <ele>327.443208</ele>
      </trkpt>
      <trkpt lat="45.71107" lon="3.21964">
        <ele>328.888087</ele>
      </trkpt>
      <trkpt lat="45.71031" lon="3.21952">
        <ele>329.847904</ele>
      </trkpt>
      <trkpt lat="45.71002" lon="3.2195">
        <ele>329.823998</ele>
      </trkpt>
      <trkpt lat="45.70757" lon="3.21638">
        <ele>326.081145</ele>
      </trkpt>
      <trkpt lat="45.70726" lon="3.21548">
        <ele>325.219813</ele>
      </trkpt>
      <trkpt lat="45.70466" lon="3.21287">
        <ele>321.642431</ele>
      </trkpt>
      <trkpt lat="45.7042" lon="3.21219">
        <ele>321.318752</ele>
      </trkpt>
      <trkpt lat="45.70248" lon="3.21034">
        <ele>322.458708</ele>
      </trkpt>
      <trkpt lat="45.70091" lon="3.21119">
        <ele>324.671092</ele>
      </trkpt>
      <trkpt lat="45.70027" lon="3.21072">
        <ele>325.431594</ele>
      </trkpt>
      <trkpt lat="45.69707" lon="3.20785">
        <ele>327.578432</ele>
      </trkpt>
      <trkpt lat="45.69681" lon="3.20762">
        <ele>327.654862</ele>
      </trkpt>
      <trkpt lat="45.69319" lon="3.2052">
        <ele>328.595999</ele>
      </trkpt>
      <trkpt lat="45.69194" lon="3.20468">
        <ele>328.888679</ele>
      </trkpt>
      <trkpt lat="45.68982" lon="3.20325">
        <ele>329.47107</ele>
      </trkpt>
      <trkpt lat="45.68922" lon="3.20392">
        <ele>329.752027</ele>
      </trkpt>
      <trkpt lat="45.68917" lon="3.20506">
        <ele>329.926216</ele>
      </trkpt>
      <trkpt lat="45.68922" lon="3.2052">
        <ele>329.892126</ele>
      </trkpt>
      <trkpt lat="45.68986" lon="3.2012">
        <ele>329.201683</ele>
      </trkpt>
      <trkpt lat="45.68996" lon="3.20055">
        <ele>329.881968</ele>
      </trkpt>
      <trkpt lat="45.68992" lon="3.20021">
        <ele>330.340751</ele>
      </trkpt>
      <trkpt lat="45.68653" lon="3.19811">
        <ele>340.126467</ele>
      </trkpt>
      <trkpt lat="45.68637" lon="3.19787">
        <ele>340.585667</ele>
      </trkpt>
      <trkpt lat="45.68519" lon="3.19662">
        <ele>342.397106</ele>
      </trkpt>
      <trkpt lat="45.6847" lon="3.1968">
        <ele>342.8399</ele>
      </trkpt>
      <trkpt lat="45.67958" lon="3.20291">
        <ele>346.948857</ele>
      </trkpt>
      <trkpt lat="45.67946" lon="3.2027">
        <ele>347.05604</ele>
      </trkpt>
      <trkpt lat="45.67599" lon="3.20635">
        <ele>350.685894</ele>
      </trkpt>
      <trkpt lat="45.67454" lon="3.20722">
        <ele>353.269051</ele>
      </trkpt>
      <trkpt lat="45.67278" lon="3.20772">
        <ele>355.30245</ele>
      </trkpt>
      <trkpt lat="45.67224" lon="3.20798">
        <ele>354.535918</ele>
      </trkpt>
      <trkpt lat="45.67122" lon="3.20801">
        <ele>353.187001</ele>
      </trkpt>
      <trkpt lat="45.67029" lon="3.20791">
        <ele>349.607053</ele>
      </trkpt>
      <trkpt lat="45.66978" lon="3.20381">
        <ele>342.429162</ele>
      </trkpt>
      <trkpt lat="45.66948" lon="3.20297">
        <ele>343.090802</ele>
      </trkpt>
      <trkpt lat="45.6684" lon="3.20166">
        <ele>344.466445</ele>
      </trkpt>
      <trkpt lat="45.66679" lon="3.20062">
        <ele>346.250669</ele>
      </trkpt>
      <trkpt lat="45.66387" lon="3.19971">
        <ele>348.472495</ele>
      </trkpt>
      <trkpt lat="45.66197" lon="3.20029">
        <ele>347.470057</ele>
      </trkpt>
      <trkpt lat="45.66072" lon="3.20178">
        <ele>347.943595</ele>
      </trkpt>
      <trkpt lat="45.66008" lon="3.20231">
        <ele>347.548699</ele>
      </trkpt>
      <trkpt lat="45.65892" lon="3.20044">
        <ele>346.515672</ele>
      </trkpt>
      <trkpt lat="45.65894" lon="3.19917">
        <ele>346.086607</ele>
      </trkpt>
      <trkpt lat="45.65782" lon="3.19672">
        <ele>347.486747</ele>
      </trkpt>
      <trkpt lat="45.6558" lon="3.19488">
        <ele>346.522864</ele>
      </trkpt>
      <trkpt lat="45.65398" lon="3.19455">
        <ele>343.659384</ele>
      </trkpt>
      <trkpt lat="45.65197" lon="3.19482">
        <ele>341.631086</ele>
      </trkpt>
      <trkpt lat="45.65142" lon="3.19503">
        <ele>341.475294</ele>
      </trkpt>
      <trkpt lat="45.64859" lon="3.1986">
        <ele>342.935741</ele>
      </trkpt>
      <trkpt lat="45.64808" lon="3.19915">
        <ele>343.629005</ele>
      </trkpt>
      <trkpt lat="45.64537" lon="3.20225">
        <ele>349.26405</ele>
      </trkpt>
      <trkpt lat="45.64465" lon="3.203">
        <ele>351.226958</ele>
      </trkpt>
      <trkpt lat="45.64393" lon="3.20384">
        <ele>354.303896</ele>
      </trkpt>
      <trkpt lat="45.64132" lon="3.20299">
        <ele>367.877423</ele>
      </trkpt>
      <trkpt lat="45.64085" lon="3.20312">
        <ele>369.823805</ele>
      </trkpt>
      <trkpt lat="45.63739" lon="3.20407">
        <ele>386.231018</ele>
      </trkpt>
      <trkpt lat="45.63689" lon="3.20445">
        <ele>388.701963</ele>
      </trkpt>
      <trkpt lat="45.63267" lon="3.20549">
        <ele>410.156725</ele>
      </trkpt>
      <trkpt lat="45.63197" lon="3.2057">
        <ele>414.59321</ele>
      </trkpt>
      <trkpt lat="45.62889" lon="3.20673">
        <ele>429.204971</ele>
      </trkpt>
      <trkpt lat="45.62878" lon="3.20672">
        <ele>429.581411</ele>
      </trkpt>
      <trkpt lat="45.6276" lon="3.20632">
        <ele>433.926571</ele>
      </trkpt>
      <trkpt lat="45.62422" lon="3.20448">
        <ele>454.327795</ele>
      </trkpt>
      <trkpt lat="45.62439" lon="3.20417">
        <ele>455.353226</ele>
      </trkpt>
      <trkpt lat="45.62347" lon="3.20215">
        <ele>463.057871</ele>
      </trkpt>
      <trkpt lat="45.62213" lon="3.2043">
        <ele>469.724162</ele>
      </trkpt>
      <trkpt lat="45.62192" lon="3.20531">
        <ele>471.530417</ele>
      </trkpt>
      <trkpt lat="45.62128" lon="3.20637">
        <ele>467.174565</ele>
      </trkpt>
      <trkpt lat="45.62322" lon="3.20663">
        <ele>451.703352</ele>
      </trkpt>
      <trkpt lat="45.62376" lon="3.20734">
        <ele>443.942824</ele>
      </trkpt>
      <trkpt lat="45.62559" lon="3.21152">
        <ele>402.988723</ele>
      </trkpt>
      <trkpt lat="45.62578" lon="3.21169">
        <ele>400.819919</ele>
      </trkpt>
      <trkpt lat="45.62612" lon="3.21305">
        <ele>390.031147</ele>
      </trkpt>
      <trkpt lat="45.62417" lon="3.21417">
        <ele>366.118088</ele>
      </trkpt>
      <trkpt lat="45.62345" lon="3.21442">
        <ele>362.576117</ele>
      </trkpt>
      <trkpt lat="45.6212" lon="3.21408">
        <ele>354.782807</ele>
      </trkpt>
      <trkpt lat="45.62002" lon="3.21296">
        <ele>351.840512</ele>
      </trkpt>
      <trkpt lat="45.61968" lon="3.21229">
        <ele>351.152792</ele>
      </trkpt>
      <trkpt lat="45.61908" lon="3.2106">
        <ele>350.339669</ele>
      </trkpt>
      <trkpt lat="45.61785" lon="3.21012">
        <ele>350.271038</ele>
      </trkpt>
      <trkpt lat="45.61433" lon="3.21055">
        <ele>349.7</ele>
      </trkpt>
      <trkpt lat="45.61307" lon="3.21139">
        <ele>356.9</ele>
      </trkpt>
      <trkpt lat="45.6128" lon="3.21094">
        <ele>359.1</ele>
      </trkpt>
      <trkpt lat="45.61252" lon="3.21008">
        <ele>359.428948</ele>
      </trkpt>
      <trkpt lat="45.61139" lon="3.20938">
        <ele>364.226532</ele>
      </trkpt>
      <trkpt lat="45.60826" lon="3.20658">
        <ele>361.8</ele>
      </trkpt>
      <trkpt lat="45.60528" lon="3.20556">
        <ele>388.477378</ele>
      </trkpt>
      <trkpt lat="45.60479" lon="3.2048">
        <ele>391.296087</ele>
      </trkpt>
      <trkpt lat="45.60218" lon="3.20234">
        <ele>408.34883</ele>
      </trkpt>
      <trkpt lat="45.60167" lon="3.2011">
        <ele>409.659032</ele>
      </trkpt>
      <trkpt lat="45.59875" lon="3.19806">
        <ele>422.889793</ele>
      </trkpt>
      <trkpt lat="45.59829" lon="3.1971">
        <ele>429.733962</ele>
      </trkpt>
      <trkpt lat="45.59614" lon="3.19368">
        <ele>448.261916</ele>
      </trkpt>
      <trkpt lat="45.59486" lon="3.19159">
        <ele>450.994517</ele>
      </trkpt>
      <trkpt lat="45.59288" lon="3.18789">
        <ele>451.981786</ele>
      </trkpt>
      <trkpt lat="45.59152" lon="3.18531">
        <ele>454.835104</ele>
      </trkpt>
      <trkpt lat="45.59008" lon="3.18392">
        <ele>457.954892</ele>
      </trkpt>
      <trkpt lat="45.58968" lon="3.18401">
        <ele>458.729512</ele>
      </trkpt>
      <trkpt lat="45.58911" lon="3.18416">
        <ele>460.02569</ele>
      </trkpt>
      <trkpt lat="45.58601" lon="3.18502">
        <ele>463.525829</ele>
      </trkpt>
      <trkpt lat="45.58488" lon="3.18394">
        <ele>462.506213</ele>
      </trkpt>
      <trkpt lat="45.58392" lon="3.18107">
        <ele>467.936686</ele>
      </trkpt>
      <trkpt lat="45.58246" lon="3.18176">
        <ele>473.697947</ele>
      </trkpt>
      <trkpt lat="45.58169" lon="3.18232">
        <ele>477.820688</ele>
      </trkpt>
      <trkpt lat="45.57881" lon="3.18497">
        <ele>504.339252</ele>
      </trkpt>
      <trkpt lat="45.57829" lon="3.1854">
        <ele>510.486119</ele>
      </trkpt>
      <trkpt lat="45.57432" lon="3.18763">
        <ele>566.644443</ele>
      </trkpt>
      <trkpt lat="45.57386" lon="3.18808">
        <ele>573.243164</ele>
      </trkpt>
      <trkpt lat="45.57192" lon="3.18969">
        <ele>593.243285</ele>
      </trkpt>
      <trkpt lat="45.57224" lon="3.18821">
        <ele>598.943878</ele>
      </trkpt>
      <trkpt lat="45.57273" lon="3.187">
        <ele>601.92233</ele>
      </trkpt>
      <trkpt lat="45.57271" lon="3.18477">
        <ele>603.959924</ele>
      </trkpt>
      <trkpt lat="45.57195" lon="3.183">
        <ele>603.445092</ele>
      </trkpt>
      <trkpt lat="45.57122" lon="3.18185">
        <ele>601.779061</ele>
      </trkpt>
      <trkpt lat="45.56868" lon="3.17946">
        <ele>597.813893</ele>
      </trkpt>
      <trkpt lat="45.56732" lon="3.17806">
        <ele>598.630001</ele>
      </trkpt>
      <trkpt lat="45.56514" lon="3.17343">
        <ele>589.193919</ele>
      </trkpt>
      <trkpt lat="45.56499" lon="3.17334">
        <ele>588.33451</ele>
      </trkpt>
      <trkpt lat="45.56312" lon="3.17269">
        <ele>580.608579</ele>
      </trkpt>
      <trkpt lat="45.56249" lon="3.17343">
        <ele>579.136312</ele>
      </trkpt>
      <trkpt lat="45.56206" lon="3.17558">
        <ele>590.117526</ele>
      </trkpt>
      <trkpt lat="45.56137" lon="3.17869">
        <ele>601.129568</ele>
      </trkpt>
      <trkpt lat="45.56002" lon="3.182">
        <ele>600.960702</ele>
      </trkpt>
      <trkpt lat="45.55767" lon="3.18629">
        <ele>599.096965</ele>
      </trkpt>
      <trkpt lat="45.55745" lon="3.18672">
        <ele>598.842174</ele>
      </trkpt>
      <trkpt lat="45.55689" lon="3.1889">
        <ele>596.434559</ele>
      </trkpt>
      <trkpt lat="45.55688" lon="3.19213">
        <ele>592.655064</ele>
      </trkpt>
      <trkpt lat="45.55687" lon="3.19268">
        <ele>592.003203</ele>
      </trkpt>
      <trkpt lat="45.55788" lon="3.19869">
        <ele>578.758221</ele>
      </trkpt>
      <trkpt lat="45.55788" lon="3.19901">
        <ele>577.722765</ele>
      </trkpt>
      <trkpt lat="45.55835" lon="3.20414">
        <ele>554.468019</ele>
      </trkpt>
      <trkpt lat="45.55849" lon="3.20568">
        <ele>548.143991</ele>
      </trkpt>
      <trkpt lat="45.55844" lon="3.21016">
        <ele>529.922931</ele>
      </trkpt>
      <trkpt lat="45.55845" lon="3.21155">
        <ele>523.811249</ele>
      </trkpt>
      <trkpt lat="45.55804" lon="3.21569">
        <ele>496.268071</ele>
      </trkpt>
      <trkpt lat="45.5577" lon="3.21773">
        <ele>481.817253</ele>
      </trkpt>
      <trkpt lat="45.55672" lon="3.22184">
        <ele>458.596047</ele>
      </trkpt>
      <trkpt lat="45.55626" lon="3.22348">
        <ele>452.907325</ele>
      </trkpt>
      <trkpt lat="45.5534" lon="3.22789">
        <ele>443.076431</ele>
      </trkpt>
      <trkpt lat="45.55302" lon="3.22831">
        <ele>441.897459</ele>
      </trkpt>
      <trkpt lat="45.55288" lon="3.22869">
        <ele>441.174761</ele>
      </trkpt>
      <trkpt lat="45.55229" lon="3.23301">
        <ele>431.857988</ele>
      </trkpt>
      <trkpt lat="45.55178" lon="3.2345">
        <ele>428.33109</ele>
      </trkpt>
      <trkpt lat="45.55051" lon="3.23759">
        <ele>422.469195</ele>
      </trkpt>
      <trkpt lat="45.55086" lon="3.24045">
        <ele>416.645146</ele>
      </trkpt>
      <trkpt lat="45.54949" lon="3.24525">
        <ele>396.694415</ele>
      </trkpt>
      <trkpt lat="45.54897" lon="3.24624">
        <ele>393.040631</ele>
      </trkpt>
      <trkpt lat="45.54824" lon="3.24958">
        <ele>389.572289</ele>
      </trkpt>
      <trkpt lat="45.54487" lon="3.24967">
        <ele>392.378344</ele>
      </trkpt>
      <trkpt lat="45.544" lon="3.24905">
        <ele>389.0</ele>
      </trkpt>
      <trkpt lat="45.54368" lon="3.24799">
        <ele>389.0</ele>
      </trkpt>
      <trkpt lat="45.54353" lon="3.24946">
        <ele>389.9</ele>
      </trkpt>
      <trkpt lat="45.5427" lon="3.25224">
        <ele>381.0</ele>
      </trkpt>
      <trkpt lat="45.54245" lon="3.25204">
        <ele>381.1</ele>
      </trkpt>
      <trkpt lat="45.54201" lon="3.25224">
        <ele>383.5</ele>
      </trkpt>
      <trkpt lat="45.54059" lon="3.24864">
        <ele>390.7</ele>
      </trkpt>
      <trkpt lat="45.5404" lon="3.24771">
        <ele>389.7</ele>
      </trkpt>
      <trkpt lat="45.53828" lon="3.24245">
        <ele>396.2</ele>
      </trkpt>
      <trkpt lat="45.53765" lon="3.24039">
        <ele>399.0</ele>
      </trkpt>
      <trkpt lat="45.53658" lon="3.23696">
        <ele>407.3</ele>
      </trkpt>
      <trkpt lat="45.53609" lon="3.23537">
        <ele>420.9</ele>
      </trkpt>
      <trkpt lat="45.53596" lon="3.235">
        <ele>423.7</ele>
      </trkpt>
      <trkpt lat="45.53377" lon="3.23444">
        <ele>448.9</ele>
      </trkpt>
      <trkpt lat="45.53335" lon="3.23392">
        <ele>451.9</ele>
      </trkpt>
      <trkpt lat="45.53162" lon="3.23139">
        <ele>460.8</ele>
      </trkpt>
      <trkpt lat="45.52979" lon="3.22885">
        <ele>457.6</ele>
      </trkpt>
      <trkpt lat="45.52676" lon="3.22592">
        <ele>472.7</ele>
      </trkpt>
      <trkpt lat="45.52642" lon="3.22548">
        <ele>474.7</ele>
      </trkpt>
      <trkpt lat="45.52502" lon="3.22599">
        <ele>463.5</ele>
      </trkpt>
      <trkpt lat="45.52405" lon="3.22479">
        <ele>472.3</ele>
      </trkpt>
      <trkpt lat="45.52072" lon="3.22117">
        <ele>503.9</ele>
      </trkpt>
      <trkpt lat="45.52055" lon="3.22104">
        <ele>505.3</ele>
      </trkpt>
      <trkpt lat="45.5204" lon="3.22096">
        <ele>506.7</ele>
      </trkpt>
      <trkpt lat="45.51675" lon="3.22027">
        <ele>530.1</ele>
      </trkpt>
      <trkpt lat="45.51629" lon="3.21977">
        <ele>534.4</ele>
      </trkpt>
      <trkpt lat="45.51241" lon="3.21866">
        <ele>557.1</ele>
      </trkpt>
      <trkpt lat="45.51135" lon="3.21862">
        <ele>558.0</ele>
      </trkpt>
      <trkpt lat="45.50845" lon="3.21786">
        <ele>550.0</ele>
      </trkpt>
      <trkpt lat="45.50798" lon="3.21785">
        <ele>546.5</ele>
      </trkpt>
      <trkpt lat="45.50416" lon="3.21846">
        <ele>519.7</ele>
      </trkpt>
      <trkpt lat="45.50324" lon="3.21843">
        <ele>508.5</ele>
      </trkpt>
      <trkpt lat="45.50043" lon="3.22057">
        <ele>482.5</ele>
      </trkpt>
      <trkpt lat="45.49994" lon="3.22052">
        <ele>479.8</ele>
      </trkpt>
      <trkpt lat="45.49862" lon="3.21993">
        <ele>473.0</ele>
      </trkpt>
      <trkpt lat="45.49566" lon="3.21944">
        <ele>464.4</ele>
      </trkpt>
      <trkpt lat="45.4944" lon="3.21944">
        <ele>463.0</ele>
      </trkpt>
      <trkpt lat="45.49136" lon="3.21892">
        <ele>460.9</ele>
      </trkpt>
      <trkpt lat="45.49094" lon="3.21894">
        <ele>459.9</ele>
      </trkpt>
      <trkpt lat="45.48705" lon="3.22013">
        <ele>448.4</ele>
      </trkpt>
      <trkpt lat="45.48622" lon="3.22014">
        <ele>444.1</ele>
      </trkpt>
      <trkpt lat="45.48266" lon="3.22099">
        <ele>432.0</ele>
      </trkpt>
      <trkpt lat="45.48228" lon="3.22089">
        <ele>430.6</ele>
      </trkpt>
      <trkpt lat="45.4785" lon="3.22047">
        <ele>423.1</ele>
      </trkpt>
      <trkpt lat="45.47772" lon="3.22032">
        <ele>421.4</ele>
      </trkpt>
      <trkpt lat="45.47555" lon="3.22042">
        <ele>418.5</ele>
      </trkpt>
      <trkpt lat="45.47393" lon="3.22095">
        <ele>414.5</ele>
      </trkpt>
      <trkpt lat="45.4729" lon="3.22181">
        <ele>412.5</ele>
      </trkpt>
      <trkpt lat="45.47083" lon="3.22353">
        <ele>407.7</ele>
      </trkpt>
      <trkpt lat="45.46935" lon="3.2244">
        <ele>408.4</ele>
      </trkpt>
      <trkpt lat="45.46808" lon="3.22726">
        <ele>405.9</ele>
      </trkpt>
      <trkpt lat="45.46596" lon="3.23437">
        <ele>414.1</ele>
      </trkpt>
      <trkpt lat="45.46582" lon="3.23482">
        <ele>411.1</ele>
      </trkpt>
      <trkpt lat="45.46541" lon="3.23555">
        <ele>410.0</ele>
      </trkpt>
      <trkpt lat="45.46384" lon="3.23718">
        <ele>406.8</ele>
      </trkpt>
      <trkpt lat="45.46424" lon="3.23799">
        <ele>405.6</ele>
      </trkpt>
      <trkpt lat="45.4646" lon="3.24131">
        <ele>404.2</ele>
      </trkpt>
      <trkpt lat="45.46566" lon="3.24553">
        <ele>410.1</ele>
      </trkpt>
      <trkpt lat="45.46593" lon="3.24647">
        <ele>408.6</ele>
      </trkpt>
      <trkpt lat="45.46683" lon="3.25023">
        <ele>404.0</ele>
      </trkpt>
      <trkpt lat="45.46743" lon="3.25224">
        <ele>403.9</ele>
      </trkpt>
      <trkpt lat="45.46751" lon="3.25277">
        <ele>402.2</ele>
      </trkpt>
      <trkpt lat="45.46677" lon="3.25703">
        <ele>395.4</ele>
      </trkpt>
      <trkpt lat="45.46675" lon="3.25727">
        <ele>395.2</ele>
      </trkpt>
      <trkpt lat="45.46625" lon="3.26242">
        <ele>390.688996</ele>
      </trkpt>
      <trkpt lat="45.46551" lon="3.26282">
        <ele>391.88388</ele>
      </trkpt>
      <trkpt lat="45.46322" lon="3.265">
        <ele>394.747174</ele>
      </trkpt>
      <trkpt lat="45.46284" lon="3.26624">
        <ele>393.218565</ele>
      </trkpt>
      <trkpt lat="45.46275" lon="3.26687">
        <ele>392.491884</ele>
      </trkpt>
      <trkpt lat="45.46268" lon="3.26797">
        <ele>391.601141</ele>
      </trkpt>
      <trkpt lat="45.4624" lon="3.27492">
        <ele>388.520651</ele>
      </trkpt>
      <trkpt lat="45.46208" lon="3.27547">
        <ele>389.096894</ele>
      </trkpt>
      <trkpt lat="45.46005" lon="3.27471">
        <ele>391.714241</ele>
      </trkpt>
      <trkpt lat="45.45954" lon="3.27488">
        <ele>392.415081</ele>
      </trkpt>
      <trkpt lat="45.45764" lon="3.27512">
        <ele>394.604131</ele>
      </trkpt>
      <trkpt lat="45.45654" lon="3.2775">
        <ele>399.124905</ele>
      </trkpt>
      <trkpt lat="45.45599" lon="3.27919">
        <ele>406.556671</ele>
      </trkpt>
      <trkpt lat="45.45593" lon="3.27931">
        <ele>407.176259</ele>
      </trkpt>
      <trkpt lat="45.45356" lon="3.2793">
        <ele>435.982992</ele>
      </trkpt>
      <trkpt lat="45.45245" lon="3.27903">
        <ele>449.51685</ele>
      </trkpt>
      <trkpt lat="45.45034" lon="3.27926">
        <ele>468.193942</ele>
      </trkpt>
      <trkpt lat="45.44675" lon="3.27985">
        <ele>474.753237</ele>
      </trkpt>
      <trkpt lat="45.44495" lon="3.28235">
        <ele>457.958986</ele>
      </trkpt>
      <trkpt lat="45.44441" lon="3.28291">
        <ele>453.956859</ele>
      </trkpt>
      <trkpt lat="45.44249" lon="3.28411">
        <ele>457.734078</ele>
      </trkpt>
      <trkpt lat="45.44146" lon="3.28587">
        <ele>461.155634</ele>
      </trkpt>
      <trkpt lat="45.43778" lon="3.28395">
        <ele>470.369112</ele>
      </trkpt>
      <trkpt lat="45.43642" lon="3.28391">
        <ele>471.518126</ele>
      </trkpt>
      <trkpt lat="45.43371" lon="3.28378">
        <ele>472.342301</ele>
      </trkpt>
      <trkpt lat="45.42873" lon="3.28378">
        <ele>464.946031</ele>
      </trkpt>
      <trkpt lat="45.4284" lon="3.28382">
        <ele>464.717695</ele>
      </trkpt>
      <trkpt lat="45.42782" lon="3.28367">
        <ele>464.538228</ele>
      </trkpt>
      <trkpt lat="45.42287" lon="3.28221">
        <ele>464.38508</ele>
      </trkpt>
      <trkpt lat="45.42303" lon="3.28027">
        <ele>466.122428</ele>
      </trkpt>
      <trkpt lat="45.42303" lon="3.28026">
        <ele>466.112697</ele>
      </trkpt>
      <trkpt lat="45.42039" lon="3.28153">
        <ele>460.768601</ele>
      </trkpt>
      <trkpt lat="45.4174" lon="3.28337">
        <ele>454.318354</ele>
      </trkpt>
      <trkpt lat="45.41734" lon="3.2834">
        <ele>454.189199</ele>
      </trkpt>
      <trkpt lat="45.41667" lon="3.28373">
        <ele>452.781622</ele>
      </trkpt>
      <trkpt lat="45.41351" lon="3.28311">
        <ele>427.338106</ele>
      </trkpt>
      <trkpt lat="45.41336" lon="3.28289">
        <ele>425.734306</ele>
      </trkpt>
      <trkpt lat="45.41092" lon="3.28156">
        <ele>419.210557</ele>
      </trkpt>
      <trkpt lat="45.41037" lon="3.28209">
        <ele>418.090311</ele>
      </trkpt>
      <trkpt lat="45.4095" lon="3.28331">
        <ele>416.339246</ele>
      </trkpt>
      <trkpt lat="45.40702" lon="3.28335">
        <ele>414.031602</ele>
      </trkpt>
      <trkpt lat="45.40623" lon="3.28321">
        <ele>414.319777</ele>
      </trkpt>
      <trkpt lat="45.40553" lon="3.28185">
        <ele>414.892549</ele>
      </trkpt>
      <trkpt lat="45.40213" lon="3.27966">
        <ele>417.259142</ele>
      </trkpt>
      <trkpt lat="45.40201" lon="3.27946">
        <ele>417.437291</ele>
      </trkpt>
      <trkpt lat="45.39976" lon="3.27751">
        <ele>420.226464</ele>
      </trkpt>
      <trkpt lat="45.39685" lon="3.27774">
        <ele>419.06705</ele>
      </trkpt>
      <trkpt lat="45.39485" lon="3.27424">
        <ele>421.109663</ele>
      </trkpt>
      <trkpt lat="45.39435" lon="3.27356">
        <ele>421.871982</ele>
      </trkpt>
      <trkpt lat="45.39303" lon="3.27027">
        <ele>424.914631</ele>
      </trkpt>
      <trkpt lat="45.39285" lon="3.2699">
        <ele>425.306572</ele>
      </trkpt>
      <trkpt lat="45.39056" lon="3.26724">
        <ele>428.421397</ele>
      </trkpt>
      <trkpt lat="45.39009" lon="3.26702">
        <ele>428.657734</ele>
      </trkpt>
      <trkpt lat="45.38923" lon="3.2688">
        <ele>428.52333</ele>
      </trkpt>
      <trkpt lat="45.38567" lon="3.26917">
        <ele>433.348374</ele>
      </trkpt>
      <trkpt lat="45.38556" lon="3.26924">
        <ele>433.580034</ele>
      </trkpt>
      <trkpt lat="45.38327" lon="3.26811">
        <ele>437.851672</ele>
      </trkpt>
      <trkpt lat="45.38289" lon="3.26569">
        <ele>442.256075</ele>
      </trkpt>
      <trkpt lat="45.38264" lon="3.26521">
        <ele>443.846771</ele>
      </trkpt>
      <trkpt lat="45.38094" lon="3.26253">
        <ele>452.301536</ele>
      </trkpt>
      <trkpt lat="45.38007" lon="3.25885">
        <ele>450.243175</ele>
      </trkpt>
      <trkpt lat="45.3793" lon="3.25435">
        <ele>452.130932</ele>
      </trkpt>
      <trkpt lat="45.37913" lon="3.25408">
        <ele>452.452391</ele>
      </trkpt>
      <trkpt lat="45.37732" lon="3.25251">
        <ele>456.593298</ele>
      </trkpt>
      <trkpt lat="45.37619" lon="3.24836">
        <ele>448.636777</ele>
      </trkpt>
      <trkpt lat="45.37538" lon="3.24769">
        <ele>445.094681</ele>
      </trkpt>
      <trkpt lat="45.37268" lon="3.24903">
        <ele>451.992324</ele>
      </trkpt>
      <trkpt lat="45.37182" lon="3.24887">
        <ele>455.216599</ele>
      </trkpt>
      <trkpt lat="45.37148" lon="3.24488">
        <ele>460.747771</ele>
      </trkpt>
      <trkpt lat="45.3717" lon="3.24424">
        <ele>461.096222</ele>
      </trkpt>
      <trkpt lat="45.37157" lon="3.24019">
        <ele>463.190689</ele>
      </trkpt>
      <trkpt lat="45.3718" lon="3.23933">
        <ele>463.66481</ele>
      </trkpt>
      <trkpt lat="45.37256" lon="3.23839">
        <ele>460.17147</ele>
      </trkpt>
      <trkpt lat="45.37409" lon="3.23653">
        <ele>454.609574</ele>
      </trkpt>
      <trkpt lat="45.37398" lon="3.23605">
        <ele>453.790472</ele>
      </trkpt>
      <trkpt lat="45.37164" lon="3.23474">
        <ele>460.388899</ele>
      </trkpt>
      <trkpt lat="45.37052" lon="3.23363">
        <ele>465.334328</ele>
      </trkpt>
      <trkpt lat="45.37048" lon="3.23306">
        <ele>465.330663</ele>
      </trkpt>
      <trkpt lat="45.37321" lon="3.23216">
        <ele>459.487905</ele>
      </trkpt>
      <trkpt lat="45.3748" lon="3.23101">
        <ele>460.510342</ele>
      </trkpt>
      <trkpt lat="45.37391" lon="3.22952">
        <ele>463.53039</ele>
      </trkpt>
      <trkpt lat="45.37376" lon="3.22899">
        <ele>463.568943</ele>
      </trkpt>
      <trkpt lat="45.37291" lon="3.22643">
        <ele>460.732349</ele>
      </trkpt>
      <trkpt lat="45.37264" lon="3.22608">
        <ele>460.736098</ele>
      </trkpt>
      <trkpt lat="45.37075" lon="3.22551">
        <ele>462.055149</ele>
      </trkpt>
      <trkpt lat="45.36748" lon="3.22235">
        <ele>465.514607</ele>
      </trkpt>
      <trkpt lat="45.36591" lon="3.22121">
        <ele>467.946566</ele>
      </trkpt>
      <trkpt lat="45.36362" lon="3.21822">
        <ele>469.149443</ele>
      </trkpt>
      <trkpt lat="45.3628" lon="3.21679">
        <ele>468.188347</ele>
      </trkpt>
      <trkpt lat="45.36119" lon="3.21498">
        <ele>464.778334</ele>
      </trkpt>
      <trkpt lat="45.36074" lon="3.21532">
        <ele>464.107861</ele>
      </trkpt>
      <trkpt lat="45.36016" lon="3.21807">
        <ele>462.891674</ele>
      </trkpt>
      <trkpt lat="45.3581" lon="3.2209">
        <ele>464.633059</ele>
      </trkpt>
      <trkpt lat="45.35714" lon="3.22157">
        <ele>465.849283</ele>
      </trkpt>
      <trkpt lat="45.35564" lon="3.21849">
        <ele>471.216828</ele>
      </trkpt>
      <trkpt lat="45.35454" lon="3.21867">
        <ele>474.077381</ele>
      </trkpt>
      <trkpt lat="45.35313" lon="3.21858">
        <ele>476.628892</ele>
      </trkpt>
      <trkpt lat="45.35071" lon="3.22008">
        <ele>475.684148</ele>
      </trkpt>
      <trkpt lat="45.35025" lon="3.2175">
        <ele>475.983166</ele>
      </trkpt>
      <trkpt lat="45.35022" lon="3.21535">
        <ele>473.767318</ele>
      </trkpt>
      <trkpt lat="45.35095" lon="3.21278">
        <ele>474.28644</ele>
      </trkpt>
      <trkpt lat="45.3519" lon="3.21003">
        <ele>473.279142</ele>
      </trkpt>
      <trkpt lat="45.35173" lon="3.20972">
        <ele>473.058058</ele>
      </trkpt>
      <trkpt lat="45.34931" lon="3.20941">
        <ele>471.866496</ele>
      </trkpt>
      <trkpt lat="45.34793" lon="3.20942">
        <ele>472.254298</ele>
      </trkpt>
      <trkpt lat="45.34763" lon="3.2089">
        <ele>472.415119</ele>
      </trkpt>
      <trkpt lat="45.34712" lon="3.20658">
        <ele>474.345404</ele>
      </trkpt>
      <trkpt lat="45.34656" lon="3.20519">
        <ele>474.190816</ele>
      </trkpt>
      <trkpt lat="45.34436" lon="3.20503">
        <ele>473.669435</ele>
      </trkpt>
      <trkpt lat="45.34234" lon="3.20452">
        <ele>476.972914</ele>
      </trkpt>
      <trkpt lat="45.34186" lon="3.20232">
        <ele>487.966612</ele>
      </trkpt>
      <trkpt lat="45.34167" lon="3.20209">
        <ele>489.613551</ele>
      </trkpt>
      <trkpt lat="45.34148" lon="3.20158">
        <ele>492.355123</ele>
      </trkpt>
      <trkpt lat="45.34027" lon="3.20142">
        <ele>499.984172</ele>
      </trkpt>
      <trkpt lat="45.33745" lon="3.2001">
        <ele>488.155939</ele>
      </trkpt>
      <trkpt lat="45.33644" lon="3.20011">
        <ele>490.916826</ele>
      </trkpt>
      <trkpt lat="45.33597" lon="3.20248">
        <ele>498.78704</ele>
      </trkpt>
      <trkpt lat="45.33581" lon="3.20255">
        <ele>499.404064</ele>
      </trkpt>
      <trkpt lat="45.33407" lon="3.20349">
        <ele>505.378195</ele>
      </trkpt>
      <trkpt lat="45.33199" lon="3.20471">
        <ele>499.883515</ele>
      </trkpt>
      <trkpt lat="45.33179" lon="3.20562">
        <ele>494.380773</ele>
      </trkpt>
      <trkpt lat="45.33053" lon="3.2039">
        <ele>487.599611</ele>
      </trkpt>
      <trkpt lat="45.32943" lon="3.20205">
        <ele>487.91747</ele>
      </trkpt>
      <trkpt lat="45.328" lon="3.19997">
        <ele>490.744648</ele>
      </trkpt>
      <trkpt lat="45.32683" lon="3.19935">
        <ele>491.424242</ele>
      </trkpt>
      <trkpt lat="45.32564" lon="3.19927">
        <ele>490.01801</ele>
      </trkpt>
      <trkpt lat="45.32324" lon="3.19824">
        <ele>486.724584</ele>
      </trkpt>
      <trkpt lat="45.32301" lon="3.19822">
        <ele>486.986286</ele>
      </trkpt>
      <trkpt lat="45.32219" lon="3.19621">
        <ele>488.96455</ele>
      </trkpt>
      <trkpt lat="45.32126" lon="3.19387">
        <ele>492.071272</ele>
      </trkpt>
      <trkpt lat="45.31844" lon="3.19047">
        <ele>490.408232</ele>
      </trkpt>
      <trkpt lat="45.316" lon="3.18849">
        <ele>491.924373</ele>
      </trkpt>
      <trkpt lat="45.31584" lon="3.18821">
        <ele>492.143035</ele>
      </trkpt>
      <trkpt lat="45.31346" lon="3.18539">
        <ele>495.197236</ele>
      </trkpt>
      <trkpt lat="45.31358" lon="3.18403">
        <ele>495.922582</ele>
      </trkpt>
      <trkpt lat="45.31386" lon="3.18302">
        <ele>496.477664</ele>
      </trkpt>
      <trkpt lat="45.31631" lon="3.17887">
        <ele>503.746872</ele>
      </trkpt>
      <trkpt lat="45.31667" lon="3.17818">
        <ele>505.146383</ele>
      </trkpt>
      <trkpt lat="45.31722" lon="3.17551">
        <ele>509.017836</ele>
      </trkpt>
      <trkpt lat="45.31687" lon="3.17691">
        <ele>509.947052</ele>
      </trkpt>
      <trkpt lat="45.3164" lon="3.17797">
        <ele>508.269865</ele>
      </trkpt>
      <trkpt lat="45.314" lon="3.18053">
        <ele>500.241912</ele>
      </trkpt>
      <trkpt lat="45.31113" lon="3.18264">
        <ele>505.899198</ele>
      </trkpt>
      <trkpt lat="45.31067" lon="3.18563">
        <ele>500.946242</ele>
      </trkpt>
      <trkpt lat="45.30929" lon="3.18677">
        <ele>497.779901</ele>
      </trkpt>
      <trkpt lat="45.30748" lon="3.1885">
        <ele>500.290829</ele>
      </trkpt>
      <trkpt lat="45.30639" lon="3.18957">
        <ele>503.39188</ele>
      </trkpt>
      <trkpt lat="45.30546" lon="3.19024">
        <ele>506.198154</ele>
      </trkpt>
      <trkpt lat="45.30299" lon="3.18991">
        <ele>509.236716</ele>
      </trkpt>
      <trkpt lat="45.30189" lon="3.18923">
        <ele>508.085407</ele>
      </trkpt>
      <trkpt lat="45.29917" lon="3.18851">
        <ele>503.179021</ele>
      </trkpt>
      <trkpt lat="45.2977" lon="3.18791">
        <ele>502.419134</ele>
      </trkpt>
      <trkpt lat="45.29676" lon="3.18821">
        <ele>502.360757</ele>
      </trkpt>
      <trkpt lat="45.29481" lon="3.18958">
        <ele>503.361534</ele>
      </trkpt>
      <trkpt lat="45.29161" lon="3.19075">
        <ele>507.440153</ele>
      </trkpt>
      <trkpt lat="45.29025" lon="3.19216">
        <ele>514.034595</ele>
      </trkpt>
      <trkpt lat="45.28994" lon="3.1921">
        <ele>514.530138</ele>
      </trkpt>
      <trkpt lat="45.28869" lon="3.19093">
        <ele>516.357588</ele>
      </trkpt>
      <trkpt lat="45.2869" lon="3.19296">
        <ele>515.146671</ele>
      </trkpt>
      <trkpt lat="45.28611" lon="3.19274">
        <ele>515.264927</ele>
      </trkpt>
      <trkpt lat="45.28278" lon="3.19157">
        <ele>513.249226</ele>
      </trkpt>
      <trkpt lat="45.2825" lon="3.1914">
        <ele>513.257434</ele>
      </trkpt>
      <trkpt lat="45.28177" lon="3.1913">
        <ele>513.477649</ele>
      </trkpt>
      <trkpt lat="45.2751" lon="3.19266">
        <ele>518.13196</ele>
      </trkpt>
      <trkpt lat="45.27137" lon="3.19343">
        <ele>521.31786</ele>
      </trkpt>
      <trkpt lat="45.27062" lon="3.19367">
        <ele>522.073605</ele>
      </trkpt>
      <trkpt lat="45.2676" lon="3.19499">
        <ele>525.475589</ele>
      </trkpt>
      <trkpt lat="45.26745" lon="3.19506">
        <ele>525.625086</ele>
      </trkpt>
      <trkpt lat="45.26352" lon="3.19677">
        <ele>528.244344</ele>
      </trkpt>
      <trkpt lat="45.26306" lon="3.19699">
        <ele>528.92004</ele>
      </trkpt>
      <trkpt lat="45.26195" lon="3.19891">
        <ele>532.697464</ele>
      </trkpt>
      <trkpt lat="45.2623" lon="3.19918">
        <ele>533.652782</ele>
      </trkpt>
      <trkpt lat="45.26275" lon="3.20028">
        <ele>535.749591</ele>
      </trkpt>
      <trkpt lat="45.26019" lon="3.20109">
        <ele>538.945706</ele>
      </trkpt>
      <trkpt lat="45.25846" lon="3.2004">
        <ele>538.129744</ele>
      </trkpt>
      <trkpt lat="45.25559" lon="3.19978">
        <ele>540.85713</ele>
      </trkpt>
      <trkpt lat="45.25476" lon="3.19947">
        <ele>541.719134</ele>
      </trkpt>
      <trkpt lat="45.2529" lon="3.19895">
        <ele>540.044646</ele>
      </trkpt>
      <trkpt lat="45.251" lon="3.19703">
        <ele>546.7</ele>
      </trkpt>
      <trkpt lat="45.24974" lon="3.19518">
        <ele>538.3</ele>
      </trkpt>
      <trkpt lat="45.24852" lon="3.1942">
        <ele>544.4</ele>
      </trkpt>
      <trkpt lat="45.24664" lon="3.1925">
        <ele>542.0</ele>
      </trkpt>
      <trkpt lat="45.24658" lon="3.1922">
        <ele>540.5</ele>
      </trkpt>
      <trkpt lat="45.24639" lon="3.18937">
        <ele>541.0</ele>
      </trkpt>
      <trkpt lat="45.2463" lon="3.18776">
        <ele>541.0</ele>
      </trkpt>
      <trkpt lat="45.24419" lon="3.18653">
        <ele>545.4</ele>
      </trkpt>
      <trkpt lat="45.2435" lon="3.18608">
        <ele>545.5</ele>
      </trkpt>
      <trkpt lat="45.24112" lon="3.18466">
        <ele>551.0</ele>
      </trkpt>
      <trkpt lat="45.2417" lon="3.18317">
        <ele>548.5</ele>
      </trkpt>
      <trkpt lat="45.23999" lon="3.18119">
        <ele>562.5</ele>
      </trkpt>
      <trkpt lat="45.23969" lon="3.18077">
        <ele>564.1</ele>
      </trkpt>
      <trkpt lat="45.23839" lon="3.17879">
        <ele>571.7</ele>
      </trkpt>
      <trkpt lat="45.23689" lon="3.17691">
        <ele>567.9</ele>
      </trkpt>
      <trkpt lat="45.23697" lon="3.17661">
        <ele>570.9</ele>
      </trkpt>
      <trkpt lat="45.23808" lon="3.17372">
        <ele>595.6</ele>
      </trkpt>
      <trkpt lat="45.23841" lon="3.17132">
        <ele>609.1</ele>
      </trkpt>
      <trkpt lat="45.23993" lon="3.17015">
        <ele>599.5</ele>
      </trkpt>
      <trkpt lat="45.24028" lon="3.16836">
        <ele>604.8</ele>
      </trkpt>
      <trkpt lat="45.24071" lon="3.16275">
        <ele>567.1</ele>
      </trkpt>
      <trkpt lat="45.24182" lon="3.16162">
        <ele>556.8</ele>
      </trkpt>
      <trkpt lat="45.24298" lon="3.15923">
        <ele>567.6</ele>
      </trkpt>
      <trkpt lat="45.24312" lon="3.15776">
        <ele>567.4</ele>
      </trkpt>
      <trkpt lat="45.24345" lon="3.15407">
        <ele>574.4</ele>
      </trkpt>
      <trkpt lat="45.24339" lon="3.15387">
        <ele>574.6</ele>
      </trkpt>
      <trkpt lat="45.24081" lon="3.15073">
        <ele>573.4</ele>
      </trkpt>
      <trkpt lat="45.24011" lon="3.14919">
        <ele>578.2</ele>
      </trkpt>
      <trkpt lat="45.23925" lon="3.14374">
        <ele>575.4</ele>
      </trkpt>
      <trkpt lat="45.23903" lon="3.14313">
        <ele>577.8</ele>
      </trkpt>
      <trkpt lat="45.23758" lon="3.1399">
        <ele>582.3</ele>
      </trkpt>
      <trkpt lat="45.23724" lon="3.1396">
        <ele>576.7</ele>
      </trkpt>
      <trkpt lat="45.23503" lon="3.13554">
        <ele>578.0</ele>
      </trkpt>
      <trkpt lat="45.23437" lon="3.13417">
        <ele>577.4</ele>
      </trkpt>
      <trkpt lat="45.2335" lon="3.1344">
        <ele>577.0</ele>
      </trkpt>
      <trkpt lat="45.2334" lon="3.13432">
        <ele>577.0</ele>
      </trkpt>
      <trkpt lat="45.23014" lon="3.13061">
        <ele>579.8</ele>
      </trkpt>
      <trkpt lat="45.22969" lon="3.13014">
        <ele>580.5</ele>
      </trkpt>
      <trkpt lat="45.22927" lon="3.12952">
        <ele>581.2</ele>
      </trkpt>
      <trkpt lat="45.2305" lon="3.12556">
        <ele>593.0</ele>
      </trkpt>
      <trkpt lat="45.23057" lon="3.1254">
        <ele>593.7</ele>
      </trkpt>
      <trkpt lat="45.23293" lon="3.12066">
        <ele>638.5</ele>
      </trkpt>
      <trkpt lat="45.23309" lon="3.12038">
        <ele>641.6</ele>
      </trkpt>
      <trkpt lat="45.23451" lon="3.11666">
        <ele>687.1</ele>
      </trkpt>
      <trkpt lat="45.23477" lon="3.1165">
        <ele>689.2</ele>
      </trkpt>
      <trkpt lat="45.23595" lon="3.11531">
        <ele>708.6</ele>
      </trkpt>
      <trkpt lat="45.23587" lon="3.11238">
        <ele>733.6</ele>
      </trkpt>
      <trkpt lat="45.23581" lon="3.11143">
        <ele>741.3</ele>
      </trkpt>
      <trkpt lat="45.23745" lon="3.10625">
        <ele>785.0</ele>
      </trkpt>
      <trkpt lat="45.23745" lon="3.1058">
        <ele>789.0</ele>
      </trkpt>
      <trkpt lat="45.23874" lon="3.10234">
        <ele>819.0</ele>
      </trkpt>
      <trkpt lat="45.23852" lon="3.10121">
        <ele>825.2</ele>
      </trkpt>
      <trkpt lat="45.2386" lon="3.10035">
        <ele>834.2</ele>
      </trkpt>
      <trkpt lat="45.23861" lon="3.09433">
        <ele>891.0</ele>
      </trkpt>
      <trkpt lat="45.23859" lon="3.09369">
        <ele>897.7</ele>
      </trkpt>
      <trkpt lat="45.23735" lon="3.0884">
        <ele>929.7</ele>
      </trkpt>
      <trkpt lat="45.23746" lon="3.0882">
        <ele>933.1</ele>
      </trkpt>
      <trkpt lat="45.23878" lon="3.083">
        <ele>983.5</ele>
      </trkpt>
      <trkpt lat="45.2384" lon="3.08085">
        <ele>992.9</ele>
      </trkpt>
      <trkpt lat="45.23797" lon="3.07832">
        <ele>1001.0</ele>
      </trkpt>
      <trkpt lat="45.23741" lon="3.07493">
        <ele>1008.9</ele>
      </trkpt>
      <trkpt lat="45.2367" lon="3.07078">
        <ele>1018.8</ele>
      </trkpt>
      <trkpt lat="45.23673" lon="3.06982">
        <ele>1019.8</ele>
      </trkpt>
      <trkpt lat="45.23682" lon="3.06414">
        <ele>1044.5</ele>
      </trkpt>
      <trkpt lat="45.2368" lon="3.06358">
        <ele>1046.6</ele>
      </trkpt>
      <trkpt lat="45.2366" lon="3.05785">
        <ele>1071.6</ele>
      </trkpt>
      <trkpt lat="45.23659" lon="3.05746">
        <ele>1074.1</ele>
      </trkpt>
      <trkpt lat="45.23555" lon="3.05269">
        <ele>1090.3</ele>
      </trkpt>
      <trkpt lat="45.23433" lon="3.0495">
        <ele>1102.8</ele>
      </trkpt>
      <trkpt lat="45.23372" lon="3.04731">
        <ele>1105.4</ele>
      </trkpt>
      <trkpt lat="45.23244" lon="3.04256">
        <ele>1107.6</ele>
      </trkpt>
      <trkpt lat="45.23143" lon="3.03829">
        <ele>1112.1</ele>
      </trkpt>
      <trkpt lat="45.23098" lon="3.03537">
        <ele>1118.8</ele>
      </trkpt>
      <trkpt lat="45.23082" lon="3.03497">
        <ele>1119.0</ele>
      </trkpt>
      <trkpt lat="45.2293" lon="3.03137">
        <ele>1124.1</ele>
      </trkpt>
      <trkpt lat="45.22804" lon="3.02916">
        <ele>1133.1</ele>
      </trkpt>
      <trkpt lat="45.22778" lon="3.02831">
        <ele>1135.0</ele>
      </trkpt>
      <trkpt lat="45.22678" lon="3.02666">
        <ele>1138.0</ele>
      </trkpt>
      <trkpt lat="45.22331" lon="3.02241">
        <ele>1140.0</ele>
      </trkpt>
      <trkpt lat="45.22271" lon="3.02154">
        <ele>1139.1</ele>
      </trkpt>
      <trkpt lat="45.22137" lon="3.01741">
        <ele>1143.3</ele>
      </trkpt>
      <trkpt lat="45.21967" lon="3.01473">
        <ele>1126.6</ele>
      </trkpt>
      <trkpt lat="45.21931" lon="3.01438">
        <ele>1121.8</ele>
      </trkpt>
      <trkpt lat="45.21799" lon="3.00996">
        <ele>1091.8</ele>
      </trkpt>
      <trkpt lat="45.21804" lon="3.00917">
        <ele>1088.9</ele>
      </trkpt>
      <trkpt lat="45.21866" lon="3.00814">
        <ele>1091.4</ele>
      </trkpt>
      <trkpt lat="45.22116" lon="3.00502">
        <ele>1067.5</ele>
      </trkpt>
      <trkpt lat="45.22117" lon="3.00491">
        <ele>1067.5</ele>
      </trkpt>
      <trkpt lat="45.22042" lon="2.99974">
        <ele>1107.3</ele>
      </trkpt>
      <trkpt lat="45.22059" lon="2.99793">
        <ele>1110.3</ele>
      </trkpt>
      <trkpt lat="45.22134" lon="2.99348">
        <ele>1126.3</ele>
      </trkpt>
      <trkpt lat="45.22148" lon="2.99304">
        <ele>1128.7</ele>
      </trkpt>
      <trkpt lat="45.22228" lon="2.99081">
        <ele>1140.3</ele>
      </trkpt>
      <trkpt lat="45.22183" lon="2.98864">
        <ele>1144.0</ele>
      </trkpt>
      <trkpt lat="45.22128" lon="2.98659">
        <ele>1147.6</ele>
      </trkpt>
      <trkpt lat="45.22054" lon="2.9828">
        <ele>1155.4</ele>
      </trkpt>
      <trkpt lat="45.22065" lon="2.98153">
        <ele>1158.7</ele>
      </trkpt>
      <trkpt lat="45.22082" lon="2.98033">
        <ele>1161.8</ele>
      </trkpt>
      <trkpt lat="45.2229" lon="2.97608">
        <ele>1181.2</ele>
      </trkpt>
      <trkpt lat="45.223" lon="2.97549">
        <ele>1183.8</ele>
      </trkpt>
      <trkpt lat="45.22283" lon="2.97127">
        <ele>1191.1</ele>
      </trkpt>
      <trkpt lat="45.2235" lon="2.9685">
        <ele>1194.2</ele>
      </trkpt>
      <trkpt lat="45.22483" lon="2.96429">
        <ele>1182.3</ele>
      </trkpt>
      <trkpt lat="45.22501" lon="2.96369">
        <ele>1179.7</ele>
      </trkpt>
      <trkpt lat="45.22486" lon="2.9599">
        <ele>1157.3</ele>
      </trkpt>
      <trkpt lat="45.22354" lon="2.95933">
        <ele>1140.1</ele>
      </trkpt>
      <trkpt lat="45.22349" lon="2.95903">
        <ele>1137.6</ele>
      </trkpt>
      <trkpt lat="45.2209" lon="2.95512">
        <ele>1104.8</ele>
      </trkpt>
      <trkpt lat="45.22021" lon="2.95488">
        <ele>1096.6</ele>
      </trkpt>
      <trkpt lat="45.21927" lon="2.9543">
        <ele>1085.3</ele>
      </trkpt>
      <trkpt lat="45.218" lon="2.95009">
        <ele>1051.6</ele>
      </trkpt>
      <trkpt lat="45.21792" lon="2.94972">
        <ele>1049.5</ele>
      </trkpt>
      <trkpt lat="45.21582" lon="2.94492">
        <ele>1035.4</ele>
      </trkpt>
      <trkpt lat="45.21561" lon="2.94474">
        <ele>1032.6</ele>
      </trkpt>
      <trkpt lat="45.21426" lon="2.94179">
        <ele>1018.5</ele>
      </trkpt>
      <trkpt lat="45.2127" lon="2.94162">
        <ele>1009.0</ele>
      </trkpt>
      <trkpt lat="45.21241" lon="2.94154">
        <ele>1004.7</ele>
      </trkpt>
      <trkpt lat="45.21238" lon="2.94152">
        <ele>1004.1</ele>
      </trkpt>
      <trkpt lat="45.21408" lon="2.93743">
        <ele>976.3</ele>
      </trkpt>
      <trkpt lat="45.21337" lon="2.93717">
        <ele>965.8</ele>
      </trkpt>
      <trkpt lat="45.21312" lon="2.93684">
        <ele>963.1</ele>
      </trkpt>
      <trkpt lat="45.21132" lon="2.93512">
        <ele>948.4</ele>
      </trkpt>
      <trkpt lat="45.21123" lon="2.93476">
        <ele>950.2</ele>
      </trkpt>
      <trkpt lat="45.20812" lon="2.9339">
        <ele>953.7</ele>
      </trkpt>
      <trkpt lat="45.20618" lon="2.9333">
        <ele>946.6</ele>
      </trkpt>
      <trkpt lat="45.20515" lon="2.93293">
        <ele>951.7</ele>
      </trkpt>
      <trkpt lat="45.20487" lon="2.93274">
        <ele>953.9</ele>
      </trkpt>
      <trkpt lat="45.20194" lon="2.93355">
        <ele>969.5</ele>
      </trkpt>
      <trkpt lat="45.20068" lon="2.93376">
        <ele>976.0</ele>
      </trkpt>
      <trkpt lat="45.19662" lon="2.93563">
        <ele>999.1</ele>
      </trkpt>
      <trkpt lat="45.19639" lon="2.93567">
        <ele>1001.4</ele>
      </trkpt>
      <trkpt lat="45.19618" lon="2.93564">
        <ele>1000.7</ele>
      </trkpt>
      <trkpt lat="45.1927" lon="2.93316">
        <ele>1027.4</ele>
      </trkpt>
      <trkpt lat="45.19234" lon="2.93275">
        <ele>1027.8</ele>
      </trkpt>
      <trkpt lat="45.1914" lon="2.93004">
        <ele>1035.9</ele>
      </trkpt>
      <trkpt lat="45.19272" lon="2.92972">
        <ele>1045.4</ele>
      </trkpt>
      <trkpt lat="45.19396" lon="2.92821">
        <ele>1058.8</ele>
      </trkpt>
      <trkpt lat="45.19592" lon="2.92578">
        <ele>1064.6</ele>
      </trkpt>
      <trkpt lat="45.19675" lon="2.92476">
        <ele>1071.8</ele>
      </trkpt>
      <trkpt lat="45.19925" lon="2.92158">
        <ele>1066.6</ele>
      </trkpt>
      <trkpt lat="45.19924" lon="2.92143">
        <ele>1066.5</ele>
      </trkpt>
      <trkpt lat="45.19887" lon="2.92036">
        <ele>1072.0</ele>
      </trkpt>
      <trkpt lat="45.19671" lon="2.91689">
        <ele>1097.5</ele>
      </trkpt>
      <trkpt lat="45.19472" lon="2.91444">
        <ele>1094.0</ele>
      </trkpt>
      <trkpt lat="45.19324" lon="2.91177">
        <ele>1101.0</ele>
      </trkpt>
      <trkpt lat="45.19295" lon="2.91128">
        <ele>1100.4</ele>
      </trkpt>
      <trkpt lat="45.19377" lon="2.91094">
        <ele>1092.6</ele>
      </trkpt>
      <trkpt lat="45.19602" lon="2.90919">
        <ele>1118.2</ele>
      </trkpt>
      <trkpt lat="45.19681" lon="2.90858">
        <ele>1125.2</ele>
      </trkpt>
      <trkpt lat="45.19797" lon="2.90735">
        <ele>1129.7</ele>
      </trkpt>
      <trkpt lat="45.19902" lon="2.90625">
        <ele>1125.5</ele>
      </trkpt>
      <trkpt lat="45.19854" lon="2.90315">
        <ele>1126.3</ele>
      </trkpt>
      <trkpt lat="45.19913" lon="2.9015">
        <ele>1118.3</ele>
      </trkpt>
      <trkpt lat="45.19671" lon="2.90067">
        <ele>1134.6</ele>
      </trkpt>
      <trkpt lat="45.1933" lon="2.89939">
        <ele>1148.2</ele>
      </trkpt>
      <trkpt lat="45.19281" lon="2.89915">
        <ele>1147.2</ele>
      </trkpt>
      <trkpt lat="45.19014" lon="2.89599">
        <ele>1139.7</ele>
      </trkpt>
      <trkpt lat="45.18932" lon="2.89498">
        <ele>1138.6</ele>
      </trkpt>
      <trkpt lat="45.18811" lon="2.89351">
        <ele>1138.6</ele>
      </trkpt>
      <trkpt lat="45.188" lon="2.89332">
        <ele>1139.2</ele>
      </trkpt>
      <trkpt lat="45.18862" lon="2.88986">
        <ele>1148.6</ele>
      </trkpt>
      <trkpt lat="45.18876" lon="2.8884">
        <ele>1155.8</ele>
      </trkpt>
      <trkpt lat="45.18928" lon="2.88442">
        <ele>1164.1</ele>
      </trkpt>
      <trkpt lat="45.18917" lon="2.8844">
        <ele>1164.2</ele>
      </trkpt>
      <trkpt lat="45.18649" lon="2.8843">
        <ele>1146.7</ele>
      </trkpt>
      <trkpt lat="45.18635" lon="2.88786">
        <ele>1154.1</ele>
      </trkpt>
      <trkpt lat="45.18654" lon="2.88848">
        <ele>1153.0</ele>
      </trkpt>
      <trkpt lat="45.18647" lon="2.894">
        <ele>1144.0</ele>
      </trkpt>
      <trkpt lat="45.18497" lon="2.89442">
        <ele>1141.9</ele>
      </trkpt>
      <trkpt lat="45.1821" lon="2.89372">
        <ele>1126.4</ele>
      </trkpt>
      <trkpt lat="45.18191" lon="2.89405">
        <ele>1126.1</ele>
      </trkpt>
      <trkpt lat="45.17938" lon="2.89415">
        <ele>1134.0</ele>
      </trkpt>
      <trkpt lat="45.17924" lon="2.89427">
        <ele>1134.1</ele>
      </trkpt>
      <trkpt lat="45.17645" lon="2.89654">
        <ele>1134.5</ele>
      </trkpt>
      <trkpt lat="45.17431" lon="2.89823">
        <ele>1152.7</ele>
      </trkpt>
      <trkpt lat="45.17308" lon="2.89974">
        <ele>1158.9</ele>
      </trkpt>
      <trkpt lat="45.17057" lon="2.90165">
        <ele>1152.1</ele>
      </trkpt>
      <trkpt lat="45.16802" lon="2.9019">
        <ele>1152.9</ele>
      </trkpt>
      <trkpt lat="45.16671" lon="2.90203">
        <ele>1147.5</ele>
      </trkpt>
      <trkpt lat="45.16517" lon="2.90105">
        <ele>1143.7</ele>
      </trkpt>
      <trkpt lat="45.16368" lon="2.90143">
        <ele>1141.3</ele>
      </trkpt>
      <trkpt lat="45.16288" lon="2.90242">
        <ele>1136.0</ele>
      </trkpt>
      <trkpt lat="45.16165" lon="2.90437">
        <ele>1133.9</ele>
      </trkpt>
      <trkpt lat="45.15881" lon="2.90659">
        <ele>1112.2</ele>
      </trkpt>
      <trkpt lat="45.15841" lon="2.9066">
        <ele>1111.1</ele>
      </trkpt>
      <trkpt lat="45.15547" lon="2.907">
        <ele>1114.9</ele>
      </trkpt>
      <trkpt lat="45.15368" lon="2.90729">
        <ele>1111.0</ele>
      </trkpt>
      <trkpt lat="45.15034" lon="2.90999">
        <ele>1103.8</ele>
      </trkpt>
      <trkpt lat="45.14977" lon="2.9102">
        <ele>1098.1</ele>
      </trkpt>
      <trkpt lat="45.1473" lon="2.9103">
        <ele>1083.7</ele>
      </trkpt>
      <trkpt lat="45.14658" lon="2.90952">
        <ele>1086.3</ele>
      </trkpt>
      <trkpt lat="45.1464" lon="2.91017">
        <ele>1087.0</ele>
      </trkpt>
      <trkpt lat="45.14419" lon="2.9137">
        <ele>1079.7</ele>
      </trkpt>
      <trkpt lat="45.14229" lon="2.91512">
        <ele>1084.6</ele>
      </trkpt>
      <trkpt lat="45.14026" lon="2.91706">
        <ele>1064.5</ele>
      </trkpt>
      <trkpt lat="45.14005" lon="2.91695">
        <ele>1063.4</ele>
      </trkpt>
      <trkpt lat="45.13964" lon="2.91652">
        <ele>1061.7</ele>
      </trkpt>
      <trkpt lat="45.13654" lon="2.91294">
        <ele>1047.9</ele>
      </trkpt>
      <trkpt lat="45.13524" lon="2.91063">
        <ele>1038.6</ele>
      </trkpt>
      <trkpt lat="45.13302" lon="2.91015">
        <ele>1046.8</ele>
      </trkpt>
      <trkpt lat="45.13275" lon="2.91006">
        <ele>1047.3</ele>
      </trkpt>
      <trkpt lat="45.13251" lon="2.90979">
        <ele>1046.5</ele>
      </trkpt>
      <trkpt lat="45.1327" lon="2.90466">
        <ele>1040.3</ele>
      </trkpt>
      <trkpt lat="45.1326" lon="2.90291">
        <ele>1037.2</ele>
      </trkpt>
      <trkpt lat="45.13212" lon="2.8986">
        <ele>1025.2</ele>
      </trkpt>
      <trkpt lat="45.13096" lon="2.89598">
        <ele>1015.1</ele>
      </trkpt>
      <trkpt lat="45.13033" lon="2.89253">
        <ele>1024.0</ele>
      </trkpt>
      <trkpt lat="45.13045" lon="2.89113">
        <ele>1025.7</ele>
      </trkpt>
      <trkpt lat="45.13069" lon="2.88853">
        <ele>1036.9</ele>
      </trkpt>
      <trkpt lat="45.13054" lon="2.88723">
        <ele>1035.8</ele>
      </trkpt>
      <trkpt lat="45.1297" lon="2.88749">
        <ele>1030.1</ele>
      </trkpt>
      <trkpt lat="45.12618" lon="2.88683">
        <ele>1017.9</ele>
      </trkpt>
      <trkpt lat="45.12374" lon="2.88612">
        <ele>1019.0</ele>
      </trkpt>
      <trkpt lat="45.12198" lon="2.88539">
        <ele>1025.8</ele>
      </trkpt>
      <trkpt lat="45.12175" lon="2.88507">
        <ele>1027.4</ele>
      </trkpt>
      <trkpt lat="45.12151" lon="2.88425">
        <ele>1027.7</ele>
      </trkpt>
      <trkpt lat="45.12063" lon="2.88056">
        <ele>1024.7</ele>
      </trkpt>
      <trkpt lat="45.12033" lon="2.88042">
        <ele>1024.9</ele>
      </trkpt>
      <trkpt lat="45.11754" lon="2.87968">
        <ele>1029.9</ele>
      </trkpt>
      <trkpt lat="45.11552" lon="2.88192">
        <ele>1041.8</ele>
      </trkpt>
      <trkpt lat="45.11523" lon="2.88291">
        <ele>1046.4</ele>
      </trkpt>
      <trkpt lat="45.11466" lon="2.88246">
        <ele>1044.6</ele>
      </trkpt>
      <trkpt lat="45.11402" lon="2.88122">
        <ele>1038.0</ele>
      </trkpt>
      <trkpt lat="45.11259" lon="2.87885">
        <ele>1030.4</ele>
      </trkpt>
      <trkpt lat="45.1124" lon="2.87829">
        <ele>1027.5</ele>
      </trkpt>
      <trkpt lat="45.11276" lon="2.87351">
        <ele>998.6</ele>
      </trkpt>
      <trkpt lat="45.11268" lon="2.87366">
        <ele>997.2</ele>
      </trkpt>
      <trkpt lat="45.11214" lon="2.8685">
        <ele>936.5</ele>
      </trkpt>
      <trkpt lat="45.11196" lon="2.86807">
        <ele>934.2</ele>
      </trkpt>
      <trkpt lat="45.11095" lon="2.86627">
        <ele>936.0</ele>
      </trkpt>
      <trkpt lat="45.1092" lon="2.8636">
        <ele>900.4</ele>
      </trkpt>
      <trkpt lat="45.10724" lon="2.86276">
        <ele>895.1</ele>
      </trkpt>
      <trkpt lat="45.10584" lon="2.86126">
        <ele>900.0</ele>
      </trkpt>
      <trkpt lat="45.10488" lon="2.86082">
        <ele>897.5</ele>
      </trkpt>
      <trkpt lat="45.1027" lon="2.85687">
        <ele>888.7</ele>
      </trkpt>
      <trkpt lat="45.10241" lon="2.85627">
        <ele>887.5</ele>
      </trkpt>
      <trkpt lat="45.09914" lon="2.85399">
        <ele>903.9</ele>
      </trkpt>
      <trkpt lat="45.09907" lon="2.85351">
        <ele>907.4</ele>
      </trkpt>
      <trkpt lat="45.09813" lon="2.85169">
        <ele>923.8</ele>
      </trkpt>
      <trkpt lat="45.09938" lon="2.8491">
        <ele>951.5</ele>
      </trkpt>
      <trkpt lat="45.09954" lon="2.84847">
        <ele>957.8</ele>
      </trkpt>
      <trkpt lat="45.10053" lon="2.84479">
        <ele>993.8</ele>
      </trkpt>
      <trkpt lat="45.10065" lon="2.84187">
        <ele>1016.4</ele>
      </trkpt>
      <trkpt lat="45.10144" lon="2.83779">
        <ele>1044.1</ele>
      </trkpt>
      <trkpt lat="45.1015" lon="2.8369">
        <ele>1048.4</ele>
      </trkpt>
      <trkpt lat="45.10149" lon="2.83589">
        <ele>1055.9</ele>
      </trkpt>
      <trkpt lat="45.10023" lon="2.83135">
        <ele>1075.9</ele>
      </trkpt>
      <trkpt lat="45.09985" lon="2.83002">
        <ele>1075.0</ele>
      </trkpt>
      <trkpt lat="45.09886" lon="2.82594">
        <ele>1081.8</ele>
      </trkpt>
      <trkpt lat="45.09861" lon="2.82528">
        <ele>1082.0</ele>
      </trkpt>
      <trkpt lat="45.09675" lon="2.82089">
        <ele>1096.4</ele>
      </trkpt>
      <trkpt lat="45.09627" lon="2.82">
        <ele>1099.1</ele>
      </trkpt>
      <trkpt lat="45.09599" lon="2.81901">
        <ele>1103.1</ele>
      </trkpt>
      <trkpt lat="45.09327" lon="2.81548">
        <ele>1128.4</ele>
      </trkpt>
      <trkpt lat="45.0932" lon="2.81541">
        <ele>1128.8</ele>
      </trkpt>
      <trkpt lat="45.09192" lon="2.81349">
        <ele>1167.1</ele>
      </trkpt>
      <trkpt lat="45.09155" lon="2.81237">
        <ele>1175.4</ele>
      </trkpt>
      <trkpt lat="45.08982" lon="2.81221">
        <ele>1219.5</ele>
      </trkpt>
      <trkpt lat="45.08903" lon="2.81106">
        <ele>1231.1</ele>
      </trkpt>
      <trkpt lat="45.08848" lon="2.80973">
        <ele>1242.3</ele>
      </trkpt>
      <trkpt lat="45.08891" lon="2.80655">
        <ele>1267.6</ele>
      </trkpt>
      <trkpt lat="45.08903" lon="2.80528">
        <ele>1276.9</ele>
      </trkpt>
      <trkpt lat="45.0884" lon="2.80272">
        <ele>1301.7</ele>
      </trkpt>
      <trkpt lat="45.08744" lon="2.80445">
        <ele>1312.5</ele>
      </trkpt>
      <trkpt lat="45.08705" lon="2.8057">
        <ele>1319.1</ele>
      </trkpt>
      <trkpt lat="45.08622" lon="2.80742">
        <ele>1334.0</ele>
      </trkpt>
      <trkpt lat="45.08585" lon="2.81177">
        <ele>1323.6</ele>
      </trkpt>
      <trkpt lat="45.08501" lon="2.81422">
        <ele>1329.7</ele>
      </trkpt>
      <trkpt lat="45.08449" lon="2.81426">
        <ele>1330.8</ele>
      </trkpt>
      <trkpt lat="45.08319" lon="2.81319">
        <ele>1316.2</ele>
      </trkpt>
      <trkpt lat="45.08176" lon="2.81183">
        <ele>1301.8</ele>
      </trkpt>
      <trkpt lat="45.08191" lon="2.81471">
        <ele>1275.2</ele>
      </trkpt>
      <trkpt lat="45.08177" lon="2.81435">
        <ele>1275.3</ele>
      </trkpt>
      <trkpt lat="45.08179" lon="2.81932">
        <ele>1234.2</ele>
      </trkpt>
      <trkpt lat="45.08149" lon="2.8191">
        <ele>1230.2</ele>
      </trkpt>
      <trkpt lat="45.08112" lon="2.81879">
        <ele>1225.2</ele>
      </trkpt>
      <trkpt lat="45.0791" lon="2.81533">
        <ele>1195.7</ele>
      </trkpt>
      <trkpt lat="45.07904" lon="2.81562">
        <ele>1192.6</ele>
      </trkpt>
      <trkpt lat="45.07886" lon="2.81735">
        <ele>1177.9</ele>
      </trkpt>
      <trkpt lat="45.07746" lon="2.82251">
        <ele>1122.7</ele>
      </trkpt>
      <trkpt lat="45.0775" lon="2.82287">
        <ele>1119.0</ele>
      </trkpt>
      <trkpt lat="45.07637" lon="2.8273">
        <ele>1077.4</ele>
      </trkpt>
      <trkpt lat="45.07643" lon="2.82742">
        <ele>1076.5</ele>
      </trkpt>
      <trkpt lat="45.07752" lon="2.83035">
        <ele>1052.0</ele>
      </trkpt>
      <trkpt lat="45.07642" lon="2.83257">
        <ele>1055.6</ele>
      </trkpt>
      <trkpt lat="45.07613" lon="2.83374">
        <ele>1047.8</ele>
      </trkpt>
      <trkpt lat="45.07465" lon="2.8343">
        <ele>1042.0</ele>
      </trkpt>
      <trkpt lat="45.07343" lon="2.83549">
        <ele>1051.2</ele>
      </trkpt>
      <trkpt lat="45.0732" lon="2.83521">
        <ele>1052.3</ele>
      </trkpt>
      <trkpt lat="45.07103" lon="2.83089">
        <ele>1073.6</ele>
      </trkpt>
      <trkpt lat="45.07081" lon="2.82957">
        <ele>1081.9</ele>
      </trkpt>
      <trkpt lat="45.06842" lon="2.8269">
        <ele>1093.8</ele>
      </trkpt>
      <trkpt lat="45.06822" lon="2.8271">
        <ele>1098.7</ele>
      </trkpt>
      <trkpt lat="45.06827" lon="2.82718">
        <ele>1097.8</ele>
      </trkpt>
      <trkpt lat="45.0682" lon="2.82994">
        <ele>1128.9</ele>
      </trkpt>
      <trkpt lat="45.06902" lon="2.83216">
        <ele>1131.1</ele>
      </trkpt>
      <trkpt lat="45.07068" lon="2.83751">
        <ele>1165.0</ele>
      </trkpt>
      <trkpt lat="45.07088" lon="2.83769">
        <ele>1163.6</ele>
      </trkpt>
      <trkpt lat="45.07287" lon="2.84311">
        <ele>1196.8</ele>
      </trkpt>
      <trkpt lat="45.07303" lon="2.84362">
        <ele>1200.0</ele>
      </trkpt>
      <trkpt lat="45.07488" lon="2.84836">
        <ele>1241.4</ele>
      </trkpt>
      <trkpt lat="45.0751" lon="2.84882">
        <ele>1241.8</ele>
      </trkpt>
      <trkpt lat="45.07571" lon="2.85195">
        <ele>1252.3</ele>
      </trkpt>
      <trkpt lat="45.07563" lon="2.85352">
        <ele>1257.4</ele>
      </trkpt>
      <trkpt lat="45.07471" lon="2.8561">
        <ele>1248.1</ele>
      </trkpt>
      <trkpt lat="45.07396" lon="2.85835">
        <ele>1259.0</ele>
      </trkpt>
      <trkpt lat="45.07378" lon="2.85946">
        <ele>1257.6</ele>
      </trkpt>
      <trkpt lat="45.07253" lon="2.86091">
        <ele>1262.4</ele>
      </trkpt>
      <trkpt lat="45.07112" lon="2.86273">
        <ele>1268.0</ele>
      </trkpt>
      <trkpt lat="45.06884" lon="2.86596">
        <ele>1261.4</ele>
      </trkpt>
      <trkpt lat="45.06791" lon="2.86763">
        <ele>1248.1</ele>
      </trkpt>
      <trkpt lat="45.06781" lon="2.86822">
        <ele>1244.5</ele>
      </trkpt>
      <trkpt lat="45.06726" lon="2.86894">
        <ele>1239.1</ele>
      </trkpt>
      <trkpt lat="45.06468" lon="2.87011">
        <ele>1202.1</ele>
      </trkpt>
      <trkpt lat="45.06361" lon="2.87067">
        <ele>1188.2</ele>
      </trkpt>
      <trkpt lat="45.06253" lon="2.87105">
        <ele>1199.1</ele>
      </trkpt>
      <trkpt lat="45.06067" lon="2.87398">
        <ele>1193.0</ele>
      </trkpt>
      <trkpt lat="45.05762" lon="2.87621">
        <ele>1225.3</ele>
      </trkpt>
      <trkpt lat="45.05685" lon="2.87632">
        <ele>1230.3</ele>
      </trkpt>
      <trkpt lat="45.05511" lon="2.87936">
        <ele>1220.7</ele>
      </trkpt>
      <trkpt lat="45.05486" lon="2.88114">
        <ele>1218.9</ele>
      </trkpt>
      <trkpt lat="45.05295" lon="2.88528">
        <ele>1197.0</ele>
      </trkpt>
      <trkpt lat="45.05177" lon="2.88623">
        <ele>1192.9</ele>
      </trkpt>
      <trkpt lat="45.05091" lon="2.88768">
        <ele>1180.9</ele>
      </trkpt>
      <trkpt lat="45.04891" lon="2.8916">
        <ele>1188.2</ele>
      </trkpt>
      <trkpt lat="45.04698" lon="2.89363">
        <ele>1176.1</ele>
      </trkpt>
      <trkpt lat="45.04703" lon="2.89391">
        <ele>1175.9</ele>
      </trkpt>
      <trkpt lat="45.04733" lon="2.89461">
        <ele>1176.7</ele>
      </trkpt>
      <trkpt lat="45.04937" lon="2.89887">
        <ele>1182.5</ele>
      </trkpt>
      <trkpt lat="45.05003" lon="2.90035">
        <ele>1178.4</ele>
      </trkpt>
      <trkpt lat="45.05054" lon="2.90163">
        <ele>1172.1</ele>
      </trkpt>
      <trkpt lat="45.05061" lon="2.90471">
        <ele>1159.9</ele>
      </trkpt>
      <trkpt lat="45.05063" lon="2.9057">
        <ele>1153.1</ele>
      </trkpt>
      <trkpt lat="45.05119" lon="2.91163">
        <ele>1134.1</ele>
      </trkpt>
      <trkpt lat="45.05123" lon="2.91179">
        <ele>1133.4</ele>
      </trkpt>
      <trkpt lat="45.05132" lon="2.91369">
        <ele>1127.0</ele>
      </trkpt>
      <trkpt lat="45.05084" lon="2.91767">
        <ele>1114.3</ele>
      </trkpt>
      <trkpt lat="45.0506" lon="2.9189">
        <ele>1109.0</ele>
      </trkpt>
      <trkpt lat="45.05028" lon="2.92029">
        <ele>1105.9</ele>
      </trkpt>
      <trkpt lat="45.04809" lon="2.91995">
        <ele>1099.1</ele>
      </trkpt>
      <trkpt lat="45.04787" lon="2.92024">
        <ele>1098.0</ele>
      </trkpt>
      <trkpt lat="45.04759" lon="2.92084">
        <ele>1095.3</ele>
      </trkpt>
      <trkpt lat="45.04987" lon="2.92467">
        <ele>1086.6</ele>
      </trkpt>
      <trkpt lat="45.05017" lon="2.92566">
        <ele>1082.6</ele>
      </trkpt>
      <trkpt lat="45.05294" lon="2.92951">
        <ele>1067.4</ele>
      </trkpt>
      <trkpt lat="45.05301" lon="2.92962">
        <ele>1067.2</ele>
      </trkpt>
      <trkpt lat="45.05468" lon="2.93246">
        <ele>1062.9</ele>
      </trkpt>
      <trkpt lat="45.05437" lon="2.93441">
        <ele>1057.2</ele>
      </trkpt>
      <trkpt lat="45.0544" lon="2.93517">
        <ele>1054.5</ele>
      </trkpt>
      <trkpt lat="45.05595" lon="2.93981">
        <ele>1037.1</ele>
      </trkpt>
      <trkpt lat="45.0562" lon="2.94074">
        <ele>1034.3</ele>
      </trkpt>
      <trkpt lat="45.05677" lon="2.94275">
        <ele>1027.6</ele>
      </trkpt>
      <trkpt lat="45.05907" lon="2.94712">
        <ele>1020.6</ele>
      </trkpt>
      <trkpt lat="45.05821" lon="2.94784">
        <ele>1026.0</ele>
      </trkpt>
      <trkpt lat="45.05599" lon="2.94897">
        <ele>1024.3</ele>
      </trkpt>
      <trkpt lat="45.05473" lon="2.94947">
        <ele>1024.0</ele>
      </trkpt>
      <trkpt lat="45.05624" lon="2.953">
        <ele>1021.6</ele>
      </trkpt>
      <trkpt lat="45.05635" lon="2.95324">
        <ele>1021.1</ele>
      </trkpt>
      <trkpt lat="45.05825" lon="2.95833">
        <ele>1010.7</ele>
      </trkpt>
      <trkpt lat="45.05894" lon="2.96053">
        <ele>1008.0</ele>
      </trkpt>
      <trkpt lat="45.06011" lon="2.96451">
        <ele>1003.8</ele>
      </trkpt>
      <trkpt lat="45.06018" lon="2.96489">
        <ele>1003.0</ele>
      </trkpt>
      <trkpt lat="45.06126" lon="2.96977">
        <ele>982.8</ele>
      </trkpt>
      <trkpt lat="45.06241" lon="2.97162">
        <ele>971.8</ele>
      </trkpt>
      <trkpt lat="45.06236" lon="2.97472">
        <ele>983.5</ele>
      </trkpt>
      <trkpt lat="45.06305" lon="2.97531">
        <ele>990.8</ele>
      </trkpt>
      <trkpt lat="45.06377" lon="2.97737">
        <ele>990.6</ele>
      </trkpt>
      <trkpt lat="45.06515" lon="2.97815">
        <ele>993.0</ele>
      </trkpt>
      <trkpt lat="45.06486" lon="2.97974">
        <ele>990.5</ele>
      </trkpt>
      <trkpt lat="45.06526" lon="2.98467">
        <ele>986.0</ele>
      </trkpt>
      <trkpt lat="45.06552" lon="2.98685">
        <ele>984.0</ele>
      </trkpt>
      <trkpt lat="45.0657" lon="2.98906">
        <ele>982.5</ele>
      </trkpt>
      <trkpt lat="45.06611" lon="2.99315">
        <ele>982.0</ele>
      </trkpt>
      <trkpt lat="45.06713" lon="2.99975">
        <ele>982.0</ele>
      </trkpt>
      <trkpt lat="45.06763" lon="3.00377">
        <ele>972.7</ele>
      </trkpt>
      <trkpt lat="45.06757" lon="3.00472">
        <ele>972.7</ele>
      </trkpt>
      <trkpt lat="45.06772" lon="3.00611">
        <ele>976.2</ele>
      </trkpt>
      <trkpt lat="45.06939" lon="3.0109">
        <ele>974.4</ele>
      </trkpt>
      <trkpt lat="45.0709" lon="3.01609">
        <ele>971.0</ele>
      </trkpt>
      <trkpt lat="45.07111" lon="3.01666">
        <ele>970.0</ele>
      </trkpt>
      <trkpt lat="45.07178" lon="3.01809">
        <ele>968.0</ele>
      </trkpt>
      <trkpt lat="45.07178" lon="3.02195">
        <ele>964.4</ele>
      </trkpt>
      <trkpt lat="45.07161" lon="3.02327">
        <ele>963.0</ele>
      </trkpt>
      <trkpt lat="45.07125" lon="3.02793">
        <ele>948.0</ele>
      </trkpt>
      <trkpt lat="45.07168" lon="3.02853">
        <ele>942.2</ele>
      </trkpt>
      <trkpt lat="45.07242" lon="3.0336">
        <ele>913.5</ele>
      </trkpt>
      <trkpt lat="45.07142" lon="3.03753">
        <ele>914.6</ele>
      </trkpt>
      <trkpt lat="45.07124" lon="3.03937">
        <ele>898.1</ele>
      </trkpt>
      <trkpt lat="45.07117" lon="3.04023">
        <ele>885.6</ele>
      </trkpt>
      <trkpt lat="45.07129" lon="3.04088">
        <ele>878.1</ele>
      </trkpt>
      <trkpt lat="45.06915" lon="3.03994">
        <ele>843.9</ele>
      </trkpt>
      <trkpt lat="45.06891" lon="3.04014">
        <ele>842.4</ele>
      </trkpt>
      <trkpt lat="45.06716" lon="3.04054">
        <ele>824.1</ele>
      </trkpt>
      <trkpt lat="45.06698" lon="3.04092">
        <ele>820.3</ele>
      </trkpt>
      <trkpt lat="45.06443" lon="3.04532">
        <ele>825.2</ele>
      </trkpt>
      <trkpt lat="45.06364" lon="3.04691">
        <ele>820.2</ele>
      </trkpt>
      <trkpt lat="45.06255" lon="3.0483">
        <ele>821.3</ele>
      </trkpt>
      <trkpt lat="45.06216" lon="3.04908">
        <ele>822.0</ele>
      </trkpt>
      <trkpt lat="45.06116" lon="3.05373">
        <ele>851.9</ele>
      </trkpt>
      <trkpt lat="45.06091" lon="3.05468">
        <ele>848.3</ele>
      </trkpt>
      <trkpt lat="45.06024" lon="3.05898">
        <ele>858.2</ele>
      </trkpt>
      <trkpt lat="45.0604" lon="3.06196">
        <ele>865.9</ele>
      </trkpt>
      <trkpt lat="45.05991" lon="3.06469">
        <ele>846.9</ele>
      </trkpt>
      <trkpt lat="45.05982" lon="3.06522">
        <ele>845.9</ele>
      </trkpt>
      <trkpt lat="45.0583" lon="3.07063">
        <ele>814.8</ele>
      </trkpt>
      <trkpt lat="45.05792" lon="3.07153">
        <ele>809.0</ele>
      </trkpt>
      <trkpt lat="45.05768" lon="3.07486">
        <ele>834.9</ele>
      </trkpt>
      <trkpt lat="45.05717" lon="3.07518">
        <ele>835.5</ele>
      </trkpt>
      <trkpt lat="45.05592" lon="3.07567">
        <ele>836.7</ele>
      </trkpt>
      <trkpt lat="45.0525" lon="3.07664">
        <ele>823.9</ele>
      </trkpt>
      <trkpt lat="45.05203" lon="3.07697">
        <ele>823.6</ele>
      </trkpt>
      <trkpt lat="45.05176" lon="3.07724">
        <ele>824.7</ele>
      </trkpt>
      <trkpt lat="45.04944" lon="3.0796">
        <ele>800.2</ele>
      </trkpt>
      <trkpt lat="45.04831" lon="3.08222">
        <ele>787.2</ele>
      </trkpt>
      <trkpt lat="45.04692" lon="3.08488">
        <ele>805.0</ele>
      </trkpt>
      <trkpt lat="45.0467" lon="3.08496">
        <ele>805.2</ele>
      </trkpt>
      <trkpt lat="45.04282" lon="3.08516">
        <ele>832.9</ele>
      </trkpt>
      <trkpt lat="45.04228" lon="3.08548">
        <ele>839.2</ele>
      </trkpt>
      <trkpt lat="45.03915" lon="3.08751">
        <ele>865.0</ele>
      </trkpt>
      <trkpt lat="45.0384" lon="3.08728">
        <ele>868.6</ele>
      </trkpt>
      <trkpt lat="45.03495" lon="3.08787">
        <ele>876.9</ele>
      </trkpt>
      <trkpt lat="45.03286" lon="3.08813">
        <ele>881.5</ele>
      </trkpt>
      <trkpt lat="45.03289" lon="3.08884">
        <ele>882.4</ele>
      </trkpt>
      <trkpt lat="45.03294" lon="3.09031">
        <ele>876.7</ele>
      </trkpt>
      <trkpt lat="45.03354" lon="3.09158">
        <ele>883.5</ele>
      </trkpt>
      <trkpt lat="45.03359" lon="3.09573">
        <ele>880.4</ele>
      </trkpt>
      <trkpt lat="45.03358" lon="3.09577">
        <ele>880.2</ele>
      </trkpt>
      <trkpt lat="45.03343" lon="3.09612">
        <ele>867.1</ele>
      </trkpt>
      <trkpt lat="45.0317" lon="3.09441">
        <ele>830.7</ele>
      </trkpt>
      <trkpt lat="45.03193" lon="3.09642">
        <ele>807.5</ele>
      </trkpt>
      <trkpt lat="45.03208" lon="3.09682">
        <ele>803.4</ele>
      </trkpt>
      <trkpt lat="45.03251" lon="3.10104">
        <ele>771.7</ele>
      </trkpt>
      <trkpt lat="45.0325" lon="3.10279">
        <ele>772.0</ele>
      </trkpt>
      <trkpt lat="45.03266" lon="3.10743">
        <ele>768.5</ele>
      </trkpt>
      <trkpt lat="45.03259" lon="3.10817">
        <ele>767.9</ele>
      </trkpt>
      <trkpt lat="45.03381" lon="3.11065">
        <ele>775.2</ele>
      </trkpt>
      <trkpt lat="45.03274" lon="3.11148">
        <ele>780.9</ele>
      </trkpt>
      <trkpt lat="45.03212" lon="3.11265">
        <ele>778.0</ele>
      </trkpt>
      <trkpt lat="45.0307" lon="3.11505">
        <ele>768.4</ele>
      </trkpt>
      <trkpt lat="45.03018" lon="3.11579">
        <ele>772.2</ele>
      </trkpt>
      <trkpt lat="45.02917" lon="3.11565">
        <ele>771.7</ele>
      </trkpt>
      <trkpt lat="45.02614" lon="3.11361">
        <ele>767.4</ele>
      </trkpt>
      <trkpt lat="45.02552" lon="3.11418">
        <ele>765.8</ele>
      </trkpt>
      <trkpt lat="45.0252" lon="3.11471">
        <ele>766.1</ele>
      </trkpt>
      <trkpt lat="45.02426" lon="3.11985">
        <ele>763.6</ele>
      </trkpt>
      <trkpt lat="45.02352" lon="3.12074">
        <ele>768.0</ele>
      </trkpt>
      <trkpt lat="45.02295" lon="3.12143">
        <ele>761.9</ele>
      </trkpt>
      <trkpt lat="45.0206" lon="3.1247">
        <ele>763.3</ele>
      </trkpt>
      <trkpt lat="45.01911" lon="3.12555">
        <ele>765.6</ele>
      </trkpt>
      <trkpt lat="45.01805" lon="3.12555">
        <ele>761.1</ele>
      </trkpt>
      <trkpt lat="45.01568" lon="3.12465">
        <ele>754.9</ele>
      </trkpt>
      <trkpt lat="45.01488" lon="3.12576">
        <ele>790.0</ele>
      </trkpt>
      <trkpt lat="45.01477" lon="3.12602">
        <ele>793.3</ele>
      </trkpt>
      <trkpt lat="45.01517" lon="3.1309">
        <ele>845.9</ele>
      </trkpt>
      <trkpt lat="45.01539" lon="3.13089">
        <ele>846.7</ele>
      </trkpt>
      <trkpt lat="45.01628" lon="3.1366">
        <ele>864.1</ele>
      </trkpt>
      <trkpt lat="45.0164" lon="3.13709">
        <ele>864.5</ele>
      </trkpt>
      <trkpt lat="45.01724" lon="3.14165">
        <ele>873.9</ele>
      </trkpt>
      <trkpt lat="45.01699" lon="3.14273">
        <ele>874.9</ele>
      </trkpt>
      <trkpt lat="45.01682" lon="3.14331">
        <ele>872.1</ele>
      </trkpt>
      <trkpt lat="45.01551" lon="3.14529">
        <ele>860.6</ele>
      </trkpt>
      <trkpt lat="45.01382" lon="3.14827">
        <ele>865.7</ele>
      </trkpt>
      <trkpt lat="45.01248" lon="3.1526">
        <ele>880.1</ele>
      </trkpt>
      <trkpt lat="45.01225" lon="3.15345">
        <ele>882.3</ele>
      </trkpt>
      <trkpt lat="45.01167" lon="3.1556">
        <ele>887.1</ele>
      </trkpt>
      <trkpt lat="45.01212" lon="3.15937">
        <ele>892.7</ele>
      </trkpt>
      <trkpt lat="45.01212" lon="3.15947">
        <ele>892.6</ele>
      </trkpt>
      <trkpt lat="45.0124" lon="3.16471">
        <ele>880.0</ele>
      </trkpt>
      <trkpt lat="45.01265" lon="3.16679">
        <ele>882.0</ele>
      </trkpt>
      <trkpt lat="45.01197" lon="3.17024">
        <ele>876.0</ele>
      </trkpt>
      <trkpt lat="45.01126" lon="3.16983">
        <ele>873.5</ele>
      </trkpt>
      <trkpt lat="45.01083" lon="3.16958">
        <ele>872.0</ele>
      </trkpt>
      <trkpt lat="45.00863" lon="3.17011">
        <ele>867.3</ele>
      </trkpt>
      <trkpt lat="45.00737" lon="3.17115">
        <ele>869.3</ele>
      </trkpt>
      <trkpt lat="45.00667" lon="3.17294">
        <ele>868.0</ele>
      </trkpt>
      <trkpt lat="45.00488" lon="3.17613">
        <ele>876.6</ele>
      </trkpt>
      <trkpt lat="45.00381" lon="3.17771">
        <ele>878.5</ele>
      </trkpt>
      <trkpt lat="45.00153" lon="3.18117">
        <ele>862.4</ele>
      </trkpt>
      <trkpt lat="45.00145" lon="3.18138">
        <ele>862.0</ele>
      </trkpt>
      <trkpt lat="44.99958" lon="3.18643">
        <ele>845.4</ele>
      </trkpt>
      <trkpt lat="44.99931" lon="3.18706">
        <ele>844.0</ele>
      </trkpt>
      <trkpt lat="44.99885" lon="3.18761">
        <ele>844.3</ele>
      </trkpt>
      <trkpt lat="44.99616" lon="3.18847">
        <ele>829.3</ele>
      </trkpt>
      <trkpt lat="44.99574" lon="3.18992">
        <ele>828.6</ele>
      </trkpt>
      <trkpt lat="44.99453" lon="3.19191">
        <ele>807.4</ele>
      </trkpt>
      <trkpt lat="44.99252" lon="3.19513">
        <ele>825.0</ele>
      </trkpt>
      <trkpt lat="44.99096" lon="3.19547">
        <ele>831.3</ele>
      </trkpt>
      <trkpt lat="44.98882" lon="3.19506">
        <ele>829.4</ele>
      </trkpt>
      <trkpt lat="44.98538" lon="3.19366">
        <ele>834.7</ele>
      </trkpt>
      <trkpt lat="44.98388" lon="3.19289">
        <ele>835.5</ele>
      </trkpt>
      <trkpt lat="44.98092" lon="3.19111">
        <ele>847.7</ele>
      </trkpt>
      <trkpt lat="44.98088" lon="3.19107">
        <ele>847.8</ele>
      </trkpt>
      <trkpt lat="44.97948" lon="3.18672">
        <ele>858.1</ele>
      </trkpt>
      <trkpt lat="44.97931" lon="3.18445">
        <ele>862.5</ele>
      </trkpt>
      <trkpt lat="44.97875" lon="3.18223">
        <ele>852.0</ele>
      </trkpt>
      <trkpt lat="44.97704" lon="3.18237">
        <ele>837.1</ele>
      </trkpt>
      <trkpt lat="44.97692" lon="3.1823">
        <ele>836.1</ele>
      </trkpt>
      <trkpt lat="44.97686" lon="3.18216">
        <ele>834.6</ele>
      </trkpt>
      <trkpt lat="44.97671" lon="3.17681">
        <ele>805.4</ele>
      </trkpt>
      <trkpt lat="44.97649" lon="3.17633">
        <ele>803.5</ele>
      </trkpt>
      <trkpt lat="44.97612" lon="3.17477">
        <ele>794.6</ele>
      </trkpt>
      <trkpt lat="44.97826" lon="3.17413">
        <ele>771.9</ele>
      </trkpt>
      <trkpt lat="44.97842" lon="3.17413">
        <ele>770.1</ele>
      </trkpt>
      <trkpt lat="44.98064" lon="3.17362">
        <ele>752.4</ele>
      </trkpt>
      <trkpt lat="44.97832" lon="3.17242">
        <ele>756.2</ele>
      </trkpt>
      <trkpt lat="44.97644" lon="3.17193">
        <ele>746.1</ele>
      </trkpt>
      <trkpt lat="44.97427" lon="3.17258">
        <ele>746.9</ele>
      </trkpt>
      <trkpt lat="44.97417" lon="3.17278">
        <ele>737.1</ele>
      </trkpt>
      <trkpt lat="44.97291" lon="3.17493">
        <ele>754.9</ele>
      </trkpt>
      <trkpt lat="44.97392" lon="3.17629">
        <ele>755.3</ele>
      </trkpt>
      <trkpt lat="44.97369" lon="3.17952">
        <ele>769.3</ele>
      </trkpt>
      <trkpt lat="44.97289" lon="3.17994">
        <ele>779.9</ele>
      </trkpt>
      <trkpt lat="44.97321" lon="3.17955">
        <ele>782.0</ele>
      </trkpt>
      <trkpt lat="44.97209" lon="3.17671">
        <ele>805.3</ele>
      </trkpt>
      <trkpt lat="44.97239" lon="3.17803">
        <ele>812.8</ele>
      </trkpt>
      <trkpt lat="44.97247" lon="3.17837">
        <ele>815.5</ele>
      </trkpt>
      <trkpt lat="44.96937" lon="3.18122">
        <ele>841.5</ele>
      </trkpt>
      <trkpt lat="44.9676" lon="3.18344">
        <ele>838.4</ele>
      </trkpt>
      <trkpt lat="44.96694" lon="3.18521">
        <ele>845.0</ele>
      </trkpt>
      <trkpt lat="44.96637" lon="3.18688">
        <ele>848.8</ele>
      </trkpt>
      <trkpt lat="44.96577" lon="3.18803">
        <ele>844.4</ele>
      </trkpt>
      <trkpt lat="44.96434" lon="3.18955">
        <ele>836.2</ele>
      </trkpt>
      <trkpt lat="44.96306" lon="3.1897">
        <ele>849.0</ele>
      </trkpt>
      <trkpt lat="44.96226" lon="3.18996">
        <ele>854.8</ele>
      </trkpt>
      <trkpt lat="44.96196" lon="3.19374">
        <ele>858.9</ele>
      </trkpt>
      <trkpt lat="44.9614" lon="3.19502">
        <ele>854.8</ele>
      </trkpt>
      <trkpt lat="44.95993" lon="3.19768">
        <ele>840.4</ele>
      </trkpt>
      <trkpt lat="44.95954" lon="3.20135">
        <ele>835.1</ele>
      </trkpt>
      <trkpt lat="44.96021" lon="3.20515">
        <ele>844.8</ele>
      </trkpt>
      <trkpt lat="44.95979" lon="3.20585">
        <ele>843.6</ele>
      </trkpt>
      <trkpt lat="44.9577" lon="3.21025">
        <ele>823.3</ele>
      </trkpt>
      <trkpt lat="44.95755" lon="3.21081">
        <ele>820.5</ele>
      </trkpt>
      <trkpt lat="44.95772" lon="3.21205">
        <ele>826.6</ele>
      </trkpt>
      <trkpt lat="44.95488" lon="3.21145">
        <ele>848.2</ele>
      </trkpt>
      <trkpt lat="44.95418" lon="3.21116">
        <ele>851.1</ele>
      </trkpt>
      <trkpt lat="44.95051" lon="3.20902">
        <ele>878.2</ele>
      </trkpt>
      <trkpt lat="44.95008" lon="3.20871">
        <ele>880.4</ele>
      </trkpt>
      <trkpt lat="44.94676" lon="3.20666">
        <ele>905.3</ele>
      </trkpt>
      <trkpt lat="44.94628" lon="3.20682">
        <ele>907.0</ele>
      </trkpt>
      <trkpt lat="44.94336" lon="3.20361">
        <ele>928.7</ele>
      </trkpt>
      <trkpt lat="44.94329" lon="3.20392">
        <ele>929.3</ele>
      </trkpt>
      <trkpt lat="44.9422" lon="3.20606">
        <ele>931.4</ele>
      </trkpt>
      <trkpt lat="44.9409" lon="3.20833">
        <ele>919.6</ele>
      </trkpt>
      <trkpt lat="44.94059" lon="3.20813">
        <ele>917.7</ele>
      </trkpt>
      <trkpt lat="44.94036" lon="3.20816">
        <ele>917.9</ele>
      </trkpt>
      <trkpt lat="44.93705" lon="3.20966">
        <ele>942.0</ele>
      </trkpt>
      <trkpt lat="44.93604" lon="3.21029">
        <ele>939.7</ele>
      </trkpt>
      <trkpt lat="44.93351" lon="3.20857">
        <ele>928.2</ele>
      </trkpt>
      <trkpt lat="44.93231" lon="3.20854">
        <ele>932.1</ele>
      </trkpt>
      <trkpt lat="44.92959" lon="3.2105">
        <ele>943.0</ele>
      </trkpt>
      <trkpt lat="44.92766" lon="3.20985">
        <ele>941.4</ele>
      </trkpt>
      <trkpt lat="44.92562" lon="3.21095">
        <ele>946.5</ele>
      </trkpt>
      <trkpt lat="44.92497" lon="3.21254">
        <ele>952.2</ele>
      </trkpt>
      <trkpt lat="44.92451" lon="3.2144">
        <ele>946.4</ele>
      </trkpt>
      <trkpt lat="44.92371" lon="3.21683">
        <ele>952.3</ele>
      </trkpt>
      <trkpt lat="44.92555" lon="3.22035">
        <ele>954.0</ele>
      </trkpt>
      <trkpt lat="44.92734" lon="3.2225">
        <ele>942.6</ele>
      </trkpt>
      <trkpt lat="44.92756" lon="3.22245">
        <ele>941.3</ele>
      </trkpt>
      <trkpt lat="44.9279" lon="3.22313">
        <ele>932.0</ele>
      </trkpt>
      <trkpt lat="44.92733" lon="3.22418">
        <ele>924.5</ele>
      </trkpt>
      <trkpt lat="44.92486" lon="3.22623">
        <ele>925.5</ele>
      </trkpt>
      <trkpt lat="44.92466" lon="3.2265">
        <ele>922.5</ele>
      </trkpt>
      <trkpt lat="44.92433" lon="3.23134">
        <ele>907.1</ele>
      </trkpt>
      <trkpt lat="44.92433" lon="3.23153">
        <ele>907.3</ele>
      </trkpt>
      <trkpt lat="44.92378" lon="3.23565">
        <ele>920.3</ele>
      </trkpt>
      <trkpt lat="44.92249" lon="3.238">
        <ele>920.2</ele>
      </trkpt>
      <trkpt lat="44.92064" lon="3.23918">
        <ele>906.1</ele>
      </trkpt>
      <trkpt lat="44.91854" lon="3.24051">
        <ele>912.5</ele>
      </trkpt>
      <trkpt lat="44.91796" lon="3.24159">
        <ele>924.5</ele>
      </trkpt>
      <trkpt lat="44.91548" lon="3.24209">
        <ele>953.7</ele>
      </trkpt>
      <trkpt lat="44.91521" lon="3.2423">
        <ele>953.9</ele>
      </trkpt>
      <trkpt lat="44.91223" lon="3.24037">
        <ele>920.9</ele>
      </trkpt>
      <trkpt lat="44.91145" lon="3.24005">
        <ele>933.9</ele>
      </trkpt>
      <trkpt lat="44.90764" lon="3.23987">
        <ele>971.6</ele>
      </trkpt>
      <trkpt lat="44.9066" lon="3.23989">
        <ele>979.3</ele>
      </trkpt>
      <trkpt lat="44.9037" lon="3.242">
        <ele>968.0</ele>
      </trkpt>
      <trkpt lat="44.90337" lon="3.24231">
        <ele>968.9</ele>
      </trkpt>
      <trkpt lat="44.90015" lon="3.24617">
        <ele>995.8</ele>
      </trkpt>
      <trkpt lat="44.89981" lon="3.24666">
        <ele>998.6</ele>
      </trkpt>
      <trkpt lat="44.89839" lon="3.24822">
        <ele>1011.7</ele>
      </trkpt>
      <trkpt lat="44.8969" lon="3.25071">
        <ele>1009.1</ele>
      </trkpt>
      <trkpt lat="44.89557" lon="3.2517">
        <ele>1007.9</ele>
      </trkpt>
      <trkpt lat="44.89309" lon="3.25097">
        <ele>994.5</ele>
      </trkpt>
      <trkpt lat="44.89287" lon="3.25105">
        <ele>992.3</ele>
      </trkpt>
      <trkpt lat="44.89073" lon="3.25133">
        <ele>964.3</ele>
      </trkpt>
      <trkpt lat="44.88932" lon="3.25143">
        <ele>977.3</ele>
      </trkpt>
      <trkpt lat="44.88563" lon="3.25326">
        <ele>1004.1</ele>
      </trkpt>
      <trkpt lat="44.88483" lon="3.2533">
        <ele>1010.1</ele>
      </trkpt>
      <trkpt lat="44.88448" lon="3.2527">
        <ele>1008.9</ele>
      </trkpt>
      <trkpt lat="44.88259" lon="3.25042">
        <ele>1026.5</ele>
      </trkpt>
      <trkpt lat="44.88237" lon="3.25042">
        <ele>1028.8</ele>
      </trkpt>
      <trkpt lat="44.88004" lon="3.25198">
        <ele>1038.1</ele>
      </trkpt>
      <trkpt lat="44.8769" lon="3.2525">
        <ele>1025.5</ele>
      </trkpt>
      <trkpt lat="44.87554" lon="3.25315">
        <ele>1041.2</ele>
      </trkpt>
      <trkpt lat="44.87395" lon="3.25535">
        <ele>1023.6</ele>
      </trkpt>
      <trkpt lat="44.87393" lon="3.25551">
        <ele>1023.4</ele>
      </trkpt>
      <trkpt lat="44.87281" lon="3.25866">
        <ele>1031.5</ele>
      </trkpt>
      <trkpt lat="44.87239" lon="3.25947">
        <ele>1034.9</ele>
      </trkpt>
      <trkpt lat="44.87264" lon="3.26285">
        <ele>1038.0</ele>
      </trkpt>
      <trkpt lat="44.8718" lon="3.2625">
        <ele>1043.5</ele>
      </trkpt>
      <trkpt lat="44.87088" lon="3.26249">
        <ele>1046.9</ele>
      </trkpt>
      <trkpt lat="44.8672" lon="3.26266">
        <ele>1063.5</ele>
      </trkpt>
      <trkpt lat="44.86666" lon="3.2628">
        <ele>1066.0</ele>
      </trkpt>
      <trkpt lat="44.8627" lon="3.26403">
        <ele>1083.4</ele>
      </trkpt>
      <trkpt lat="44.86227" lon="3.26405">
        <ele>1085.6</ele>
      </trkpt>
      <trkpt lat="44.85806" lon="3.26297">
        <ele>1099.6</ele>
      </trkpt>
      <trkpt lat="44.8572" lon="3.26276">
        <ele>1104.1</ele>
      </trkpt>
      <trkpt lat="44.85659" lon="3.26233">
        <ele>1103.2</ele>
      </trkpt>
      <trkpt lat="44.85529" lon="3.26437">
        <ele>1095.3</ele>
      </trkpt>
      <trkpt lat="44.85431" lon="3.26573">
        <ele>1091.7</ele>
      </trkpt>
      <trkpt lat="44.8522" lon="3.26872">
        <ele>1075.2</ele>
      </trkpt>
      <trkpt lat="44.85116" lon="3.2698">
        <ele>1072.2</ele>
      </trkpt>
      <trkpt lat="44.84883" lon="3.2729">
        <ele>1059.4</ele>
      </trkpt>
      <trkpt lat="44.84785" lon="3.2735">
        <ele>1056.1</ele>
      </trkpt>
      <trkpt lat="44.8477" lon="3.27361">
        <ele>1055.7</ele>
      </trkpt>
      <trkpt lat="44.84511" lon="3.27501">
        <ele>1052.0</ele>
      </trkpt>
      <trkpt lat="44.84267" lon="3.2768">
        <ele>1053.8</ele>
      </trkpt>
      <trkpt lat="44.84101" lon="3.27607">
        <ele>1046.6</ele>
      </trkpt>
      <trkpt lat="44.83912" lon="3.27674">
        <ele>1040.5</ele>
      </trkpt>
      <trkpt lat="44.8358" lon="3.27828">
        <ele>1023.4</ele>
      </trkpt>
      <trkpt lat="44.83542" lon="3.27811">
        <ele>1024.4</ele>
      </trkpt>
      <trkpt lat="44.83487" lon="3.27746">
        <ele>1019.0</ele>
      </trkpt>
      <trkpt lat="44.83253" lon="3.28017">
        <ele>1007.8</ele>
      </trkpt>
      <trkpt lat="44.83277" lon="3.2808">
        <ele>1007.1</ele>
      </trkpt>
      <trkpt lat="44.83237" lon="3.28166">
        <ele>1006.0</ele>
      </trkpt>
      <trkpt lat="44.83083" lon="3.27989">
        <ele>1001.4</ele>
      </trkpt>
      <trkpt lat="44.82938" lon="3.28029">
        <ele>999.6</ele>
      </trkpt>
      <trkpt lat="44.82779" lon="3.28212">
        <ele>996.3</ele>
      </trkpt>
      <trkpt lat="44.8252" lon="3.28282">
        <ele>991.0</ele>
      </trkpt>
      <trkpt lat="44.82274" lon="3.28271">
        <ele>982.8</ele>
      </trkpt>
      <trkpt lat="44.81907" lon="3.28284">
        <ele>979.9</ele>
      </trkpt>
      <trkpt lat="44.81891" lon="3.28276">
        <ele>979.1</ele>
      </trkpt>
      <trkpt lat="44.81714" lon="3.28141">
        <ele>986.4</ele>
      </trkpt>
      <trkpt lat="44.81691" lon="3.28135">
        <ele>987.5</ele>
      </trkpt>
      <trkpt lat="44.81276" lon="3.28096">
        <ele>1003.1</ele>
      </trkpt>
      <trkpt lat="44.81223" lon="3.28054">
        <ele>1007.1</ele>
      </trkpt>
      <trkpt lat="44.81137" lon="3.27881">
        <ele>1019.2</ele>
      </trkpt>
      <trkpt lat="44.80913" lon="3.27596">
        <ele>1007.5</ele>
      </trkpt>
      <trkpt lat="44.80903" lon="3.27591">
        <ele>1007.7</ele>
      </trkpt>
      <trkpt lat="44.80655" lon="3.2754">
        <ele>1015.7</ele>
      </trkpt>
      <trkpt lat="44.80528" lon="3.27537">
        <ele>1011.7</ele>
      </trkpt>
      <trkpt lat="44.80099" lon="3.27551">
        <ele>994.0</ele>
      </trkpt>
      <trkpt lat="44.80076" lon="3.27551">
        <ele>992.3</ele>
      </trkpt>
      <trkpt lat="44.80004" lon="3.27554">
        <ele>987.2</ele>
      </trkpt>
      <trkpt lat="44.80088" lon="3.27958">
        <ele>982.0</ele>
      </trkpt>
      <trkpt lat="44.8025" lon="3.28128">
        <ele>975.4</ele>
      </trkpt>
      <trkpt lat="44.80202" lon="3.28349">
        <ele>970.4</ele>
      </trkpt>
      <trkpt lat="44.80104" lon="3.28439">
        <ele>972.1</ele>
      </trkpt>
      <trkpt lat="44.79786" lon="3.28573">
        <ele>970.4</ele>
      </trkpt>
      <trkpt lat="44.79627" lon="3.28719">
        <ele>973.3</ele>
      </trkpt>
      <trkpt lat="44.79326" lon="3.28801">
        <ele>968.9</ele>
      </trkpt>
      <trkpt lat="44.79314" lon="3.28824">
        <ele>969.9</ele>
      </trkpt>
      <trkpt lat="44.79317" lon="3.28853">
        <ele>970.9</ele>
      </trkpt>
      <trkpt lat="44.79296" lon="3.29243">
        <ele>958.3</ele>
      </trkpt>
      <trkpt lat="44.79271" lon="3.29389">
        <ele>962.5</ele>
      </trkpt>
      <trkpt lat="44.79288" lon="3.2988">
        <ele>946.9</ele>
      </trkpt>
      <trkpt lat="44.79288" lon="3.29899">
        <ele>946.4</ele>
      </trkpt>
      <trkpt lat="44.7923" lon="3.30229">
        <ele>945.3</ele>
      </trkpt>
      <trkpt lat="44.79176" lon="3.30363">
        <ele>942.3</ele>
      </trkpt>
      <trkpt lat="44.79153" lon="3.30527">
        <ele>942.0</ele>
      </trkpt>
      <trkpt lat="44.78928" lon="3.30929">
        <ele>933.5</ele>
      </trkpt>
      <trkpt lat="44.78772" lon="3.31163">
        <ele>936.9</ele>
      </trkpt>
      <trkpt lat="44.78697" lon="3.31352">
        <ele>934.2</ele>
      </trkpt>
      <trkpt lat="44.78614" lon="3.31488">
        <ele>934.9</ele>
      </trkpt>
      <trkpt lat="44.78595" lon="3.31512">
        <ele>933.9</ele>
      </trkpt>
      <trkpt lat="44.78629" lon="3.31825">
        <ele>933.7</ele>
      </trkpt>
      <trkpt lat="44.78541" lon="3.3194">
        <ele>931.9</ele>
      </trkpt>
      <trkpt lat="44.78401" lon="3.32166">
        <ele>932.1</ele>
      </trkpt>
      <trkpt lat="44.78223" lon="3.32234">
        <ele>928.6</ele>
      </trkpt>
      <trkpt lat="44.7814" lon="3.32279">
        <ele>928.5</ele>
      </trkpt>
      <trkpt lat="44.77856" lon="3.32517">
        <ele>926.9</ele>
      </trkpt>
      <trkpt lat="44.77772" lon="3.32679">
        <ele>927.7</ele>
      </trkpt>
      <trkpt lat="44.77419" lon="3.32882">
        <ele>921.4</ele>
      </trkpt>
      <trkpt lat="44.77295" lon="3.33289">
        <ele>924.1</ele>
      </trkpt>
      <trkpt lat="44.77277" lon="3.33402">
        <ele>921.3</ele>
      </trkpt>
      <trkpt lat="44.77268" lon="3.33475">
        <ele>923.5</ele>
      </trkpt>
      <trkpt lat="44.77282" lon="3.33715">
        <ele>920.4</ele>
      </trkpt>
      <trkpt lat="44.77436" lon="3.33919">
        <ele>918.5</ele>
      </trkpt>
      <trkpt lat="44.77609" lon="3.34155">
        <ele>919.7</ele>
      </trkpt>
      <trkpt lat="44.77566" lon="3.34274">
        <ele>922.8</ele>
      </trkpt>
      <trkpt lat="44.7744" lon="3.34372">
        <ele>917.5</ele>
      </trkpt>
      <trkpt lat="44.77416" lon="3.34431">
        <ele>917.4</ele>
      </trkpt>
      <trkpt lat="44.77458" lon="3.34612">
        <ele>917.8</ele>
      </trkpt>
      <trkpt lat="44.775" lon="3.34697">
        <ele>916.5</ele>
      </trkpt>
      <trkpt lat="44.77649" lon="3.34772">
        <ele>911.2</ele>
      </trkpt>
      <trkpt lat="44.77661" lon="3.34778">
        <ele>907.6</ele>
      </trkpt>
      <trkpt lat="44.78039" lon="3.34782">
        <ele>916.6</ele>
      </trkpt>
      <trkpt lat="44.7806" lon="3.34819">
        <ele>915.9</ele>
      </trkpt>
      <trkpt lat="44.78037" lon="3.34911">
        <ele>916.4</ele>
      </trkpt>
      <trkpt lat="44.7796" lon="3.35033">
        <ele>919.7</ele>
      </trkpt>
      <trkpt lat="44.77803" lon="3.35556">
        <ele>920.3</ele>
      </trkpt>
      <trkpt lat="44.77758" lon="3.35694">
        <ele>917.9</ele>
      </trkpt>
      <trkpt lat="44.77725" lon="3.36167">
        <ele>918.4</ele>
      </trkpt>
      <trkpt lat="44.77652" lon="3.3639">
        <ele>924.1</ele>
      </trkpt>
      <trkpt lat="44.77581" lon="3.3656">
        <ele>921.3</ele>
      </trkpt>
      <trkpt lat="44.77579" lon="3.36605">
        <ele>922.0</ele>
      </trkpt>
      <trkpt lat="44.77283" lon="3.36513">
        <ele>946.6</ele>
      </trkpt>
      <trkpt lat="44.77227" lon="3.36424">
        <ele>952.2</ele>
      </trkpt>
      <trkpt lat="44.76995" lon="3.36296">
        <ele>977.2</ele>
      </trkpt>
      <trkpt lat="44.76973" lon="3.36294">
        <ele>978.2</ele>
      </trkpt>
      <trkpt lat="44.76604" lon="3.36241">
        <ele>1006.0</ele>
      </trkpt>
      <trkpt lat="44.76582" lon="3.36239">
        <ele>1007.1</ele>
      </trkpt>
      <trkpt lat="44.76263" lon="3.35911">
        <ele>1021.4</ele>
      </trkpt>
      <trkpt lat="44.7612" lon="3.35684">
        <ele>1025.8</ele>
      </trkpt>
      <trkpt lat="44.75981" lon="3.35625">
        <ele>1013.2</ele>
      </trkpt>
      <trkpt lat="44.75957" lon="3.35646">
        <ele>1014.1</ele>
      </trkpt>
      <trkpt lat="44.75562" lon="3.35854">
        <ele>1031.7</ele>
      </trkpt>
      <trkpt lat="44.75414" lon="3.35986">
        <ele>1027.7</ele>
      </trkpt>
      <trkpt lat="44.75254" lon="3.36255">
        <ele>1037.2</ele>
      </trkpt>
      <trkpt lat="44.75137" lon="3.36424">
        <ele>1028.7</ele>
      </trkpt>
      <trkpt lat="44.75101" lon="3.36482">
        <ele>1028.9</ele>
      </trkpt>
      <trkpt lat="44.74982" lon="3.36774">
        <ele>1041.9</ele>
      </trkpt>
      <trkpt lat="44.74934" lon="3.3687">
        <ele>1046.1</ele>
      </trkpt>
      <trkpt lat="44.7486" lon="3.37168">
        <ele>1056.9</ele>
      </trkpt>
      <trkpt lat="44.74857" lon="3.37205">
        <ele>1056.7</ele>
      </trkpt>
      <trkpt lat="44.74918" lon="3.37342">
        <ele>1046.6</ele>
      </trkpt>
      <trkpt lat="44.75062" lon="3.37578">
        <ele>1037.5</ele>
      </trkpt>
      <trkpt lat="44.74924" lon="3.37563">
        <ele>1031.4</ele>
      </trkpt>
      <trkpt lat="44.7483" lon="3.37628">
        <ele>1035.3</ele>
      </trkpt>
      <trkpt lat="44.74635" lon="3.37778">
        <ele>1050.9</ele>
      </trkpt>
      <trkpt lat="44.74524" lon="3.37772">
        <ele>1046.1</ele>
      </trkpt>
      <trkpt lat="44.74535" lon="3.37824">
        <ele>1043.5</ele>
      </trkpt>
      <trkpt lat="44.74381" lon="3.38351">
        <ele>1023.4</ele>
      </trkpt>
      <trkpt lat="44.74349" lon="3.38443">
        <ele>1021.9</ele>
      </trkpt>
      <trkpt lat="44.74337" lon="3.38488">
        <ele>1018.0</ele>
      </trkpt>
      <trkpt lat="44.74158" lon="3.38858">
        <ele>1018.9</ele>
      </trkpt>
      <trkpt lat="44.74184" lon="3.38893">
        <ele>1021.8</ele>
      </trkpt>
      <trkpt lat="44.74315" lon="3.39282">
        <ele>1040.8</ele>
      </trkpt>
      <trkpt lat="44.74257" lon="3.3941">
        <ele>1044.4</ele>
      </trkpt>
      <trkpt lat="44.74051" lon="3.39781">
        <ele>1056.1</ele>
      </trkpt>
      <trkpt lat="44.74088" lon="3.40057">
        <ele>1061.5</ele>
      </trkpt>
      <trkpt lat="44.7428" lon="3.40418">
        <ele>1072.0</ele>
      </trkpt>
      <trkpt lat="44.74317" lon="3.40513">
        <ele>1074.2</ele>
      </trkpt>
      <trkpt lat="44.74551" lon="3.40911">
        <ele>1086.7</ele>
      </trkpt>
      <trkpt lat="44.74625" lon="3.4113">
        <ele>1082.0</ele>
      </trkpt>
      <trkpt lat="44.74629" lon="3.41133">
        <ele>1082.0</ele>
      </trkpt>
      <trkpt lat="44.74538" lon="3.41332">
        <ele>1091.9</ele>
      </trkpt>
      <trkpt lat="44.74466" lon="3.4157">
        <ele>1088.3</ele>
      </trkpt>
      <trkpt lat="44.74419" lon="3.41698">
        <ele>1086.1</ele>
      </trkpt>
      <trkpt lat="44.74438" lon="3.42058">
        <ele>1078.6</ele>
      </trkpt>
      <trkpt lat="44.74433" lon="3.42115">
        <ele>1080.8</ele>
      </trkpt>
      <trkpt lat="44.74439" lon="3.42627">
        <ele>1086.6</ele>
      </trkpt>
      <trkpt lat="44.74426" lon="3.4265">
        <ele>1087.3</ele>
      </trkpt>
      <trkpt lat="44.74339" lon="3.43178">
        <ele>1112.4</ele>
      </trkpt>
      <trkpt lat="44.74335" lon="3.43218">
        <ele>1114.5</ele>
      </trkpt>
      <trkpt lat="44.74318" lon="3.4338">
        <ele>1121.6</ele>
      </trkpt>
      <trkpt lat="44.74159" lon="3.43615">
        <ele>1136.1</ele>
      </trkpt>
      <trkpt lat="44.7415" lon="3.436">
        <ele>1136.4</ele>
      </trkpt>
      <trkpt lat="44.74081" lon="3.43501">
        <ele>1137.9</ele>
      </trkpt>
      <trkpt lat="44.73895" lon="3.43132">
        <ele>1144.9</ele>
      </trkpt>
      <trkpt lat="44.73822" lon="3.43012">
        <ele>1138.2</ele>
      </trkpt>
      <trkpt lat="44.73666" lon="3.42614">
        <ele>1128.9</ele>
      </trkpt>
      <trkpt lat="44.73612" lon="3.42635">
        <ele>1127.3</ele>
      </trkpt>
      <trkpt lat="44.7359" lon="3.42654">
        <ele>1127.5</ele>
      </trkpt>
      <trkpt lat="44.73217" lon="3.42848">
        <ele>1100.7</ele>
      </trkpt>
      <trkpt lat="44.73175" lon="3.4287">
        <ele>1095.9</ele>
      </trkpt>
      <trkpt lat="44.72851" lon="3.43051">
        <ele>1064.6</ele>
      </trkpt>
      <trkpt lat="44.72776" lon="3.43126">
        <ele>1061.9</ele>
      </trkpt>
      <trkpt lat="44.72438" lon="3.43316">
        <ele>1052.6</ele>
      </trkpt>
      <trkpt lat="44.72316" lon="3.43412">
        <ele>1052.3</ele>
      </trkpt>
      <trkpt lat="44.72277" lon="3.43573">
        <ele>1055.0</ele>
      </trkpt>
      <trkpt lat="44.72167" lon="3.43543">
        <ele>1058.6</ele>
      </trkpt>
      <trkpt lat="44.72105" lon="3.43291">
        <ele>1055.4</ele>
      </trkpt>
      <trkpt lat="44.71806" lon="3.43439">
        <ele>1076.4</ele>
      </trkpt>
      <trkpt lat="44.71751" lon="3.43471">
        <ele>1078.9</ele>
      </trkpt>
      <trkpt lat="44.7146" lon="3.43448">
        <ele>1056.6</ele>
      </trkpt>
      <trkpt lat="44.71428" lon="3.43341">
        <ele>1053.9</ele>
      </trkpt>
      <trkpt lat="44.71403" lon="3.43285">
        <ele>1050.1</ele>
      </trkpt>
      <trkpt lat="44.71347" lon="3.43085">
        <ele>1066.5</ele>
      </trkpt>
      <trkpt lat="44.71228" lon="3.43183">
        <ele>1067.0</ele>
      </trkpt>
      <trkpt lat="44.71147" lon="3.43224">
        <ele>1066.5</ele>
      </trkpt>
      <trkpt lat="44.7095" lon="3.434">
        <ele>1074.6</ele>
      </trkpt>
      <trkpt lat="44.70914" lon="3.43459">
        <ele>1076.0</ele>
      </trkpt>
      <trkpt lat="44.71098" lon="3.43692">
        <ele>1072.2</ele>
      </trkpt>
      <trkpt lat="44.71206" lon="3.44051">
        <ele>1086.8</ele>
      </trkpt>
      <trkpt lat="44.71249" lon="3.44101">
        <ele>1089.9</ele>
      </trkpt>
      <trkpt lat="44.71285" lon="3.44193">
        <ele>1096.4</ele>
      </trkpt>
      <trkpt lat="44.70954" lon="3.4441">
        <ele>1092.7</ele>
      </trkpt>
      <trkpt lat="44.70662" lon="3.44561">
        <ele>1083.3</ele>
      </trkpt>
      <trkpt lat="44.70583" lon="3.44655">
        <ele>1089.8</ele>
      </trkpt>
      <trkpt lat="44.7044" lon="3.44829">
        <ele>1100.3</ele>
      </trkpt>
      <trkpt lat="44.70445" lon="3.45051">
        <ele>1108.4</ele>
      </trkpt>
      <trkpt lat="44.70422" lon="3.45086">
        <ele>1108.7</ele>
      </trkpt>
      <trkpt lat="44.7055" lon="3.45374">
        <ele>1121.3</ele>
      </trkpt>
      <trkpt lat="44.70406" lon="3.45406">
        <ele>1134.4</ele>
      </trkpt>
      <trkpt lat="44.70399" lon="3.45439">
        <ele>1137.8</ele>
      </trkpt>
      <trkpt lat="44.70202" lon="3.45869">
        <ele>1172.8</ele>
      </trkpt>
      <trkpt lat="44.7019" lon="3.45915">
        <ele>1175.6</ele>
      </trkpt>
      <trkpt lat="44.69968" lon="3.46279">
        <ele>1199.1</ele>
      </trkpt>
      <trkpt lat="44.69894" lon="3.4629">
        <ele>1201.3</ele>
      </trkpt>
      <trkpt lat="44.69876" lon="3.46326">
        <ele>1204.6</ele>
      </trkpt>
      <trkpt lat="44.69484" lon="3.46206">
        <ele>1180.9</ele>
      </trkpt>
      <trkpt lat="44.69473" lon="3.46204">
        <ele>1179.4</ele>
      </trkpt>
      <trkpt lat="44.69171" lon="3.46263">
        <ele>1141.3</ele>
      </trkpt>
      <trkpt lat="44.69208" lon="3.46378">
        <ele>1138.1</ele>
      </trkpt>
      <trkpt lat="44.69195" lon="3.46438">
        <ele>1142.4</ele>
      </trkpt>
      <trkpt lat="44.68994" lon="3.46923">
        <ele>1163.3</ele>
      </trkpt>
      <trkpt lat="44.68974" lon="3.47007">
        <ele>1166.3</ele>
      </trkpt>
      <trkpt lat="44.68751" lon="3.47363">
        <ele>1185.4</ele>
      </trkpt>
      <trkpt lat="44.68732" lon="3.47383">
        <ele>1185.3</ele>
      </trkpt>
      <trkpt lat="44.68673" lon="3.47708">
        <ele>1191.6</ele>
      </trkpt>
      <trkpt lat="44.68687" lon="3.4782">
        <ele>1199.9</ele>
      </trkpt>
      <trkpt lat="44.68889" lon="3.48191">
        <ele>1204.9</ele>
      </trkpt>
      <trkpt lat="44.69019" lon="3.48432">
        <ele>1207.4</ele>
      </trkpt>
      <trkpt lat="44.69022" lon="3.4864">
        <ele>1207.7</ele>
      </trkpt>
      <trkpt lat="44.6903" lon="3.48966">
        <ele>1208.7</ele>
      </trkpt>
      <trkpt lat="44.6909" lon="3.49056">
        <ele>1212.1</ele>
      </trkpt>
      <trkpt lat="44.69251" lon="3.49168">
        <ele>1211.1</ele>
      </trkpt>
      <trkpt lat="44.69436" lon="3.49318">
        <ele>1213.6</ele>
      </trkpt>
      <trkpt lat="44.69506" lon="3.49494">
        <ele>1215.0</ele>
      </trkpt>
      <trkpt lat="44.69683" lon="3.49745">
        <ele>1219.1</ele>
      </trkpt>
      <trkpt lat="44.69667" lon="3.49738">
        <ele>1220.2</ele>
      </trkpt>
      <trkpt lat="44.69514" lon="3.49691">
        <ele>1225.6</ele>
      </trkpt>
      <trkpt lat="44.69254" lon="3.49344">
        <ele>1241.9</ele>
      </trkpt>
      <trkpt lat="44.69221" lon="3.49345">
        <ele>1242.7</ele>
      </trkpt>
      <trkpt lat="44.68856" lon="3.49463">
        <ele>1261.9</ele>
      </trkpt>
      <trkpt lat="44.68832" lon="3.49431">
        <ele>1263.2</ele>
      </trkpt>
      <trkpt lat="44.68523" lon="3.49395">
        <ele>1277.3</ele>
      </trkpt>
      <trkpt lat="44.68379" lon="3.49451">
        <ele>1283.7</ele>
      </trkpt>
      <trkpt lat="44.68024" lon="3.49537">
        <ele>1267.6</ele>
      </trkpt>
      <trkpt lat="44.67992" lon="3.49547">
        <ele>1265.5</ele>
      </trkpt>
      <trkpt lat="44.67738" lon="3.4969">
        <ele>1248.6</ele>
      </trkpt>
      <trkpt lat="44.67613" lon="3.49608">
        <ele>1240.7</ele>
      </trkpt>
      <trkpt lat="44.67559" lon="3.49552">
        <ele>1237.0</ele>
      </trkpt>
      <trkpt lat="44.6726" lon="3.49332">
        <ele>1215.6</ele>
      </trkpt>
      <trkpt lat="44.6719" lon="3.49315">
        <ele>1211.9</ele>
      </trkpt>
      <trkpt lat="44.66883" lon="3.49078">
        <ele>1189.5</ele>
      </trkpt>
      <trkpt lat="44.66876" lon="3.49112">
        <ele>1188.5</ele>
      </trkpt>
      <trkpt lat="44.66895" lon="3.49172">
        <ele>1192.8</ele>
      </trkpt>
      <trkpt lat="44.66926" lon="3.49754">
        <ele>1209.3</ele>
      </trkpt>
      <trkpt lat="44.66945" lon="3.49857">
        <ele>1211.6</ele>
      </trkpt>
      <trkpt lat="44.66954" lon="3.50024">
        <ele>1215.2</ele>
      </trkpt>
      <trkpt lat="44.66823" lon="3.50305">
        <ele>1219.5</ele>
      </trkpt>
      <trkpt lat="44.66659" lon="3.50442">
        <ele>1221.2</ele>
      </trkpt>
      <trkpt lat="44.6658" lon="3.50735">
        <ele>1230.3</ele>
      </trkpt>
      <trkpt lat="44.66547" lon="3.5076">
        <ele>1231.1</ele>
      </trkpt>
      <trkpt lat="44.66522" lon="3.50802">
        <ele>1232.5</ele>
      </trkpt>
      <trkpt lat="44.66597" lon="3.51298">
        <ele>1255.3</ele>
      </trkpt>
      <trkpt lat="44.66627" lon="3.51358">
        <ele>1258.0</ele>
      </trkpt>
      <trkpt lat="44.66886" lon="3.51663">
        <ele>1284.3</ele>
      </trkpt>
      <trkpt lat="44.66966" lon="3.51744">
        <ele>1291.6</ele>
      </trkpt>
      <trkpt lat="44.67061" lon="3.52184">
        <ele>1324.2</ele>
      </trkpt>
      <trkpt lat="44.67099" lon="3.52221">
        <ele>1327.3</ele>
      </trkpt>
      <trkpt lat="44.67149" lon="3.52493">
        <ele>1342.8</ele>
      </trkpt>
      <trkpt lat="44.67033" lon="3.52671">
        <ele>1357.7</ele>
      </trkpt>
      <trkpt lat="44.66999" lon="3.52781">
        <ele>1364.2</ele>
      </trkpt>
      <trkpt lat="44.66752" lon="3.53172">
        <ele>1393.6</ele>
      </trkpt>
      <trkpt lat="44.66746" lon="3.53236">
        <ele>1397.8</ele>
      </trkpt>
      <trkpt lat="44.66746" lon="3.53825">
        <ele>1432.0</ele>
      </trkpt>
      <trkpt lat="44.66748" lon="3.53911">
        <ele>1437.4</ele>
      </trkpt>
      <trkpt lat="44.66795" lon="3.54296">
        <ele>1453.4</ele>
      </trkpt>
      <trkpt lat="44.66754" lon="3.54701">
        <ele>1444.1</ele>
      </trkpt>
      <trkpt lat="44.66665" lon="3.54801">
        <ele>1456.9</ele>
      </trkpt>
      <trkpt lat="44.66648" lon="3.54774">
        <ele>1457.6</ele>
      </trkpt>
      <trkpt lat="44.66388" lon="3.55147">
        <ele>1483.2</ele>
      </trkpt>
      <trkpt lat="44.66378" lon="3.5517">
        <ele>1482.4</ele>
      </trkpt>
      <trkpt lat="44.66375" lon="3.552">
        <ele>1481.9</ele>
      </trkpt>
      <trkpt lat="44.66469" lon="3.55788">
        <ele>1478.5</ele>
      </trkpt>
      <trkpt lat="44.66464" lon="3.55845">
        <ele>1477.8</ele>
      </trkpt>
      <trkpt lat="44.66421" lon="3.56064">
        <ele>1474.2</ele>
      </trkpt>
      <trkpt lat="44.66601" lon="3.5616">
        <ele>1458.7</ele>
      </trkpt>
      <trkpt lat="44.66621" lon="3.56373">
        <ele>1449.9</ele>
      </trkpt>
      <trkpt lat="44.66621" lon="3.56385">
        <ele>1449.2</ele>
      </trkpt>
      <trkpt lat="44.66527" lon="3.56494">
        <ele>1441.4</ele>
      </trkpt>
      <trkpt lat="44.66326" lon="3.56616">
        <ele>1426.5</ele>
      </trkpt>
      <trkpt lat="44.66263" lon="3.56641">
        <ele>1421.7</ele>
      </trkpt>
      <trkpt lat="44.66071" lon="3.56489">
        <ele>1412.2</ele>
      </trkpt>
      <trkpt lat="44.66138" lon="3.56645">
        <ele>1403.2</ele>
      </trkpt>
      <trkpt lat="44.66047" lon="3.5666">
        <ele>1398.8</ele>
      </trkpt>
      <trkpt lat="44.65865" lon="3.57002">
        <ele>1418.1</ele>
      </trkpt>
      <trkpt lat="44.65771" lon="3.57254">
        <ele>1419.8</ele>
      </trkpt>
      <trkpt lat="44.65742" lon="3.57604">
        <ele>1411.6</ele>
      </trkpt>
      <trkpt lat="44.65644" lon="3.57553">
        <ele>1411.4</ele>
      </trkpt>
      <trkpt lat="44.65312" lon="3.57408">
        <ele>1396.3</ele>
      </trkpt>
      <trkpt lat="44.65113" lon="3.57405">
        <ele>1389.5</ele>
      </trkpt>
      <trkpt lat="44.65001" lon="3.5741">
        <ele>1386.0</ele>
      </trkpt>
      <trkpt lat="44.64827" lon="3.57467">
        <ele>1381.1</ele>
      </trkpt>
      <trkpt lat="44.64411" lon="3.57591">
        <ele>1372.3</ele>
      </trkpt>
      <trkpt lat="44.64326" lon="3.57632">
        <ele>1371.9</ele>
      </trkpt>
      <trkpt lat="44.64011" lon="3.57598">
        <ele>1360.9</ele>
      </trkpt>
      <trkpt lat="44.6394" lon="3.57717">
        <ele>1362.8</ele>
      </trkpt>
      <trkpt lat="44.6378" lon="3.57523">
        <ele>1359.0</ele>
      </trkpt>
      <trkpt lat="44.63604" lon="3.57243">
        <ele>1350.6</ele>
      </trkpt>
      <trkpt lat="44.63344" lon="3.56961">
        <ele>1340.9</ele>
      </trkpt>
      <trkpt lat="44.63375" lon="3.56707">
        <ele>1331.0</ele>
      </trkpt>
      <trkpt lat="44.63247" lon="3.56467">
        <ele>1336.2</ele>
      </trkpt>
      <trkpt lat="44.63234" lon="3.56405">
        <ele>1338.8</ele>
      </trkpt>
      <trkpt lat="44.63246" lon="3.56232">
        <ele>1347.8</ele>
      </trkpt>
      <trkpt lat="44.63199" lon="3.5615">
        <ele>1347.2</ele>
      </trkpt>
      <trkpt lat="44.62934" lon="3.56062">
        <ele>1338.5</ele>
      </trkpt>
      <trkpt lat="44.62559" lon="3.56127">
        <ele>1325.5</ele>
      </trkpt>
      <trkpt lat="44.62488" lon="3.56119">
        <ele>1321.9</ele>
      </trkpt>
      <trkpt lat="44.62153" lon="3.56045">
        <ele>1339.5</ele>
      </trkpt>
      <trkpt lat="44.62069" lon="3.56073">
        <ele>1344.2</ele>
      </trkpt>
      <trkpt lat="44.61888" lon="3.56115">
        <ele>1355.3</ele>
      </trkpt>
      <trkpt lat="44.61792" lon="3.55981">
        <ele>1362.9</ele>
      </trkpt>
      <trkpt lat="44.61739" lon="3.5579">
        <ele>1370.6</ele>
      </trkpt>
      <trkpt lat="44.61683" lon="3.55584">
        <ele>1375.0</ele>
      </trkpt>
      <trkpt lat="44.61563" lon="3.55564">
        <ele>1376.7</ele>
      </trkpt>
      <trkpt lat="44.61411" lon="3.55553">
        <ele>1376.8</ele>
      </trkpt>
      <trkpt lat="44.61384" lon="3.55545">
        <ele>1376.4</ele>
      </trkpt>
      <trkpt lat="44.61474" lon="3.55159">
        <ele>1365.7</ele>
      </trkpt>
      <trkpt lat="44.61492" lon="3.55025">
        <ele>1362.1</ele>
      </trkpt>
      <trkpt lat="44.61576" lon="3.54599">
        <ele>1349.8</ele>
      </trkpt>
      <trkpt lat="44.61607" lon="3.54533">
        <ele>1347.1</ele>
      </trkpt>
      <trkpt lat="44.61781" lon="3.54273">
        <ele>1323.4</ele>
      </trkpt>
      <trkpt lat="44.61728" lon="3.54153">
        <ele>1314.3</ele>
      </trkpt>
      <trkpt lat="44.61663" lon="3.54032">
        <ele>1307.8</ele>
      </trkpt>
      <trkpt lat="44.61583" lon="3.5377">
        <ele>1314.2</ele>
      </trkpt>
      <trkpt lat="44.61503" lon="3.53528">
        <ele>1310.1</ele>
      </trkpt>
      <trkpt lat="44.61374" lon="3.53151">
        <ele>1289.1</ele>
      </trkpt>
      <trkpt lat="44.61346" lon="3.53131">
        <ele>1287.9</ele>
      </trkpt>
      <trkpt lat="44.6124" lon="3.53146">
        <ele>1293.5</ele>
      </trkpt>
      <trkpt lat="44.60977" lon="3.52886">
        <ele>1306.8</ele>
      </trkpt>
      <trkpt lat="44.60906" lon="3.52774">
        <ele>1298.4</ele>
      </trkpt>
      <trkpt lat="44.60579" lon="3.52374">
        <ele>1283.4</ele>
      </trkpt>
      <trkpt lat="44.60438" lon="3.52233">
        <ele>1291.5</ele>
      </trkpt>
      <trkpt lat="44.60232" lon="3.52022">
        <ele>1286.7</ele>
      </trkpt>
      <trkpt lat="44.60222" lon="3.51983">
        <ele>1287.0</ele>
      </trkpt>
      <trkpt lat="44.60135" lon="3.51673">
        <ele>1281.2</ele>
      </trkpt>
      <trkpt lat="44.60097" lon="3.51297">
        <ele>1278.6</ele>
      </trkpt>
      <trkpt lat="44.6011" lon="3.50995">
        <ele>1286.0</ele>
      </trkpt>
      <trkpt lat="44.60164" lon="3.50774">
        <ele>1286.1</ele>
      </trkpt>
      <trkpt lat="44.60207" lon="3.50448">
        <ele>1279.6</ele>
      </trkpt>
      <trkpt lat="44.60191" lon="3.50354">
        <ele>1277.7</ele>
      </trkpt>
      <trkpt lat="44.60073" lon="3.50118">
        <ele>1273.3</ele>
      </trkpt>
      <trkpt lat="44.60009" lon="3.49872">
        <ele>1262.4</ele>
      </trkpt>
      <trkpt lat="44.60067" lon="3.49657">
        <ele>1256.3</ele>
      </trkpt>
      <trkpt lat="44.60148" lon="3.49425">
        <ele>1257.1</ele>
      </trkpt>
      <trkpt lat="44.60015" lon="3.49133">
        <ele>1249.0</ele>
      </trkpt>
      <trkpt lat="44.59949" lon="3.49038">
        <ele>1242.4</ele>
      </trkpt>
      <trkpt lat="44.60068" lon="3.48904">
        <ele>1233.1</ele>
      </trkpt>
      <trkpt lat="44.60221" lon="3.48701">
        <ele>1235.9</ele>
      </trkpt>
      <trkpt lat="44.60226" lon="3.48577">
        <ele>1233.6</ele>
      </trkpt>
      <trkpt lat="44.60061" lon="3.48654">
        <ele>1214.3</ele>
      </trkpt>
      <trkpt lat="44.59838" lon="3.48681">
        <ele>1231.4</ele>
      </trkpt>
      <trkpt lat="44.5975" lon="3.48698">
        <ele>1228.0</ele>
      </trkpt>
      <trkpt lat="44.59563" lon="3.48568">
        <ele>1221.7</ele>
      </trkpt>
      <trkpt lat="44.59301" lon="3.48458">
        <ele>1218.1</ele>
      </trkpt>
      <trkpt lat="44.59162" lon="3.48373">
        <ele>1216.4</ele>
      </trkpt>
      <trkpt lat="44.5909" lon="3.48317">
        <ele>1214.9</ele>
      </trkpt>
      <trkpt lat="44.59" lon="3.48195">
        <ele>1217.0</ele>
      </trkpt>
      <trkpt lat="44.58777" lon="3.47921">
        <ele>1200.0</ele>
      </trkpt>
      <trkpt lat="44.58715" lon="3.47792">
        <ele>1198.8</ele>
      </trkpt>
      <trkpt lat="44.58703" lon="3.47595">
        <ele>1196.4</ele>
      </trkpt>
      <trkpt lat="44.58605" lon="3.47835">
        <ele>1176.2</ele>
      </trkpt>
      <trkpt lat="44.58591" lon="3.47842">
        <ele>1174.9</ele>
      </trkpt>
      <trkpt lat="44.58405" lon="3.48266">
        <ele>1138.6</ele>
      </trkpt>
      <trkpt lat="44.58383" lon="3.4822">
        <ele>1134.9</ele>
      </trkpt>
      <trkpt lat="44.58362" lon="3.48122">
        <ele>1132.3</ele>
      </trkpt>
      <trkpt lat="44.58231" lon="3.48189">
        <ele>1145.6</ele>
      </trkpt>
      <trkpt lat="44.5781" lon="3.48116">
        <ele>1146.1</ele>
      </trkpt>
      <trkpt lat="44.57669" lon="3.48147">
        <ele>1138.2</ele>
      </trkpt>
      <trkpt lat="44.57471" lon="3.48151">
        <ele>1140.5</ele>
      </trkpt>
      <trkpt lat="44.57202" lon="3.48093">
        <ele>1124.0</ele>
      </trkpt>
      <trkpt lat="44.57182" lon="3.48069">
        <ele>1120.2</ele>
      </trkpt>
      <trkpt lat="44.57175" lon="3.48042">
        <ele>1117.8</ele>
      </trkpt>
      <trkpt lat="44.57077" lon="3.47755">
        <ele>1110.3</ele>
      </trkpt>
      <trkpt lat="44.56921" lon="3.47933">
        <ele>1098.2</ele>
      </trkpt>
      <trkpt lat="44.56901" lon="3.47937">
        <ele>1097.0</ele>
      </trkpt>
      <trkpt lat="44.56585" lon="3.47666">
        <ele>1072.6</ele>
      </trkpt>
      <trkpt lat="44.56559" lon="3.47664">
        <ele>1071.2</ele>
      </trkpt>
      <trkpt lat="44.56206" lon="3.47972">
        <ele>1045.4</ele>
      </trkpt>
      <trkpt lat="44.56191" lon="3.47967">
        <ele>1045.4</ele>
      </trkpt>
      <trkpt lat="44.56061" lon="3.47879">
        <ele>1034.7</ele>
      </trkpt>
      <trkpt lat="44.56199" lon="3.48195">
        <ele>1008.9</ele>
      </trkpt>
      <trkpt lat="44.56196" lon="3.482">
        <ele>1007.6</ele>
      </trkpt>
      <trkpt lat="44.56182" lon="3.48206">
        <ele>1006.5</ele>
      </trkpt>
      <trkpt lat="44.55853" lon="3.48385">
        <ele>977.1</ele>
      </trkpt>
      <trkpt lat="44.5583" lon="3.48325">
        <ele>972.1</ele>
      </trkpt>
      <trkpt lat="44.55837" lon="3.483">
        <ele>970.0</ele>
      </trkpt>
      <trkpt lat="44.55867" lon="3.48018">
        <ele>951.7</ele>
      </trkpt>
      <trkpt lat="44.55746" lon="3.48115">
        <ele>927.0</ele>
      </trkpt>
      <trkpt lat="44.55666" lon="3.48144">
        <ele>926.1</ele>
      </trkpt>
      <trkpt lat="44.5549" lon="3.48166">
        <ele>917.0</ele>
      </trkpt>
      <trkpt lat="44.55247" lon="3.48068">
        <ele>892.7</ele>
      </trkpt>
      <trkpt lat="44.55183" lon="3.48033">
        <ele>884.3</ele>
      </trkpt>
      <trkpt lat="44.54849" lon="3.47847">
        <ele>848.4</ele>
      </trkpt>
      <trkpt lat="44.54756" lon="3.47784">
        <ele>841.0</ele>
      </trkpt>
      <trkpt lat="44.54749" lon="3.4778">
        <ele>839.8</ele>
      </trkpt>
      <trkpt lat="44.54836" lon="3.47552">
        <ele>823.0</ele>
      </trkpt>
      <trkpt lat="44.54832" lon="3.47545">
        <ele>823.9</ele>
      </trkpt>
      <trkpt lat="44.54659" lon="3.47688">
        <ele>825.9</ele>
      </trkpt>
      <trkpt lat="44.5459" lon="3.47793">
        <ele>817.0</ele>
      </trkpt>
      <trkpt lat="44.54499" lon="3.47526">
        <ele>802.9</ele>
      </trkpt>
      <trkpt lat="44.54455" lon="3.47463">
        <ele>797.0</ele>
      </trkpt>
      <trkpt lat="44.54395" lon="3.47401">
        <ele>793.7</ele>
      </trkpt>
      <trkpt lat="44.5414" lon="3.47381">
        <ele>775.0</ele>
      </trkpt>
      <trkpt lat="44.54051" lon="3.47334">
        <ele>774.3</ele>
      </trkpt>
      <trkpt lat="44.53861" lon="3.47291">
        <ele>769.3</ele>
      </trkpt>
      <trkpt lat="44.53652" lon="3.47333">
        <ele>762.4</ele>
      </trkpt>
      <trkpt lat="44.53513" lon="3.47405">
        <ele>760.1</ele>
      </trkpt>
      <trkpt lat="44.53408" lon="3.47538">
        <ele>766.9</ele>
      </trkpt>
      <trkpt lat="44.53187" lon="3.4755">
        <ele>758.8</ele>
      </trkpt>
      <trkpt lat="44.53136" lon="3.47593">
        <ele>755.1</ele>
      </trkpt>
      <trkpt lat="44.53045" lon="3.47835">
        <ele>747.7</ele>
      </trkpt>
      <trkpt lat="44.52963" lon="3.48038">
        <ele>750.8</ele>
      </trkpt>
      <trkpt lat="44.52925" lon="3.48106">
        <ele>747.8</ele>
      </trkpt>
      <trkpt lat="44.52617" lon="3.48332">
        <ele>731.9</ele>
      </trkpt>
      <trkpt lat="44.52556" lon="3.48426">
        <ele>732.2</ele>
      </trkpt>
      <trkpt lat="44.52384" lon="3.48541">
        <ele>737.1</ele>
      </trkpt>
      <trkpt lat="44.52279" lon="3.48741">
        <ele>734.9</ele>
      </trkpt>
      <trkpt lat="44.52031" lon="3.48925">
        <ele>725.5</ele>
      </trkpt>
      <trkpt lat="44.52034" lon="3.49153">
        <ele>727.8</ele>
      </trkpt>
      <trkpt lat="44.52106" lon="3.49478">
        <ele>712.9</ele>
      </trkpt>
      <trkpt lat="44.52179" lon="3.49759">
        <ele>716.6</ele>
      </trkpt>
      <trkpt lat="44.52158" lon="3.49755">
        <ele>711.7</ele>
      </trkpt>
      <trkpt lat="44.51825" lon="3.49824">
        <ele>731.3</ele>
      </trkpt>
      <trkpt lat="44.51731" lon="3.49717">
        <ele>729.7</ele>
      </trkpt>
      <trkpt lat="44.5173" lon="3.49711">
        <ele>729.7</ele>
      </trkpt>
      <trkpt lat="44.51575" lon="3.4995">
        <ele>745.8</ele>
      </trkpt>
      <trkpt lat="44.51515" lon="3.49978">
        <ele>752.4</ele>
      </trkpt>
      <trkpt lat="44.51227" lon="3.50278">
        <ele>781.9</ele>
      </trkpt>
      <trkpt lat="44.51217" lon="3.50287">
        <ele>782.8</ele>
      </trkpt>
      <trkpt lat="44.50993" lon="3.50394">
        <ele>834.2</ele>
      </trkpt>
      <trkpt lat="44.50945" lon="3.50393">
        <ele>843.1</ele>
      </trkpt>
      <trkpt lat="44.50889" lon="3.50381">
        <ele>849.3</ele>
      </trkpt>
      <trkpt lat="44.51151" lon="3.50656">
        <ele>896.9</ele>
      </trkpt>
      <trkpt lat="44.51177" lon="3.50681">
        <ele>901.0</ele>
      </trkpt>
      <trkpt lat="44.51184" lon="3.50698">
        <ele>903.0</ele>
      </trkpt>
      <trkpt lat="44.51077" lon="3.51165">
        <ele>960.3</ele>
      </trkpt>
      <trkpt lat="44.51096" lon="3.51263">
        <ele>966.8</ele>
      </trkpt>
      <trkpt lat="44.51163" lon="3.51846">
        <ele>1024.8</ele>
      </trkpt>
      <trkpt lat="44.51161" lon="3.51862">
        <ele>1027.0</ele>
      </trkpt>
      <trkpt lat="44.51072" lon="3.52078">
        <ele>1043.2</ele>
      </trkpt>
      <trkpt lat="44.50943" lon="3.51786">
        <ele>1048.4</ele>
      </trkpt>
      <trkpt lat="44.50934" lon="3.5176">
        <ele>1049.9</ele>
      </trkpt>
      <trkpt lat="44.50838" lon="3.51425">
        <ele>1060.7</ele>
      </trkpt>
      <trkpt lat="44.50804" lon="3.51066">
        <ele>1047.7</ele>
      </trkpt>
      <trkpt lat="44.50793" lon="3.51067">
        <ele>1047.9</ele>
      </trkpt>
      <trkpt lat="44.50483" lon="3.51157">
        <ele>1041.7</ele>
      </trkpt>
      <trkpt lat="44.50449" lon="3.51175">
        <ele>1041.2</ele>
      </trkpt>
      <trkpt lat="44.50323" lon="3.51338">
        <ele>1042.8</ele>
      </trkpt>
      <trkpt lat="44.50149" lon="3.5158">
        <ele>1027.8</ele>
      </trkpt>
      <trkpt lat="44.50133" lon="3.51611">
        <ele>1028.4</ele>
      </trkpt>
      <trkpt lat="44.49927" lon="3.52066">
        <ele>1033.4</ele>
      </trkpt>
      <trkpt lat="44.49893" lon="3.52133">
        <ele>1034.8</ele>
      </trkpt>
      <trkpt lat="44.49653" lon="3.52508">
        <ele>1043.0</ele>
      </trkpt>
      <trkpt lat="44.49596" lon="3.52608">
        <ele>1033.2</ele>
      </trkpt>
      <trkpt lat="44.495" lon="3.52663">
        <ele>1021.8</ele>
      </trkpt>
      <trkpt lat="44.49562" lon="3.52933">
        <ele>1002.2</ele>
      </trkpt>
      <trkpt lat="44.49489" lon="3.5285">
        <ele>988.1</ele>
      </trkpt>
      <trkpt lat="44.49465" lon="3.52833">
        <ele>984.1</ele>
      </trkpt>
      <trkpt lat="44.49263" lon="3.52772">
        <ele>925.0</ele>
      </trkpt>
      <trkpt lat="44.49236" lon="3.52788">
        <ele>921.4</ele>
      </trkpt>
      <trkpt lat="44.48869" lon="3.52905">
        <ele>853.3</ele>
      </trkpt>
      <trkpt lat="44.48848" lon="3.52939">
        <ele>849.3</ele>
      </trkpt>
      <trkpt lat="44.48611" lon="3.53377">
        <ele>799.7</ele>
      </trkpt>
      <trkpt lat="44.48506" lon="3.53516">
        <ele>781.5</ele>
      </trkpt>
      <trkpt lat="44.48366" lon="3.53767">
        <ele>755.5</ele>
      </trkpt>
      <trkpt lat="44.48394" lon="3.54366">
        <ele>766.5</ele>
      </trkpt>
      <trkpt lat="44.48379" lon="3.54418">
        <ele>765.0</ele>
      </trkpt>
      <trkpt lat="44.48327" lon="3.54422">
        <ele>761.3</ele>
      </trkpt>
      <trkpt lat="44.48289" lon="3.5441">
        <ele>760.7</ele>
      </trkpt>
      <trkpt lat="44.48072" lon="3.54368">
        <ele>786.2</ele>
      </trkpt>
      <trkpt lat="44.47926" lon="3.54504">
        <ele>811.1</ele>
      </trkpt>
      <trkpt lat="44.47896" lon="3.5455">
        <ele>818.1</ele>
      </trkpt>
      <trkpt lat="44.47613" lon="3.54827">
        <ele>857.5</ele>
      </trkpt>
      <trkpt lat="44.47535" lon="3.54901">
        <ele>865.1</ele>
      </trkpt>
      <trkpt lat="44.47155" lon="3.55158">
        <ele>901.1</ele>
      </trkpt>
      <trkpt lat="44.47144" lon="3.55161">
        <ele>902.1</ele>
      </trkpt>
      <trkpt lat="44.46903" lon="3.55476">
        <ele>919.5</ele>
      </trkpt>
      <trkpt lat="44.46683" lon="3.55634">
        <ele>910.1</ele>
      </trkpt>
      <trkpt lat="44.46678" lon="3.55637">
        <ele>912.169556</ele>
      </trkpt>
      <trkpt lat="44.4672" lon="3.55988">
        <ele>923.866716</ele>
      </trkpt>
      <trkpt lat="44.46693" lon="3.56071">
        <ele>929.724193</ele>
      </trkpt>
      <trkpt lat="44.4649" lon="3.5645">
        <ele>960.72684</ele>
      </trkpt>
      <trkpt lat="44.4655" lon="3.56459">
        <ele>964.649407</ele>
      </trkpt>
      <trkpt lat="44.46583" lon="3.56478">
        <ele>966.969337</ele>
      </trkpt>
      <trkpt lat="44.46803" lon="3.56551">
        <ele>974.999072</ele>
      </trkpt>
      <trkpt lat="44.4682" lon="3.56563">
        <ele>974.852904</ele>
      </trkpt>
      <trkpt lat="44.46885" lon="3.56967">
        <ele>969.469317</ele>
      </trkpt>
      <trkpt lat="44.46812" lon="3.57109">
        <ele>972.276335</ele>
      </trkpt>
      <trkpt lat="44.46932" lon="3.57146">
        <ele>980.451018</ele>
      </trkpt>
      <trkpt lat="44.46995" lon="3.57186">
        <ele>987.106985</ele>
      </trkpt>
      <trkpt lat="44.4704" lon="3.57295">
        <ele>995.814333</ele>
      </trkpt>
      <trkpt lat="44.46836" lon="3.57536">
        <ele>1020.164659</ele>
      </trkpt>
      <trkpt lat="44.46838" lon="3.57575">
        <ele>1022.459745</ele>
      </trkpt>
      <trkpt lat="44.46904" lon="3.57681">
        <ele>1027.590157</ele>
      </trkpt>
      <trkpt lat="44.4694" lon="3.58109">
        <ele>1054.668131</ele>
      </trkpt>
      <trkpt lat="44.46948" lon="3.58144">
        <ele>1057.413583</ele>
      </trkpt>
      <trkpt lat="44.46998" lon="3.58678">
        <ele>1082.32575</ele>
      </trkpt>
      <trkpt lat="44.4699" lon="3.5871">
        <ele>1084.014396</ele>
      </trkpt>
      <trkpt lat="44.47014" lon="3.58826">
        <ele>1090.055342</ele>
      </trkpt>
      <trkpt lat="44.46752" lon="3.59016">
        <ele>1119.479632</ele>
      </trkpt>
      <trkpt lat="44.46755" lon="3.59028">
        <ele>1120.043882</ele>
      </trkpt>
      <trkpt lat="44.46777" lon="3.59035">
        <ele>1121.404043</ele>
      </trkpt>
      <trkpt lat="44.47003" lon="3.59326">
        <ele>1142.873861</ele>
      </trkpt>
      <trkpt lat="44.46922" lon="3.59287">
        <ele>1151.191269</ele>
      </trkpt>
      <trkpt lat="44.46859" lon="3.59266">
        <ele>1158.739578</ele>
      </trkpt>
      <trkpt lat="44.46554" lon="3.59396">
        <ele>1202.076129</ele>
      </trkpt>
      <trkpt lat="44.46516" lon="3.59285">
        <ele>1214.211664</ele>
      </trkpt>
      <trkpt lat="44.46487" lon="3.59267">
        <ele>1218.560842</ele>
      </trkpt>
      <trkpt lat="44.46321" lon="3.58902">
        <ele>1262.368292</ele>
      </trkpt>
      <trkpt lat="44.46304" lon="3.58961">
        <ele>1266.376646</ele>
      </trkpt>
      <trkpt lat="44.46301" lon="3.59366">
        <ele>1287.016568</ele>
      </trkpt>
      <trkpt lat="44.46368" lon="3.59605">
        <ele>1300.373611</ele>
      </trkpt>
      <trkpt lat="44.46429" lon="3.5974">
        <ele>1310.835793</ele>
      </trkpt>
      <trkpt lat="44.46189" lon="3.5993">
        <ele>1340.972868</ele>
      </trkpt>
      <trkpt lat="44.46072" lon="3.5996">
        <ele>1348.854268</ele>
      </trkpt>
      <trkpt lat="44.46015" lon="3.59953">
        <ele>1352.263623</ele>
      </trkpt>
      <trkpt lat="44.45631" lon="3.59503">
        <ele>1360.464108</ele>
      </trkpt>
      <trkpt lat="44.45456" lon="3.59311">
        <ele>1351.242905</ele>
      </trkpt>
      <trkpt lat="44.45328" lon="3.59265">
        <ele>1342.040962</ele>
      </trkpt>
      <trkpt lat="44.45173" lon="3.58965">
        <ele>1321.933238</ele>
      </trkpt>
      <trkpt lat="44.45117" lon="3.58876">
        <ele>1316.482935</ele>
      </trkpt>
      <trkpt lat="44.44756" lon="3.58574">
        <ele>1289.072806</ele>
      </trkpt>
      <trkpt lat="44.4472" lon="3.58601">
        <ele>1286.84198</ele>
      </trkpt>
      <trkpt lat="44.44481" lon="3.58915">
        <ele>1272.09904</ele>
      </trkpt>
      <trkpt lat="44.44411" lon="3.58976">
        <ele>1269.762222</ele>
      </trkpt>
      <trkpt lat="44.44049" lon="3.59245">
        <ele>1257.99663</ele>
      </trkpt>
      <trkpt lat="44.44002" lon="3.59277">
        <ele>1255.025852</ele>
      </trkpt>
      <trkpt lat="44.43881" lon="3.59164">
        <ele>1245.519133</ele>
      </trkpt>
      <trkpt lat="44.43499" lon="3.59289">
        <ele>1218.162439</ele>
      </trkpt>
      <trkpt lat="44.4337" lon="3.59376">
        <ele>1211.375421</ele>
      </trkpt>
      <trkpt lat="44.43334" lon="3.59537">
        <ele>1211.1</ele>
      </trkpt>
      <trkpt lat="44.43348" lon="3.59601">
        <ele>1210.9</ele>
      </trkpt>
      <trkpt lat="44.43406" lon="3.59786">
        <ele>1200.2</ele>
      </trkpt>
      <trkpt lat="44.43401" lon="3.59794">
        <ele>1201.1</ele>
      </trkpt>
      <trkpt lat="44.43033" lon="3.59692">
        <ele>1193.5</ele>
      </trkpt>
      <trkpt lat="44.42827" lon="3.59745">
        <ele>1183.5</ele>
      </trkpt>
      <trkpt lat="44.42798" lon="3.59899">
        <ele>1178.9</ele>
      </trkpt>
      <trkpt lat="44.42655" lon="3.6001">
        <ele>1175.6</ele>
      </trkpt>
      <trkpt lat="44.42542" lon="3.60098">
        <ele>1179.0</ele>
      </trkpt>
      <trkpt lat="44.42349" lon="3.60193">
        <ele>1173.9</ele>
      </trkpt>
      <trkpt lat="44.41872" lon="3.60529">
        <ele>1164.4</ele>
      </trkpt>
      <trkpt lat="44.41815" lon="3.6068">
        <ele>1170.7</ele>
      </trkpt>
      <trkpt lat="44.41667" lon="3.60843">
        <ele>1171.0</ele>
      </trkpt>
      <trkpt lat="44.41499" lon="3.60648">
        <ele>1162.1</ele>
      </trkpt>
      <trkpt lat="44.41485" lon="3.60591">
        <ele>1162.6</ele>
      </trkpt>
      <trkpt lat="44.41578" lon="3.60355">
        <ele>1167.8</ele>
      </trkpt>
      <trkpt lat="44.41582" lon="3.60328">
        <ele>1168.1</ele>
      </trkpt>
      <trkpt lat="44.41306" lon="3.60537">
        <ele>1181.6</ele>
      </trkpt>
      <trkpt lat="44.41224" lon="3.60653">
        <ele>1186.9</ele>
      </trkpt>
      <trkpt lat="44.40831" lon="3.60854">
        <ele>1190.3</ele>
      </trkpt>
      <trkpt lat="44.408" lon="3.60873">
        <ele>1191.2</ele>
      </trkpt>
      <trkpt lat="44.40627" lon="3.61101">
        <ele>1197.6</ele>
      </trkpt>
      <trkpt lat="44.40421" lon="3.61313">
        <ele>1199.4</ele>
      </trkpt>
      <trkpt lat="44.40332" lon="3.61411">
        <ele>1196.9</ele>
      </trkpt>
      <trkpt lat="44.40084" lon="3.61426">
        <ele>1178.7</ele>
      </trkpt>
      <trkpt lat="44.39978" lon="3.61456">
        <ele>1168.2</ele>
      </trkpt>
      <trkpt lat="44.39712" lon="3.61553">
        <ele>1134.2</ele>
      </trkpt>
      <trkpt lat="44.39605" lon="3.61573">
        <ele>1122.7</ele>
      </trkpt>
      <trkpt lat="44.39225" lon="3.61649">
        <ele>1073.5</ele>
      </trkpt>
      <trkpt lat="44.39189" lon="3.61644">
        <ele>1069.0</ele>
      </trkpt>
      <trkpt lat="44.39155" lon="3.61649">
        <ele>1063.2</ele>
      </trkpt>
      <trkpt lat="44.39388" lon="3.61764">
        <ele>1044.4</ele>
      </trkpt>
      <trkpt lat="44.39501" lon="3.618">
        <ele>1036.8</ele>
      </trkpt>
      <trkpt lat="44.39551" lon="3.61895">
        <ele>1022.1</ele>
      </trkpt>
      <trkpt lat="44.39375" lon="3.61884">
        <ele>1001.0</ele>
      </trkpt>
      <trkpt lat="44.39261" lon="3.61904">
        <ele>991.0</ele>
      </trkpt>
      <trkpt lat="44.38895" lon="3.62042">
        <ele>957.3</ele>
      </trkpt>
      <trkpt lat="44.38869" lon="3.62043">
        <ele>953.3</ele>
      </trkpt>
      <trkpt lat="44.38513" lon="3.62168">
        <ele>921.3</ele>
      </trkpt>
      <trkpt lat="44.38462" lon="3.62124">
        <ele>918.7</ele>
      </trkpt>
      <trkpt lat="44.38368" lon="3.62121">
        <ele>914.1</ele>
      </trkpt>
      <trkpt lat="44.38283" lon="3.62479">
        <ele>895.8</ele>
      </trkpt>
      <trkpt lat="44.38281" lon="3.62505">
        <ele>893.6</ele>
      </trkpt>
      <trkpt lat="44.38133" lon="3.62874">
        <ele>872.9</ele>
      </trkpt>
      <trkpt lat="44.38061" lon="3.6299">
        <ele>874.5</ele>
      </trkpt>
      <trkpt lat="44.38115" lon="3.63209">
        <ele>854.8</ele>
      </trkpt>
      <trkpt lat="44.37928" lon="3.6312">
        <ele>836.5</ele>
      </trkpt>
      <trkpt lat="44.37871" lon="3.63074">
        <ele>831.3</ele>
      </trkpt>
      <trkpt lat="44.3773" lon="3.62872">
        <ele>819.4</ele>
      </trkpt>
      <trkpt lat="44.37921" lon="3.62746">
        <ele>803.1</ele>
      </trkpt>
      <trkpt lat="44.37929" lon="3.62746">
        <ele>802.7</ele>
      </trkpt>
      <trkpt lat="44.38004" lon="3.62648">
        <ele>793.4</ele>
      </trkpt>
      <trkpt lat="44.37846" lon="3.62273">
        <ele>766.8</ele>
      </trkpt>
      <trkpt lat="44.37845" lon="3.62255">
        <ele>766.7</ele>
      </trkpt>
      <trkpt lat="44.37972" lon="3.62083">
        <ele>751.9</ele>
      </trkpt>
      <trkpt lat="44.37786" lon="3.62245">
        <ele>733.4</ele>
      </trkpt>
      <trkpt lat="44.37781" lon="3.62277">
        <ele>731.4</ele>
      </trkpt>
      <trkpt lat="44.37777" lon="3.62385">
        <ele>725.1</ele>
      </trkpt>
      <trkpt lat="44.37722" lon="3.62048">
        <ele>706.3</ele>
      </trkpt>
      <trkpt lat="44.37641" lon="3.62128">
        <ele>703.3</ele>
      </trkpt>
      <trkpt lat="44.37621" lon="3.62147">
        <ele>702.8</ele>
      </trkpt>
      <trkpt lat="44.37559" lon="3.62214">
        <ele>697.1</ele>
      </trkpt>
      <trkpt lat="44.37267" lon="3.62065">
        <ele>680.1</ele>
      </trkpt>
      <trkpt lat="44.37245" lon="3.62066">
        <ele>678.2</ele>
      </trkpt>
      <trkpt lat="44.36874" lon="3.6192">
        <ele>659.8</ele>
      </trkpt>
      <trkpt lat="44.36842" lon="3.61862">
        <ele>665.8</ele>
      </trkpt>
      <trkpt lat="44.36434" lon="3.61755">
        <ele>649.7</ele>
      </trkpt>
      <trkpt lat="44.36292" lon="3.61821">
        <ele>651.4</ele>
      </trkpt>
      <trkpt lat="44.36125" lon="3.61779">
        <ele>644.9</ele>
      </trkpt>
      <trkpt lat="44.36085" lon="3.61683">
        <ele>638.8</ele>
      </trkpt>
      <trkpt lat="44.36078" lon="3.61617">
        <ele>638.5</ele>
      </trkpt>
      <trkpt lat="44.35768" lon="3.61297">
        <ele>618.6</ele>
      </trkpt>
      <trkpt lat="44.35736" lon="3.61292">
        <ele>620.2</ele>
      </trkpt>
      <trkpt lat="44.35724" lon="3.61287">
        <ele>620.0</ele>
      </trkpt>
      <trkpt lat="44.35348" lon="3.61488">
        <ele>596.2</ele>
      </trkpt>
      <trkpt lat="44.35331" lon="3.61506">
        <ele>596.2</ele>
      </trkpt>
      <trkpt lat="44.35" lon="3.61776">
        <ele>581.7</ele>
      </trkpt>
      <trkpt lat="44.34872" lon="3.61797">
        <ele>581.4</ele>
      </trkpt>
      <trkpt lat="44.34787" lon="3.61796">
        <ele>588.5</ele>
      </trkpt>
      <trkpt lat="44.34773" lon="3.6177">
        <ele>589.5</ele>
      </trkpt>
      <trkpt lat="44.34529" lon="3.61495">
        <ele>577.9</ele>
      </trkpt>
      <trkpt lat="44.34526" lon="3.61496">
        <ele>577.7</ele>
      </trkpt>
      <trkpt lat="44.34483" lon="3.61334">
        <ele>563.7</ele>
      </trkpt>
      <trkpt lat="44.34486" lon="3.61046">
        <ele>562.0</ele>
      </trkpt>
      <trkpt lat="44.34456" lon="3.60817">
        <ele>572.8</ele>
      </trkpt>
      <trkpt lat="44.34321" lon="3.60254">
        <ele>563.4</ele>
      </trkpt>
      <trkpt lat="44.34324" lon="3.6021">
        <ele>569.1</ele>
      </trkpt>
      <trkpt lat="44.34444" lon="3.60122">
        <ele>551.1</ele>
      </trkpt>
      <trkpt lat="44.34499" lon="3.60117">
        <ele>556.0</ele>
      </trkpt>
      <trkpt lat="44.34476" lon="3.60002">
        <ele>556.5</ele>
      </trkpt>
      <trkpt lat="44.34486" lon="3.59491">
        <ele>552.5</ele>
      </trkpt>
      <trkpt lat="44.3451" lon="3.59394">
        <ele>551.5</ele>
      </trkpt>
      <trkpt lat="44.34604" lon="3.58988">
        <ele>569.7</ele>
      </trkpt>
      <trkpt lat="44.34596" lon="3.58925">
        <ele>579.6</ele>
      </trkpt>
      <trkpt lat="44.34566" lon="3.58927">
        <ele>571.4</ele>
      </trkpt>
      <trkpt lat="44.34355" lon="3.58855">
        <ele>582.3</ele>
      </trkpt>
      <trkpt lat="44.34101" lon="3.58973">
        <ele>579.8</ele>
      </trkpt>
      <trkpt lat="44.34059" lon="3.58984">
        <ele>579.1</ele>
      </trkpt>
      <trkpt lat="44.33836" lon="3.58759">
        <ele>549.5</ele>
      </trkpt>
      <trkpt lat="44.33664" lon="3.58745">
        <ele>535.0</ele>
      </trkpt>
      <trkpt lat="44.33482" lon="3.58618">
        <ele>547.2</ele>
      </trkpt>
      <trkpt lat="44.33465" lon="3.58622">
        <ele>547.1</ele>
      </trkpt>
      <trkpt lat="44.33207" lon="3.59022">
        <ele>548.8</ele>
      </trkpt>
      <trkpt lat="44.33195" lon="3.59046">
        <ele>545.6</ele>
      </trkpt>
      <trkpt lat="44.33155" lon="3.59117">
        <ele>546.7</ele>
      </trkpt>
      <trkpt lat="44.33113" lon="3.59068">
        <ele>537.6</ele>
      </trkpt>
      <trkpt lat="44.32624" lon="3.59515">
        <ele>539.0</ele>
      </trkpt>
      <trkpt lat="44.32615" lon="3.59589">
        <ele>544.9</ele>
      </trkpt>
      <trkpt lat="44.32402" lon="3.5978">
        <ele>542.8</ele>
      </trkpt>
      <trkpt lat="44.32243" lon="3.59935">
        <ele>546.3</ele>
      </trkpt>
      <trkpt lat="44.32179" lon="3.59995">
        <ele>547.8</ele>
      </trkpt>
      <trkpt lat="44.32067" lon="3.60035">
        <ele>545.3</ele>
      </trkpt>
      <trkpt lat="44.31853" lon="3.60029">
        <ele>557.9</ele>
      </trkpt>
      <trkpt lat="44.31766" lon="3.60014">
        <ele>555.6</ele>
      </trkpt>
      <trkpt lat="44.31675" lon="3.6009">
        <ele>557.7</ele>
      </trkpt>
      <trkpt lat="44.31614" lon="3.60325">
        <ele>562.6</ele>
      </trkpt>
      <trkpt lat="44.31725" lon="3.60487">
        <ele>559.2</ele>
      </trkpt>
      <trkpt lat="44.31848" lon="3.60643">
        <ele>566.5</ele>
      </trkpt>
      <trkpt lat="44.31972" lon="3.60935">
        <ele>563.3</ele>
      </trkpt>
      <trkpt lat="44.31966" lon="3.60978">
        <ele>567.9</ele>
      </trkpt>
      <trkpt lat="44.31824" lon="3.61264">
        <ele>569.2</ele>
      </trkpt>
      <trkpt lat="44.31694" lon="3.61397">
        <ele>567.4</ele>
      </trkpt>
      <trkpt lat="44.31567" lon="3.61522">
        <ele>578.8</ele>
      </trkpt>
      <trkpt lat="44.3148" lon="3.61895">
        <ele>575.2</ele>
      </trkpt>
      <trkpt lat="44.31453" lon="3.62026">
        <ele>577.7</ele>
      </trkpt>
      <trkpt lat="44.31588" lon="3.62269">
        <ele>580.2</ele>
      </trkpt>
      <trkpt lat="44.31717" lon="3.62497">
        <ele>565.0</ele>
      </trkpt>
      <trkpt lat="44.31702" lon="3.62598">
        <ele>580.9</ele>
      </trkpt>
      <trkpt lat="44.31417" lon="3.62761">
        <ele>579.7</ele>
      </trkpt>
      <trkpt lat="44.31301" lon="3.62909">
        <ele>581.8</ele>
      </trkpt>
      <trkpt lat="44.31252" lon="3.63074">
        <ele>588.8</ele>
      </trkpt>
      <trkpt lat="44.31238" lon="3.63252">
        <ele>588.1</ele>
      </trkpt>
      <trkpt lat="44.31262" lon="3.63462">
        <ele>591.4</ele>
      </trkpt>
      <trkpt lat="44.31139" lon="3.63542">
        <ele>597.3</ele>
      </trkpt>
      <trkpt lat="44.30994" lon="3.63755">
        <ele>596.9</ele>
      </trkpt>
      <trkpt lat="44.30789" lon="3.6397">
        <ele>603.5</ele>
      </trkpt>
      <trkpt lat="44.30757" lon="3.64077">
        <ele>598.2</ele>
      </trkpt>
      <trkpt lat="44.30769" lon="3.64199">
        <ele>593.8</ele>
      </trkpt>
      <trkpt lat="44.30708" lon="3.64495">
        <ele>601.3</ele>
      </trkpt>
      <trkpt lat="44.30635" lon="3.65179">
        <ele>595.6</ele>
      </trkpt>
      <trkpt lat="44.30633" lon="3.65211">
        <ele>608.3</ele>
      </trkpt>
      <trkpt lat="44.30682" lon="3.65328">
        <ele>601.7</ele>
      </trkpt>
      <trkpt lat="44.30762" lon="3.6584">
        <ele>609.3</ele>
      </trkpt>
      <trkpt lat="44.30727" lon="3.65901">
        <ele>604.8</ele>
      </trkpt>
      <trkpt lat="44.3036" lon="3.66226">
        <ele>612.4</ele>
      </trkpt>
      <trkpt lat="44.30259" lon="3.66421">
        <ele>617.0</ele>
      </trkpt>
      <trkpt lat="44.30211" lon="3.66461">
        <ele>615.6</ele>
      </trkpt>
      <trkpt lat="44.30136" lon="3.66341">
        <ele>606.6</ele>
      </trkpt>
      <trkpt lat="44.29967" lon="3.66272">
        <ele>609.7</ele>
      </trkpt>
      <trkpt lat="44.2985" lon="3.6634">
        <ele>617.3</ele>
      </trkpt>
      <trkpt lat="44.29727" lon="3.66494">
        <ele>623.2</ele>
      </trkpt>
      <trkpt lat="44.29706" lon="3.66532">
        <ele>626.5</ele>
      </trkpt>
      <trkpt lat="44.29655" lon="3.6681">
        <ele>637.0</ele>
      </trkpt>
      <trkpt lat="44.29645" lon="3.66587">
        <ele>645.5</ele>
      </trkpt>
      <trkpt lat="44.29651" lon="3.66534">
        <ele>649.1</ele>
      </trkpt>
      <trkpt lat="44.29727" lon="3.66308">
        <ele>664.9</ele>
      </trkpt>
      <trkpt lat="44.29556" lon="3.6655">
        <ele>686.4</ele>
      </trkpt>
      <trkpt lat="44.2954" lon="3.66582">
        <ele>689.5</ele>
      </trkpt>
      <trkpt lat="44.29472" lon="3.66695">
        <ele>700.0</ele>
      </trkpt>
      <trkpt lat="44.29582" lon="3.66295">
        <ele>724.9</ele>
      </trkpt>
      <trkpt lat="44.29565" lon="3.66263">
        <ele>725.5</ele>
      </trkpt>
      <trkpt lat="44.2956" lon="3.66257">
        <ele>727.1</ele>
      </trkpt>
      <trkpt lat="44.2933" lon="3.66527">
        <ele>757.8</ele>
      </trkpt>
      <trkpt lat="44.29258" lon="3.66577">
        <ele>763.6</ele>
      </trkpt>
      <trkpt lat="44.2906" lon="3.66583">
        <ele>802.6</ele>
      </trkpt>
      <trkpt lat="44.28918" lon="3.6673">
        <ele>816.2</ele>
      </trkpt>
      <trkpt lat="44.29076" lon="3.66877">
        <ele>805.0</ele>
      </trkpt>
      <trkpt lat="44.29176" lon="3.67131">
        <ele>822.2</ele>
      </trkpt>
      <trkpt lat="44.29339" lon="3.67383">
        <ele>837.5</ele>
      </trkpt>
      <trkpt lat="44.29325" lon="3.67602">
        <ele>853.7</ele>
      </trkpt>
      <trkpt lat="44.29344" lon="3.6772">
        <ele>864.5</ele>
      </trkpt>
      <trkpt lat="44.29108" lon="3.67839">
        <ele>867.0</ele>
      </trkpt>
      <trkpt lat="44.29016" lon="3.67789">
        <ele>867.4</ele>
      </trkpt>
      <trkpt lat="44.28991" lon="3.67658">
        <ele>884.4</ele>
      </trkpt>
      <trkpt lat="44.29031" lon="3.67598">
        <ele>912.9</ele>
      </trkpt>
      <trkpt lat="44.28994" lon="3.6755">
        <ele>915.1</ele>
      </trkpt>
      <trkpt lat="44.28861" lon="3.67178">
        <ele>929.9</ele>
      </trkpt>
      <trkpt lat="44.28759" lon="3.67164">
        <ele>933.7</ele>
      </trkpt>
      <trkpt lat="44.28669" lon="3.67132">
        <ele>932.9</ele>
      </trkpt>
      <trkpt lat="44.28598" lon="3.67042">
        <ele>925.8</ele>
      </trkpt>
      <trkpt lat="44.28646" lon="3.6675">
        <ele>902.8</ele>
      </trkpt>
      <trkpt lat="44.2863" lon="3.66647">
        <ele>897.9</ele>
      </trkpt>
      <trkpt lat="44.28607" lon="3.66622">
        <ele>896.0</ele>
      </trkpt>
      <trkpt lat="44.28525" lon="3.66687">
        <ele>887.4</ele>
      </trkpt>
      <trkpt lat="44.28328" lon="3.67209">
        <ele>890.9</ele>
      </trkpt>
      <trkpt lat="44.2826" lon="3.67214">
        <ele>889.9</ele>
      </trkpt>
      <trkpt lat="44.28142" lon="3.67279">
        <ele>894.1</ele>
      </trkpt>
      <trkpt lat="44.28121" lon="3.67287">
        <ele>895.0</ele>
      </trkpt>
      <trkpt lat="44.27907" lon="3.67361">
        <ele>903.3</ele>
      </trkpt>
      <trkpt lat="44.27796" lon="3.67247">
        <ele>907.0</ele>
      </trkpt>
      <trkpt lat="44.27776" lon="3.67144">
        <ele>911.3</ele>
      </trkpt>
      <trkpt lat="44.27589" lon="3.66696">
        <ele>919.1</ele>
      </trkpt>
      <trkpt lat="44.27441" lon="3.6651">
        <ele>928.6</ele>
      </trkpt>
      <trkpt lat="44.27235" lon="3.66276">
        <ele>937.3</ele>
      </trkpt>
      <trkpt lat="44.27217" lon="3.66254">
        <ele>935.6</ele>
      </trkpt>
      <trkpt lat="44.26961" lon="3.65862">
        <ele>941.4</ele>
      </trkpt>
      <trkpt lat="44.26939" lon="3.65852">
        <ele>941.6</ele>
      </trkpt>
      <trkpt lat="44.2676" lon="3.65468">
        <ele>952.7</ele>
      </trkpt>
      <trkpt lat="44.26717" lon="3.65403">
        <ele>951.9</ele>
      </trkpt>
      <trkpt lat="44.26636" lon="3.6535">
        <ele>954.8</ele>
      </trkpt>
      <trkpt lat="44.26399" lon="3.65195">
        <ele>944.3</ele>
      </trkpt>
      <trkpt lat="44.26217" lon="3.6513">
        <ele>944.3</ele>
      </trkpt>
      <trkpt lat="44.2588" lon="3.65007">
        <ele>963.3</ele>
      </trkpt>
      <trkpt lat="44.25799" lon="3.64942">
        <ele>966.0</ele>
      </trkpt>
      <trkpt lat="44.25562" lon="3.64805">
        <ele>946.7</ele>
      </trkpt>
      <trkpt lat="44.25475" lon="3.64844">
        <ele>939.4</ele>
      </trkpt>
      <trkpt lat="44.25439" lon="3.64841">
        <ele>936.0</ele>
      </trkpt>
      <trkpt lat="44.25099" lon="3.65093">
        <ele>899.0</ele>
      </trkpt>
      <trkpt lat="44.25003" lon="3.6507">
        <ele>889.2</ele>
      </trkpt>
      <trkpt lat="44.24895" lon="3.6521">
        <ele>901.8</ele>
      </trkpt>
      <trkpt lat="44.24832" lon="3.65032">
        <ele>916.1</ele>
      </trkpt>
      <trkpt lat="44.24802" lon="3.65012">
        <ele>916.2</ele>
      </trkpt>
      <trkpt lat="44.24749" lon="3.65078">
        <ele>914.7</ele>
      </trkpt>
      <trkpt lat="44.2452" lon="3.65313">
        <ele>920.1</ele>
      </trkpt>
      <trkpt lat="44.24402" lon="3.65508">
        <ele>926.2</ele>
      </trkpt>
      <trkpt lat="44.24253" lon="3.6563">
        <ele>919.4</ele>
      </trkpt>
      <trkpt lat="44.24202" lon="3.65472">
        <ele>911.5</ele>
      </trkpt>
      <trkpt lat="44.24196" lon="3.6541">
        <ele>908.9</ele>
      </trkpt>
      <trkpt lat="44.24186" lon="3.65365">
        <ele>905.8</ele>
      </trkpt>
      <trkpt lat="44.23921" lon="3.65443">
        <ele>884.3</ele>
      </trkpt>
      <trkpt lat="44.23854" lon="3.6546">
        <ele>882.4</ele>
      </trkpt>
      <trkpt lat="44.2378" lon="3.65366">
        <ele>873.1</ele>
      </trkpt>
      <trkpt lat="44.23549" lon="3.65515">
        <ele>856.3</ele>
      </trkpt>
      <trkpt lat="44.23494" lon="3.65567">
        <ele>851.6</ele>
      </trkpt>
      <trkpt lat="44.23145" lon="3.65778">
        <ele>826.1</ele>
      </trkpt>
      <trkpt lat="44.23097" lon="3.65807">
        <ele>824.3</ele>
      </trkpt>
      <trkpt lat="44.23328" lon="3.65507">
        <ele>799.5</ele>
      </trkpt>
      <trkpt lat="44.23382" lon="3.65486">
        <ele>800.6</ele>
      </trkpt>
      <trkpt lat="44.23392" lon="3.65474">
        <ele>797.9</ele>
      </trkpt>
      <trkpt lat="44.23061" lon="3.6569">
        <ele>773.6</ele>
      </trkpt>
      <trkpt lat="44.22963" lon="3.65654">
        <ele>769.3</ele>
      </trkpt>
      <trkpt lat="44.22726" lon="3.6568">
        <ele>748.3</ele>
      </trkpt>
      <trkpt lat="44.22784" lon="3.65623">
        <ele>744.5</ele>
      </trkpt>
      <trkpt lat="44.22793" lon="3.65601">
        <ele>743.4</ele>
      </trkpt>
      <trkpt lat="44.22822" lon="3.65512">
        <ele>737.3</ele>
      </trkpt>
      <trkpt lat="44.23119" lon="3.65384">
        <ele>714.9</ele>
      </trkpt>
      <trkpt lat="44.23136" lon="3.65346">
        <ele>711.8</ele>
      </trkpt>
      <trkpt lat="44.2347" lon="3.65045">
        <ele>683.8</ele>
      </trkpt>
      <trkpt lat="44.23476" lon="3.65033">
        <ele>682.6</ele>
      </trkpt>
      <trkpt lat="44.23587" lon="3.65025">
        <ele>674.5</ele>
      </trkpt>
      <trkpt lat="44.23456" lon="3.64755">
        <ele>675.8</ele>
      </trkpt>
      <trkpt lat="44.23423" lon="3.64839">
        <ele>664.0</ele>
      </trkpt>
      <trkpt lat="44.23416" lon="3.64849">
        <ele>664.3</ele>
      </trkpt>
      <trkpt lat="44.23098" lon="3.64949">
        <ele>636.7</ele>
      </trkpt>
      <trkpt lat="44.22993" lon="3.6496">
        <ele>631.1</ele>
      </trkpt>
      <trkpt lat="44.22892" lon="3.64916">
        <ele>628.1</ele>
      </trkpt>
      <trkpt lat="44.2299" lon="3.64509">
        <ele>613.9</ele>
      </trkpt>
      <trkpt lat="44.23002" lon="3.64481">
        <ele>613.4</ele>
      </trkpt>
      <trkpt lat="44.2297" lon="3.64243">
        <ele>601.6</ele>
      </trkpt>
      <trkpt lat="44.22958" lon="3.64229">
        <ele>601.9</ele>
      </trkpt>
      <trkpt lat="44.22841" lon="3.6445">
        <ele>604.2</ele>
      </trkpt>
      <trkpt lat="44.22744" lon="3.64555">
        <ele>611.8</ele>
      </trkpt>
      <trkpt lat="44.22562" lon="3.64907">
        <ele>608.6</ele>
      </trkpt>
      <trkpt lat="44.22271" lon="3.65184">
        <ele>601.2</ele>
      </trkpt>
      <trkpt lat="44.22162" lon="3.65275">
        <ele>597.9</ele>
      </trkpt>
      <trkpt lat="44.22151" lon="3.65275">
        <ele>597.2</ele>
      </trkpt>
      <trkpt lat="44.22017" lon="3.64937">
        <ele>604.6</ele>
      </trkpt>
      <trkpt lat="44.22012" lon="3.64859">
        <ele>603.5</ele>
      </trkpt>
      <trkpt lat="44.22016" lon="3.64574">
        <ele>611.4</ele>
      </trkpt>
      <trkpt lat="44.21871" lon="3.64639">
        <ele>617.3</ele>
      </trkpt>
      <trkpt lat="44.21752" lon="3.64631">
        <ele>619.1</ele>
      </trkpt>
      <trkpt lat="44.2169" lon="3.648">
        <ele>645.0</ele>
      </trkpt>
      <trkpt lat="44.21616" lon="3.64759">
        <ele>652.0</ele>
      </trkpt>
      <trkpt lat="44.21603" lon="3.64748">
        <ele>654.0</ele>
      </trkpt>
      <trkpt lat="44.21361" lon="3.64596">
        <ele>672.4</ele>
      </trkpt>
      <trkpt lat="44.2138" lon="3.64783">
        <ele>684.3</ele>
      </trkpt>
      <trkpt lat="44.21374" lon="3.64838">
        <ele>687.9</ele>
      </trkpt>
      <trkpt lat="44.21383" lon="3.65128">
        <ele>713.6</ele>
      </trkpt>
      <trkpt lat="44.21408" lon="3.65242">
        <ele>720.9</ele>
      </trkpt>
      <trkpt lat="44.2143" lon="3.65449">
        <ele>728.8</ele>
      </trkpt>
      <trkpt lat="44.21275" lon="3.6562">
        <ele>742.7</ele>
      </trkpt>
      <trkpt lat="44.2121" lon="3.65701">
        <ele>748.8</ele>
      </trkpt>
      <trkpt lat="44.20909" lon="3.65697">
        <ele>772.8</ele>
      </trkpt>
      <trkpt lat="44.20831" lon="3.65827">
        <ele>778.2</ele>
      </trkpt>
      <trkpt lat="44.20683" lon="3.65951">
        <ele>793.6</ele>
      </trkpt>
      <trkpt lat="44.20668" lon="3.65938">
        <ele>794.4</ele>
      </trkpt>
      <trkpt lat="44.20704" lon="3.65641">
        <ele>787.6</ele>
      </trkpt>
      <trkpt lat="44.20655" lon="3.65182">
        <ele>762.6</ele>
      </trkpt>
      <trkpt lat="44.20623" lon="3.64975">
        <ele>757.4</ele>
      </trkpt>
      <trkpt lat="44.20646" lon="3.64547">
        <ele>765.6</ele>
      </trkpt>
      <trkpt lat="44.20635" lon="3.6453">
        <ele>765.2</ele>
      </trkpt>
      <trkpt lat="44.20601" lon="3.64556">
        <ele>763.3</ele>
      </trkpt>
      <trkpt lat="44.20286" lon="3.64668">
        <ele>773.6</ele>
      </trkpt>
      <trkpt lat="44.20274" lon="3.64702">
        <ele>771.3</ele>
      </trkpt>
      <trkpt lat="44.19948" lon="3.65075">
        <ele>774.5</ele>
      </trkpt>
      <trkpt lat="44.19879" lon="3.65141">
        <ele>773.9</ele>
      </trkpt>
      <trkpt lat="44.19795" lon="3.65159">
        <ele>777.9</ele>
      </trkpt>
      <trkpt lat="44.19568" lon="3.65472">
        <ele>772.8</ele>
      </trkpt>
      <trkpt lat="44.19547" lon="3.65355">
        <ele>784.7</ele>
      </trkpt>
      <trkpt lat="44.19482" lon="3.65408">
        <ele>770.8</ele>
      </trkpt>
      <trkpt lat="44.19372" lon="3.65105">
        <ele>777.4</ele>
      </trkpt>
      <trkpt lat="44.19208" lon="3.6529">
        <ele>761.6</ele>
      </trkpt>
      <trkpt lat="44.19214" lon="3.6524">
        <ele>765.2</ele>
      </trkpt>
      <trkpt lat="44.18924" lon="3.65554">
        <ele>735.7</ele>
      </trkpt>
      <trkpt lat="44.18907" lon="3.65541">
        <ele>733.3</ele>
      </trkpt>
      <trkpt lat="44.18921" lon="3.65461">
        <ele>733.9</ele>
      </trkpt>
      <trkpt lat="44.18605" lon="3.6561">
        <ele>705.5</ele>
      </trkpt>
      <trkpt lat="44.1858" lon="3.65667">
        <ele>701.0</ele>
      </trkpt>
      <trkpt lat="44.18256" lon="3.65719">
        <ele>677.9</ele>
      </trkpt>
      <trkpt lat="44.18197" lon="3.65676">
        <ele>676.4</ele>
      </trkpt>
      <trkpt lat="44.18187" lon="3.6567">
        <ele>675.6</ele>
      </trkpt>
      <trkpt lat="44.17785" lon="3.65592">
        <ele>643.2</ele>
      </trkpt>
      <trkpt lat="44.17765" lon="3.65559">
        <ele>643.0</ele>
      </trkpt>
      <trkpt lat="44.17381" lon="3.65541">
        <ele>610.4</ele>
      </trkpt>
      <trkpt lat="44.17368" lon="3.65538">
        <ele>610.1</ele>
      </trkpt>
      <trkpt lat="44.17065" lon="3.65417">
        <ele>587.5</ele>
      </trkpt>
      <trkpt lat="44.17086" lon="3.65292">
        <ele>582.3</ele>
      </trkpt>
      <trkpt lat="44.171" lon="3.65181">
        <ele>576.0</ele>
      </trkpt>
      <trkpt lat="44.17066" lon="3.64817">
        <ele>557.9</ele>
      </trkpt>
      <trkpt lat="44.17121" lon="3.64735">
        <ele>553.3</ele>
      </trkpt>
      <trkpt lat="44.17167" lon="3.64704">
        <ele>548.2</ele>
      </trkpt>
      <trkpt lat="44.17377" lon="3.64544">
        <ele>537.5</ele>
      </trkpt>
      <trkpt lat="44.17257" lon="3.6454">
        <ele>531.6</ele>
      </trkpt>
      <trkpt lat="44.17179" lon="3.64562">
        <ele>532.0</ele>
      </trkpt>
      <trkpt lat="44.16904" lon="3.64574">
        <ele>511.1</ele>
      </trkpt>
      <trkpt lat="44.16963" lon="3.64643">
        <ele>506.6</ele>
      </trkpt>
      <trkpt lat="44.16967" lon="3.64661">
        <ele>507.2</ele>
      </trkpt>
      <trkpt lat="44.1691" lon="3.65193">
        <ele>493.7</ele>
      </trkpt>
      <trkpt lat="44.169" lon="3.65271">
        <ele>491.7</ele>
      </trkpt>
      <trkpt lat="44.16816" lon="3.65768">
        <ele>486.2</ele>
      </trkpt>
      <trkpt lat="44.16762" lon="3.65889">
        <ele>484.7</ele>
      </trkpt>
      <trkpt lat="44.16455" lon="3.66158">
        <ele>479.5</ele>
      </trkpt>
      <trkpt lat="44.1633" lon="3.66322">
        <ele>476.1</ele>
      </trkpt>
      <trkpt lat="44.16281" lon="3.66519">
        <ele>478.1</ele>
      </trkpt>
      <trkpt lat="44.16343" lon="3.66687">
        <ele>471.2</ele>
      </trkpt>
      <trkpt lat="44.16344" lon="3.66786">
        <ele>470.7</ele>
      </trkpt>
      <trkpt lat="44.16236" lon="3.67167">
        <ele>460.0</ele>
      </trkpt>
      <trkpt lat="44.16174" lon="3.67321">
        <ele>460.8</ele>
      </trkpt>
      <trkpt lat="44.16154" lon="3.67372">
        <ele>458.0</ele>
      </trkpt>
      <trkpt lat="44.15899" lon="3.67676">
        <ele>449.8</ele>
      </trkpt>
      <trkpt lat="44.15775" lon="3.67832">
        <ele>450.5</ele>
      </trkpt>
      <trkpt lat="44.15652" lon="3.68223">
        <ele>435.1</ele>
      </trkpt>
      <trkpt lat="44.15564" lon="3.68362">
        <ele>436.9</ele>
      </trkpt>
      <trkpt lat="44.15465" lon="3.68717">
        <ele>430.1</ele>
      </trkpt>
      <trkpt lat="44.15407" lon="3.68809">
        <ele>432.0</ele>
      </trkpt>
      <trkpt lat="44.15324" lon="3.68877">
        <ele>433.9</ele>
      </trkpt>
      <trkpt lat="44.15061" lon="3.68993">
        <ele>426.5</ele>
      </trkpt>
      <trkpt lat="44.14978" lon="3.69058">
        <ele>426.3</ele>
      </trkpt>
      <trkpt lat="44.14871" lon="3.69404">
        <ele>420.5</ele>
      </trkpt>
      <trkpt lat="44.14825" lon="3.69511">
        <ele>416.8</ele>
      </trkpt>
      <trkpt lat="44.14547" lon="3.69934">
        <ele>411.0</ele>
      </trkpt>
      <trkpt lat="44.145" lon="3.69943">
        <ele>410.7</ele>
      </trkpt>
      <trkpt lat="44.1445" lon="3.69957">
        <ele>415.9</ele>
      </trkpt>
      <trkpt lat="44.1426" lon="3.69913">
        <ele>413.4</ele>
      </trkpt>
      <trkpt lat="44.14189" lon="3.70263">
        <ele>413.7</ele>
      </trkpt>
      <trkpt lat="44.13969" lon="3.7051">
        <ele>405.5</ele>
      </trkpt>
      <trkpt lat="44.13943" lon="3.70579">
        <ele>403.1</ele>
      </trkpt>
      <trkpt lat="44.13937" lon="3.70603">
        <ele>405.0</ele>
      </trkpt>
      <trkpt lat="44.14051" lon="3.71025">
        <ele>391.0</ele>
      </trkpt>
      <trkpt lat="44.14051" lon="3.7116">
        <ele>389.7</ele>
      </trkpt>
      <trkpt lat="44.14021" lon="3.7155">
        <ele>383.8</ele>
      </trkpt>
      <trkpt lat="44.14041" lon="3.71804">
        <ele>381.4</ele>
      </trkpt>
      <trkpt lat="44.13985" lon="3.72">
        <ele>387.9</ele>
      </trkpt>
      <trkpt lat="44.13927" lon="3.7221">
        <ele>383.2</ele>
      </trkpt>
      <trkpt lat="44.13981" lon="3.72375">
        <ele>377.4</ele>
      </trkpt>
      <trkpt lat="44.13994" lon="3.72469">
        <ele>385.4</ele>
      </trkpt>
      <trkpt lat="44.14037" lon="3.72937">
        <ele>379.3</ele>
      </trkpt>
      <trkpt lat="44.14139" lon="3.73081">
        <ele>376.0</ele>
      </trkpt>
      <trkpt lat="44.13931" lon="3.73295">
        <ele>367.4</ele>
      </trkpt>
      <trkpt lat="44.13862" lon="3.73336">
        <ele>366.1</ele>
      </trkpt>
      <trkpt lat="44.13706" lon="3.73763">
        <ele>359.8</ele>
      </trkpt>
      <trkpt lat="44.13728" lon="3.74015">
        <ele>360.0</ele>
      </trkpt>
      <trkpt lat="44.1381" lon="3.74343">
        <ele>360.9</ele>
      </trkpt>
      <trkpt lat="44.13822" lon="3.74418">
        <ele>361.4</ele>
      </trkpt>
      <trkpt lat="44.13763" lon="3.75011">
        <ele>351.6</ele>
      </trkpt>
      <trkpt lat="44.13725" lon="3.75106">
        <ele>351.8</ele>
      </trkpt>
      <trkpt lat="44.13622" lon="3.75248">
        <ele>357.1</ele>
      </trkpt>
      <trkpt lat="44.13756" lon="3.75521">
        <ele>358.1</ele>
      </trkpt>
      <trkpt lat="44.13719" lon="3.75698">
        <ele>352.5</ele>
      </trkpt>
      <trkpt lat="44.13574" lon="3.75778">
        <ele>347.0</ele>
      </trkpt>
      <trkpt lat="44.13417" lon="3.75607">
        <ele>345.5</ele>
      </trkpt>
      <trkpt lat="44.13293" lon="3.75514">
        <ele>351.0</ele>
      </trkpt>
      <trkpt lat="44.13262" lon="3.75525">
        <ele>350.3</ele>
      </trkpt>
      <trkpt lat="44.13096" lon="3.7586">
        <ele>344.1</ele>
      </trkpt>
      <trkpt lat="44.12943" lon="3.76106">
        <ele>337.7</ele>
      </trkpt>
      <trkpt lat="44.12844" lon="3.76254">
        <ele>335.1</ele>
      </trkpt>
      <trkpt lat="44.12818" lon="3.76271">
        <ele>335.5</ele>
      </trkpt>
      <trkpt lat="44.12509" lon="3.76376">
        <ele>330.8</ele>
      </trkpt>
      <trkpt lat="44.12458" lon="3.76393">
        <ele>331.9</ele>
      </trkpt>
      <trkpt lat="44.12275" lon="3.7633">
        <ele>331.1</ele>
      </trkpt>
      <trkpt lat="44.12072" lon="3.76183">
        <ele>324.3</ele>
      </trkpt>
      <trkpt lat="44.11997" lon="3.76188">
        <ele>325.0</ele>
      </trkpt>
      <trkpt lat="44.1195" lon="3.76148">
        <ele>324.4</ele>
      </trkpt>
      <trkpt lat="44.11933" lon="3.76165">
        <ele>322.3</ele>
      </trkpt>
      <trkpt lat="44.11563" lon="3.76566">
        <ele>322.8</ele>
      </trkpt>
      <trkpt lat="44.11388" lon="3.7676">
        <ele>319.1</ele>
      </trkpt>
      <trkpt lat="44.11216" lon="3.76925">
        <ele>320.9</ele>
      </trkpt>
      <trkpt lat="44.11213" lon="3.76946">
        <ele>321.3</ele>
      </trkpt>
      <trkpt lat="44.11322" lon="3.77248">
        <ele>316.7</ele>
      </trkpt>
      <trkpt lat="44.11362" lon="3.77271">
        <ele>316.0</ele>
      </trkpt>
      <trkpt lat="44.11682" lon="3.77287">
        <ele>316.5</ele>
      </trkpt>
      <trkpt lat="44.11673" lon="3.77336">
        <ele>313.6</ele>
      </trkpt>
      <trkpt lat="44.11506" lon="3.7743">
        <ele>314.4</ele>
      </trkpt>
      <trkpt lat="44.11301" lon="3.77564">
        <ele>319.8</ele>
      </trkpt>
      <trkpt lat="44.11247" lon="3.77678">
        <ele>322.6</ele>
      </trkpt>
      <trkpt lat="44.11246" lon="3.77706">
        <ele>322.5</ele>
      </trkpt>
      <trkpt lat="44.11171" lon="3.78117">
        <ele>308.0</ele>
      </trkpt>
      <trkpt lat="44.11176" lon="3.78214">
        <ele>311.4</ele>
      </trkpt>
      <trkpt lat="44.11022" lon="3.78249">
        <ele>306.7</ele>
      </trkpt>
      <trkpt lat="44.1083" lon="3.78147">
        <ele>306.3</ele>
      </trkpt>
      <trkpt lat="44.10808" lon="3.78253">
        <ele>303.2</ele>
      </trkpt>
      <trkpt lat="44.10731" lon="3.78462">
        <ele>303.8</ele>
      </trkpt>
      <trkpt lat="44.10656" lon="3.78564">
        <ele>301.3</ele>
      </trkpt>
      <trkpt lat="44.10649" lon="3.78697">
        <ele>298.0</ele>
      </trkpt>
      <trkpt lat="44.10658" lon="3.78845">
        <ele>301.0</ele>
      </trkpt>
      <trkpt lat="44.10625" lon="3.79205">
        <ele>309.2</ele>
      </trkpt>
      <trkpt lat="44.10471" lon="3.79351">
        <ele>302.2</ele>
      </trkpt>
      <trkpt lat="44.10422" lon="3.79445">
        <ele>307.5</ele>
      </trkpt>
      <trkpt lat="44.10499" lon="3.79972">
        <ele>296.9</ele>
      </trkpt>
      <trkpt lat="44.10296" lon="3.80301">
        <ele>311.3</ele>
      </trkpt>
      <trkpt lat="44.10294" lon="3.80549">
        <ele>303.3</ele>
      </trkpt>
      <trkpt lat="44.10291" lon="3.80582">
        <ele>307.6</ele>
      </trkpt>
      <trkpt lat="44.10622" lon="3.80894">
        <ele>302.6</ele>
      </trkpt>
      <trkpt lat="44.10628" lon="3.81061">
        <ele>308.5</ele>
      </trkpt>
      <trkpt lat="44.10866" lon="3.81154">
        <ele>302.8</ele>
      </trkpt>
      <trkpt lat="44.11015" lon="3.81192">
        <ele>298.5</ele>
      </trkpt>
      <trkpt lat="44.11017" lon="3.81207">
        <ele>298.0</ele>
      </trkpt>
      <trkpt lat="44.10961" lon="3.8156">
        <ele>300.0</ele>
      </trkpt>
      <trkpt lat="44.1077" lon="3.81709">
        <ele>289.4</ele>
      </trkpt>
      <trkpt lat="44.1084" lon="3.81752">
        <ele>285.1</ele>
      </trkpt>
      <trkpt lat="44.1088" lon="3.81762">
        <ele>285.9</ele>
      </trkpt>
      <trkpt lat="44.11008" lon="3.81774">
        <ele>273.3</ele>
      </trkpt>
      <trkpt lat="44.11037" lon="3.81875">
        <ele>280.6</ele>
      </trkpt>
      <trkpt lat="44.10708" lon="3.822">
        <ele>278.9</ele>
      </trkpt>
      <trkpt lat="44.10698" lon="3.82222">
        <ele>281.7</ele>
      </trkpt>
      <trkpt lat="44.10726" lon="3.82356">
        <ele>282.2</ele>
      </trkpt>
      <trkpt lat="44.10697" lon="3.82716">
        <ele>281.2</ele>
      </trkpt>
      <trkpt lat="44.10707" lon="3.82747">
        <ele>284.2</ele>
      </trkpt>
      <trkpt lat="44.10868" lon="3.82992">
        <ele>267.5</ele>
      </trkpt>
      <trkpt lat="44.10868" lon="3.83027">
        <ele>264.3</ele>
      </trkpt>
      <trkpt lat="44.11036" lon="3.8327">
        <ele>257.8</ele>
      </trkpt>
      <trkpt lat="44.11018" lon="3.83469">
        <ele>249.3</ele>
      </trkpt>
      <trkpt lat="44.11005" lon="3.83515">
        <ele>249.0</ele>
      </trkpt>
      <trkpt lat="44.11044" lon="3.83706">
        <ele>241.4</ele>
      </trkpt>
      <trkpt lat="44.11208" lon="3.8375">
        <ele>231.9</ele>
      </trkpt>
      <trkpt lat="44.11412" lon="3.83872">
        <ele>234.4</ele>
      </trkpt>
      <trkpt lat="44.11345" lon="3.84114">
        <ele>249.9</ele>
      </trkpt>
      <trkpt lat="44.11356" lon="3.84179">
        <ele>235.3</ele>
      </trkpt>
      <trkpt lat="44.11377" lon="3.84197">
        <ele>222.2</ele>
      </trkpt>
      <trkpt lat="44.11449" lon="3.84191">
        <ele>223.7</ele>
      </trkpt>
      <trkpt lat="44.11528" lon="3.8429">
        <ele>216.0</ele>
      </trkpt>
      <trkpt lat="44.11577" lon="3.84737">
        <ele>209.2</ele>
      </trkpt>
      <trkpt lat="44.11516" lon="3.8506">
        <ele>203.9</ele>
      </trkpt>
      <trkpt lat="44.11508" lon="3.8515">
        <ele>207.8</ele>
      </trkpt>
      <trkpt lat="44.11459" lon="3.85355">
        <ele>205.1</ele>
      </trkpt>
      <trkpt lat="44.11268" lon="3.85798">
        <ele>207.1</ele>
      </trkpt>
      <trkpt lat="44.11241" lon="3.86048">
        <ele>205.2</ele>
      </trkpt>
      <trkpt lat="44.112" lon="3.86201">
        <ele>204.0</ele>
      </trkpt>
      <trkpt lat="44.11267" lon="3.86411">
        <ele>198.6</ele>
      </trkpt>
      <trkpt lat="44.11315" lon="3.86509">
        <ele>197.9</ele>
      </trkpt>
      <trkpt lat="44.11459" lon="3.86833">
        <ele>201.2</ele>
      </trkpt>
      <trkpt lat="44.11449" lon="3.87039">
        <ele>198.3</ele>
      </trkpt>
      <trkpt lat="44.1144" lon="3.87096">
        <ele>200.8</ele>
      </trkpt>
      <trkpt lat="44.11233" lon="3.87329">
        <ele>193.1</ele>
      </trkpt>
      <trkpt lat="44.1107" lon="3.87344">
        <ele>194.9</ele>
      </trkpt>
      <trkpt lat="44.10791" lon="3.87586">
        <ele>192.5</ele>
      </trkpt>
      <trkpt lat="44.10752" lon="3.87654">
        <ele>191.6</ele>
      </trkpt>
      <trkpt lat="44.10735" lon="3.87839">
        <ele>190.0</ele>
      </trkpt>
      <trkpt lat="44.10734" lon="3.87995">
        <ele>194.8</ele>
      </trkpt>
      <trkpt lat="44.10692" lon="3.88193">
        <ele>193.1</ele>
      </trkpt>
      <trkpt lat="44.10384" lon="3.87998">
        <ele>189.9</ele>
      </trkpt>
      <trkpt lat="44.10377" lon="3.88">
        <ele>189.9</ele>
      </trkpt>
      <trkpt lat="44.10316" lon="3.88163">
        <ele>184.8</ele>
      </trkpt>
      <trkpt lat="44.10249" lon="3.88301">
        <ele>187.8</ele>
      </trkpt>
      <trkpt lat="44.10089" lon="3.88624">
        <ele>185.0</ele>
      </trkpt>
      <trkpt lat="44.10068" lon="3.88717">
        <ele>184.3</ele>
      </trkpt>
      <trkpt lat="44.10066" lon="3.88728">
        <ele>184.1</ele>
      </trkpt>
      <trkpt lat="44.09953" lon="3.89239">
        <ele>180.7</ele>
      </trkpt>
      <trkpt lat="44.0989" lon="3.89523">
        <ele>182.4</ele>
      </trkpt>
      <trkpt lat="44.09903" lon="3.89667">
        <ele>178.0</ele>
      </trkpt>
      <trkpt lat="44.09732" lon="3.90227">
        <ele>175.9</ele>
      </trkpt>
      <trkpt lat="44.09701" lon="3.90364">
        <ele>178.7</ele>
      </trkpt>
      <trkpt lat="44.09725" lon="3.90701">
        <ele>179.4</ele>
      </trkpt>
      <trkpt lat="44.09708" lon="3.90951">
        <ele>177.0</ele>
      </trkpt>
      <trkpt lat="44.09581" lon="3.91408">
        <ele>174.4</ele>
      </trkpt>
      <trkpt lat="44.09567" lon="3.9143">
        <ele>174.9</ele>
      </trkpt>
      <trkpt lat="44.09435" lon="3.91481">
        <ele>177.4</ele>
      </trkpt>
      <trkpt lat="44.09303" lon="3.91416">
        <ele>173.1</ele>
      </trkpt>
      <trkpt lat="44.09083" lon="3.91304">
        <ele>181.0</ele>
      </trkpt>
      <trkpt lat="44.08847" lon="3.91338">
        <ele>188.1</ele>
      </trkpt>
      <trkpt lat="44.08844" lon="3.9134">
        <ele>188.0</ele>
      </trkpt>
      <trkpt lat="44.08672" lon="3.91527">
        <ele>168.0</ele>
      </trkpt>
      <trkpt lat="44.08474" lon="3.91723">
        <ele>167.8</ele>
      </trkpt>
      <trkpt lat="44.0837" lon="3.91778">
        <ele>173.4</ele>
      </trkpt>
      <trkpt lat="44.0822" lon="3.92182">
        <ele>160.5</ele>
      </trkpt>
      <trkpt lat="44.08118" lon="3.92297">
        <ele>166.6</ele>
      </trkpt>
      <trkpt lat="44.08035" lon="3.92333">
        <ele>167.2</ele>
      </trkpt>
      <trkpt lat="44.07906" lon="3.92695">
        <ele>161.6</ele>
      </trkpt>
      <trkpt lat="44.0784" lon="3.9283">
        <ele>161.5</ele>
      </trkpt>
      <trkpt lat="44.07603" lon="3.92949">
        <ele>171.9</ele>
      </trkpt>
      <trkpt lat="44.07599" lon="3.92968">
        <ele>175.2</ele>
      </trkpt>
      <trkpt lat="44.07703" lon="3.93184">
        <ele>158.1</ele>
      </trkpt>
      <trkpt lat="44.07752" lon="3.93399">
        <ele>156.5</ele>
      </trkpt>
      <trkpt lat="44.07706" lon="3.93521">
        <ele>154.2</ele>
      </trkpt>
      <trkpt lat="44.07566" lon="3.93698">
        <ele>155.6</ele>
      </trkpt>
      <trkpt lat="44.07431" lon="3.94159">
        <ele>150.5</ele>
      </trkpt>
      <trkpt lat="44.07427" lon="3.94307">
        <ele>151.3</ele>
      </trkpt>
      <trkpt lat="44.07314" lon="3.94695">
        <ele>173.2</ele>
      </trkpt>
      <trkpt lat="44.07253" lon="3.94789">
        <ele>182.7</ele>
      </trkpt>
      <trkpt lat="44.07212" lon="3.94845">
        <ele>188.2</ele>
      </trkpt>
      <trkpt lat="44.0749" lon="3.94941">
        <ele>194.0</ele>
      </trkpt>
      <trkpt lat="44.07542" lon="3.95045">
        <ele>198.8</ele>
      </trkpt>
      <trkpt lat="44.0771" lon="3.95154">
        <ele>202.2</ele>
      </trkpt>
      <trkpt lat="44.07839" lon="3.95216">
        <ele>200.6</ele>
      </trkpt>
      <trkpt lat="44.07836" lon="3.95451">
        <ele>197.0</ele>
      </trkpt>
      <trkpt lat="44.07912" lon="3.95624">
        <ele>180.0</ele>
      </trkpt>
      <trkpt lat="44.0796" lon="3.95829">
        <ele>180.4</ele>
      </trkpt>
      <trkpt lat="44.0792" lon="3.95865">
        <ele>181.3</ele>
      </trkpt>
      <trkpt lat="44.07714" lon="3.96206">
        <ele>160.8</ele>
      </trkpt>
      <trkpt lat="44.07653" lon="3.96313">
        <ele>156.3</ele>
      </trkpt>
      <trkpt lat="44.07644" lon="3.96323">
        <ele>155.8</ele>
      </trkpt>
      <trkpt lat="44.07523" lon="3.96215">
        <ele>136.9</ele>
      </trkpt>
      <trkpt lat="44.07483" lon="3.96244">
        <ele>138.8</ele>
      </trkpt>
      <trkpt lat="44.07399" lon="3.96456">
        <ele>161.0</ele>
      </trkpt>
      <trkpt lat="44.073" lon="3.96837">
        <ele>177.9</ele>
      </trkpt>
      <trkpt lat="44.0723" lon="3.96868">
        <ele>181.2</ele>
      </trkpt>
      <trkpt lat="44.0717" lon="3.96879">
        <ele>178.6</ele>
      </trkpt>
      <trkpt lat="44.06844" lon="3.97181">
        <ele>143.6</ele>
      </trkpt>
      <trkpt lat="44.06814" lon="3.97206">
        <ele>141.4</ele>
      </trkpt>
      <trkpt lat="44.06519" lon="3.97607">
        <ele>134.1</ele>
      </trkpt>
      <trkpt lat="44.06481" lon="3.97628">
        <ele>133.9</ele>
      </trkpt>
      <trkpt lat="44.06194" lon="3.97846">
        <ele>129.4</ele>
      </trkpt>
      <trkpt lat="44.06082" lon="3.9791">
        <ele>128.3</ele>
      </trkpt>
      <trkpt lat="44.06035" lon="3.97942">
        <ele>131.0</ele>
      </trkpt>
      <trkpt lat="44.05978" lon="3.9837">
        <ele>136.5</ele>
      </trkpt>
      <trkpt lat="44.05967" lon="3.98417">
        <ele>135.0</ele>
      </trkpt>
      <trkpt lat="44.05817" lon="3.98597">
        <ele>129.7</ele>
      </trkpt>
      <trkpt lat="44.056" lon="3.98699">
        <ele>126.9</ele>
      </trkpt>
      <trkpt lat="44.05422" lon="3.98732">
        <ele>127.1</ele>
      </trkpt>
      <trkpt lat="44.05405" lon="3.98733">
        <ele>127.4</ele>
      </trkpt>
      <trkpt lat="44.05251" lon="3.98529">
        <ele>131.9</ele>
      </trkpt>
      <trkpt lat="44.05239" lon="3.98529">
        <ele>131.9</ele>
      </trkpt>
      <trkpt lat="44.05192" lon="3.98375">
        <ele>137.3</ele>
      </trkpt>
      <trkpt lat="44.05172" lon="3.98363">
        <ele>135.1</ele>
      </trkpt>
      <trkpt lat="44.04874" lon="3.98492">
        <ele>133.5</ele>
      </trkpt>
      <trkpt lat="44.04551" lon="3.98511">
        <ele>131.0</ele>
      </trkpt>
      <trkpt lat="44.04411" lon="3.98493">
        <ele>131.0</ele>
      </trkpt>
      <trkpt lat="44.04155" lon="3.98576">
        <ele>136.1</ele>
      </trkpt>
      <trkpt lat="44.03954" lon="3.9892">
        <ele>132.2</ele>
      </trkpt>
      <trkpt lat="44.03872" lon="3.99088">
        <ele>138.8</ele>
      </trkpt>
      <trkpt lat="44.0384" lon="3.99603">
        <ele>133.6</ele>
      </trkpt>
      <trkpt lat="44.03818" lon="3.99818">
        <ele>126.9</ele>
      </trkpt>
      <trkpt lat="44.0381" lon="3.99839">
        <ele>131.4</ele>
      </trkpt>
      <trkpt lat="44.0377" lon="3.99911">
        <ele>166.1</ele>
      </trkpt>
      <trkpt lat="44.03647" lon="4.00082">
        <ele>127.3</ele>
      </trkpt>
      <trkpt lat="44.03413" lon="4.00461">
        <ele>127.9</ele>
      </trkpt>
      <trkpt lat="44.03308" lon="4.00737">
        <ele>125.9</ele>
      </trkpt>
      <trkpt lat="44.0327" lon="4.0084">
        <ele>124.7</ele>
      </trkpt>
      <trkpt lat="44.03165" lon="4.01082">
        <ele>123.7</ele>
      </trkpt>
      <trkpt lat="44.03065" lon="4.0125">
        <ele>122.0</ele>
      </trkpt>
      <trkpt lat="44.02931" lon="4.01484">
        <ele>120.3</ele>
      </trkpt>
      <trkpt lat="44.02767" lon="4.01766">
        <ele>123.0</ele>
      </trkpt>
      <trkpt lat="44.0254" lon="4.02152">
        <ele>120.8</ele>
      </trkpt>
      <trkpt lat="44.02467" lon="4.02278">
        <ele>118.2</ele>
      </trkpt>
      <trkpt lat="44.02385" lon="4.02417">
        <ele>121.0</ele>
      </trkpt>
      <trkpt lat="44.02204" lon="4.02733">
        <ele>120.0</ele>
      </trkpt>
      <trkpt lat="44.02163" lon="4.02801">
        <ele>120.0</ele>
      </trkpt>
      <trkpt lat="44.02049" lon="4.03">
        <ele>119.0</ele>
      </trkpt>
      <trkpt lat="44.01943" lon="4.03179">
        <ele>119.0</ele>
      </trkpt>
      <trkpt lat="44.0184" lon="4.03133">
        <ele>119.0</ele>
      </trkpt>
      <trkpt lat="44.0171" lon="4.0306">
        <ele>121.3</ele>
      </trkpt>
      <trkpt lat="44.0161" lon="4.03215">
        <ele>122.4</ele>
      </trkpt>
      <trkpt lat="44.01248" lon="4.03609">
        <ele>123.0</ele>
      </trkpt>
      <trkpt lat="44.01165" lon="4.03659">
        <ele>121.3</ele>
      </trkpt>
      <trkpt lat="44.01107" lon="4.03716">
        <ele>121.0</ele>
      </trkpt>
      <trkpt lat="44.00888" lon="4.04099">
        <ele>129.0</ele>
      </trkpt>
      <trkpt lat="44.00877" lon="4.04125">
        <ele>128.8</ele>
      </trkpt>
      <trkpt lat="44.00598" lon="4.04449">
        <ele>130.0</ele>
      </trkpt>
      <trkpt lat="44.00565" lon="4.0454">
        <ele>130.5</ele>
      </trkpt>
      <trkpt lat="44.00387" lon="4.04673">
        <ele>135.2</ele>
      </trkpt>
      <trkpt lat="44.00294" lon="4.04865">
        <ele>138.6</ele>
      </trkpt>
      <trkpt lat="44.00235" lon="4.04924">
        <ele>136.0</ele>
      </trkpt>
      <trkpt lat="44.00085" lon="4.05306">
        <ele>132.1</ele>
      </trkpt>
      <trkpt lat="43.99995" lon="4.05577">
        <ele>132.5</ele>
      </trkpt>
      <trkpt lat="43.99861" lon="4.05996">
        <ele>123.1</ele>
      </trkpt>
      <trkpt lat="43.99854" lon="4.06027">
        <ele>124.7</ele>
      </trkpt>
      <trkpt lat="43.99746" lon="4.06407">
        <ele>132.1</ele>
      </trkpt>
      <trkpt lat="43.99639" lon="4.0671">
        <ele>132.6</ele>
      </trkpt>
      <trkpt lat="43.99607" lon="4.06774">
        <ele>131.7</ele>
      </trkpt>
      <trkpt lat="43.99378" lon="4.06975">
        <ele>123.5</ele>
      </trkpt>
      <trkpt lat="43.99378" lon="4.06963">
        <ele>123.8</ele>
      </trkpt>
      <trkpt lat="43.99013" lon="4.07085">
        <ele>113.0</ele>
      </trkpt>
      <trkpt lat="43.98972" lon="4.07118">
        <ele>112.0</ele>
      </trkpt>
      <trkpt lat="43.98878" lon="4.07214">
        <ele>111.0</ele>
      </trkpt>
      <trkpt lat="43.98764" lon="4.07441">
        <ele>109.6</ele>
      </trkpt>
      <trkpt lat="43.98734" lon="4.07608">
        <ele>110.4</ele>
      </trkpt>
      <trkpt lat="43.98652" lon="4.07912">
        <ele>114.6</ele>
      </trkpt>
      <trkpt lat="43.98545" lon="4.07774">
        <ele>121.0</ele>
      </trkpt>
      <trkpt lat="43.98537" lon="4.0777">
        <ele>121.0</ele>
      </trkpt>
      <trkpt lat="43.98235" lon="4.0778">
        <ele>105.8</ele>
      </trkpt>
      <trkpt lat="43.98167" lon="4.07738">
        <ele>104.0</ele>
      </trkpt>
      <trkpt lat="43.97827" lon="4.07605">
        <ele>98.8</ele>
      </trkpt>
      <trkpt lat="43.97545" lon="4.076">
        <ele>94.6</ele>
      </trkpt>
      <trkpt lat="43.97537" lon="4.07607">
        <ele>94.3</ele>
      </trkpt>
      <trkpt lat="43.97437" lon="4.07727">
        <ele>98.1</ele>
      </trkpt>
      <trkpt lat="43.9743" lon="4.0779">
        <ele>97.5</ele>
      </trkpt>
      <trkpt lat="43.97399" lon="4.08335">
        <ele>102.7</ele>
      </trkpt>
      <trkpt lat="43.97394" lon="4.08439">
        <ele>107.3</ele>
      </trkpt>
      <trkpt lat="43.97308" lon="4.08626">
        <ele>111.8</ele>
      </trkpt>
      <trkpt lat="43.97195" lon="4.08642">
        <ele>116.0</ele>
      </trkpt>
      <trkpt lat="43.96899" lon="4.08534">
        <ele>109.7</ele>
      </trkpt>
      <trkpt lat="43.96789" lon="4.08674">
        <ele>115.9</ele>
      </trkpt>
      <trkpt lat="43.96611" lon="4.08905">
        <ele>112.9</ele>
      </trkpt>
      <trkpt lat="43.96504" lon="4.08982">
        <ele>119.0</ele>
      </trkpt>
      <trkpt lat="43.96388" lon="4.08981">
        <ele>120.0</ele>
      </trkpt>
      <trkpt lat="43.96035" lon="4.0892">
        <ele>141.6</ele>
      </trkpt>
      <trkpt lat="43.95986" lon="4.08897">
        <ele>140.5</ele>
      </trkpt>
      <trkpt lat="43.95832" lon="4.09259">
        <ele>131.4</ele>
      </trkpt>
      <trkpt lat="43.95773" lon="4.09401">
        <ele>132.2</ele>
      </trkpt>
      <trkpt lat="43.95714" lon="4.09559">
        <ele>133.2</ele>
      </trkpt>
      <trkpt lat="43.95711" lon="4.09586">
        <ele>132.8</ele>
      </trkpt>
      <trkpt lat="43.95689" lon="4.10008">
        <ele>136.3</ele>
      </trkpt>
      <trkpt lat="43.95654" lon="4.1027">
        <ele>140.5</ele>
      </trkpt>
      <trkpt lat="43.95679" lon="4.10413">
        <ele>138.4</ele>
      </trkpt>
      <trkpt lat="43.95548" lon="4.10601">
        <ele>131.6</ele>
      </trkpt>
      <trkpt lat="43.95318" lon="4.10863">
        <ele>123.9</ele>
      </trkpt>
      <trkpt lat="43.95249" lon="4.11032">
        <ele>115.8</ele>
      </trkpt>
      <trkpt lat="43.95232" lon="4.11077">
        <ele>113.1</ele>
      </trkpt>
      <trkpt lat="43.95053" lon="4.11394">
        <ele>100.9</ele>
      </trkpt>
      <trkpt lat="43.95095" lon="4.11575">
        <ele>99.0</ele>
      </trkpt>
      <trkpt lat="43.95102" lon="4.11611">
        <ele>98.3</ele>
      </trkpt>
      <trkpt lat="43.95117" lon="4.11766">
        <ele>97.1</ele>
      </trkpt>
      <trkpt lat="43.9486" lon="4.11871">
        <ele>90.0</ele>
      </trkpt>
      <trkpt lat="43.94813" lon="4.11896">
        <ele>89.5</ele>
      </trkpt>
      <trkpt lat="43.9464" lon="4.12003">
        <ele>87.1</ele>
      </trkpt>
      <trkpt lat="43.94347" lon="4.12164">
        <ele>79.1</ele>
      </trkpt>
      <trkpt lat="43.94057" lon="4.12363">
        <ele>89.9</ele>
      </trkpt>
      <trkpt lat="43.93977" lon="4.12409">
        <ele>92.2</ele>
      </trkpt>
      <trkpt lat="43.9372" lon="4.12729">
        <ele>99.2</ele>
      </trkpt>
      <trkpt lat="43.93657" lon="4.12744">
        <ele>100.0</ele>
      </trkpt>
      <trkpt lat="43.93307" lon="4.1293">
        <ele>114.5</ele>
      </trkpt>
      <trkpt lat="43.93319" lon="4.12953">
        <ele>115.0</ele>
      </trkpt>
      <trkpt lat="43.93338" lon="4.12998">
        <ele>114.8</ele>
      </trkpt>
      <trkpt lat="43.93506" lon="4.13451">
        <ele>117.8</ele>
      </trkpt>
      <trkpt lat="43.93555" lon="4.13776">
        <ele>122.0</ele>
      </trkpt>
      <trkpt lat="43.93645" lon="4.13958">
        <ele>117.8</ele>
      </trkpt>
      <trkpt lat="43.9368" lon="4.14025">
        <ele>117.5</ele>
      </trkpt>
      <trkpt lat="43.93756" lon="4.14377">
        <ele>125.4</ele>
      </trkpt>
      <trkpt lat="43.93708" lon="4.14558">
        <ele>140.7</ele>
      </trkpt>
      <trkpt lat="43.93687" lon="4.14582">
        <ele>145.3</ele>
      </trkpt>
      <trkpt lat="43.93553" lon="4.14821">
        <ele>185.8</ele>
      </trkpt>
      <trkpt lat="43.93428" lon="4.14895">
        <ele>187.7</ele>
      </trkpt>
      <trkpt lat="43.9325" lon="4.1519">
        <ele>193.2</ele>
      </trkpt>
      <trkpt lat="43.93234" lon="4.15249">
        <ele>193.6</ele>
      </trkpt>
      <trkpt lat="43.932" lon="4.1549">
        <ele>195.0</ele>
      </trkpt>
      <trkpt lat="43.93276" lon="4.15798">
        <ele>186.6</ele>
      </trkpt>
      <trkpt lat="43.93261" lon="4.15823">
        <ele>186.2</ele>
      </trkpt>
      <trkpt lat="43.93199" lon="4.1589">
        <ele>186.4</ele>
      </trkpt>
      <trkpt lat="43.92972" lon="4.16336">
        <ele>178.0</ele>
      </trkpt>
      <trkpt lat="43.92954" lon="4.16359">
        <ele>178.0</ele>
      </trkpt>
      <trkpt lat="43.92834" lon="4.16737">
        <ele>188.5</ele>
      </trkpt>
      <trkpt lat="43.92713" lon="4.16881">
        <ele>179.5</ele>
      </trkpt>
      <trkpt lat="43.92595" lon="4.17087">
        <ele>195.5</ele>
      </trkpt>
      <trkpt lat="43.92578" lon="4.17285">
        <ele>191.5</ele>
      </trkpt>
      <trkpt lat="43.92622" lon="4.17373">
        <ele>191.8</ele>
      </trkpt>
      <trkpt lat="43.92758" lon="4.17698">
        <ele>200.3</ele>
      </trkpt>
      <trkpt lat="43.92967" lon="4.17838">
        <ele>201.0</ele>
      </trkpt>
      <trkpt lat="43.93114" lon="4.17886">
        <ele>187.9</ele>
      </trkpt>
      <trkpt lat="43.93136" lon="4.17922">
        <ele>188.2</ele>
      </trkpt>
      <trkpt lat="43.93146" lon="4.18202">
        <ele>190.0</ele>
      </trkpt>
      <trkpt lat="43.93183" lon="4.18732">
        <ele>169.4</ele>
      </trkpt>
      <trkpt lat="43.93196" lon="4.18802">
        <ele>169.1</ele>
      </trkpt>
      <trkpt lat="43.9322" lon="4.18865">
        <ele>169.9</ele>
      </trkpt>
      <trkpt lat="43.93471" lon="4.1916">
        <ele>154.5</ele>
      </trkpt>
      <trkpt lat="43.93473" lon="4.19224">
        <ele>147.8</ele>
      </trkpt>
      <trkpt lat="43.93601" lon="4.19544">
        <ele>135.1</ele>
      </trkpt>
      <trkpt lat="43.93475" lon="4.19564">
        <ele>125.8</ele>
      </trkpt>
      <trkpt lat="43.93439" lon="4.19726">
        <ele>118.4</ele>
      </trkpt>
      <trkpt lat="43.93229" lon="4.19969">
        <ele>127.8</ele>
      </trkpt>
      <trkpt lat="43.93185" lon="4.1998">
        <ele>130.3</ele>
      </trkpt>
      <trkpt lat="43.93225" lon="4.20498">
        <ele>100.1</ele>
      </trkpt>
      <trkpt lat="43.9322" lon="4.20509">
        <ele>100.0</ele>
      </trkpt>
      <trkpt lat="43.93084" lon="4.21014">
        <ele>90.5</ele>
      </trkpt>
      <trkpt lat="43.93041" lon="4.20973">
        <ele>90.9</ele>
      </trkpt>
      <trkpt lat="43.92634" lon="4.208">
        <ele>98.1</ele>
      </trkpt>
      <trkpt lat="43.92517" lon="4.20767">
        <ele>101.0</ele>
      </trkpt>
      <trkpt lat="43.92343" lon="4.20695">
        <ele>97.3</ele>
      </trkpt>
      <trkpt lat="43.9218" lon="4.20634">
        <ele>99.0</ele>
      </trkpt>
      <trkpt lat="43.91933" lon="4.20548">
        <ele>98.7</ele>
      </trkpt>
      <trkpt lat="43.91749" lon="4.2051">
        <ele>98.6</ele>
      </trkpt>
      <trkpt lat="43.91633" lon="4.20496">
        <ele>100.0</ele>
      </trkpt>
      <trkpt lat="43.91318" lon="4.20557">
        <ele>106.6</ele>
      </trkpt>
      <trkpt lat="43.91267" lon="4.20574">
        <ele>106.6</ele>
      </trkpt>
      <trkpt lat="43.91134" lon="4.20538">
        <ele>102.4</ele>
      </trkpt>
      <trkpt lat="43.90973" lon="4.20775">
        <ele>100.1</ele>
      </trkpt>
      <trkpt lat="43.90924" lon="4.20817">
        <ele>99.8</ele>
      </trkpt>
      <trkpt lat="43.90666" lon="4.21106">
        <ele>95.2</ele>
      </trkpt>
      <trkpt lat="43.90599" lon="4.21199">
        <ele>94.0</ele>
      </trkpt>
      <trkpt lat="43.9055" lon="4.21247">
        <ele>93.1</ele>
      </trkpt>
      <trkpt lat="43.90196" lon="4.21355">
        <ele>90.0</ele>
      </trkpt>
      <trkpt lat="43.90005" lon="4.21493">
        <ele>87.0</ele>
      </trkpt>
      <trkpt lat="43.89843" lon="4.21498">
        <ele>94.9</ele>
      </trkpt>
      <trkpt lat="43.89792" lon="4.21431">
        <ele>95.7</ele>
      </trkpt>
      <trkpt lat="43.89661" lon="4.2148">
        <ele>104.6</ele>
      </trkpt>
      <trkpt lat="43.89672" lon="4.21622">
        <ele>112.8</ele>
      </trkpt>
      <trkpt lat="43.89655" lon="4.21812">
        <ele>108.9</ele>
      </trkpt>
      <trkpt lat="43.89549" lon="4.21987">
        <ele>104.8</ele>
      </trkpt>
      <trkpt lat="43.89343" lon="4.22343">
        <ele>106.8</ele>
      </trkpt>
      <trkpt lat="43.89262" lon="4.2267">
        <ele>97.9</ele>
      </trkpt>
      <trkpt lat="43.8942" lon="4.22763">
        <ele>97.0</ele>
      </trkpt>
      <trkpt lat="43.89223" lon="4.23059">
        <ele>103.8</ele>
      </trkpt>
      <trkpt lat="43.89209" lon="4.23089">
        <ele>104.5</ele>
      </trkpt>
      <trkpt lat="43.89024" lon="4.23563">
        <ele>117.8</ele>
      </trkpt>
      <trkpt lat="43.8901" lon="4.23615">
        <ele>115.6</ele>
      </trkpt>
      <trkpt lat="43.88949" lon="4.24022">
        <ele>119.8</ele>
      </trkpt>
      <trkpt lat="43.88865" lon="4.24393">
        <ele>116.9</ele>
      </trkpt>
      <trkpt lat="43.88761" lon="4.24784">
        <ele>112.4</ele>
      </trkpt>
      <trkpt lat="43.88763" lon="4.24832">
        <ele>111.5</ele>
      </trkpt>
      <trkpt lat="43.88722" lon="4.25194">
        <ele>109.0</ele>
      </trkpt>
      <trkpt lat="43.88668" lon="4.25483">
        <ele>112.0</ele>
      </trkpt>
      <trkpt lat="43.88672" lon="4.25494">
        <ele>112.2</ele>
      </trkpt>
      <trkpt lat="43.88536" lon="4.25806">
        <ele>115.3</ele>
      </trkpt>
      <trkpt lat="43.88475" lon="4.25948">
        <ele>115.3</ele>
      </trkpt>
      <trkpt lat="43.88324" lon="4.2626">
        <ele>118.5</ele>
      </trkpt>
      <trkpt lat="43.88112" lon="4.26517">
        <ele>121.0</ele>
      </trkpt>
      <trkpt lat="43.88335" lon="4.26741">
        <ele>138.0</ele>
      </trkpt>
      <trkpt lat="43.88383" lon="4.26775">
        <ele>137.2</ele>
      </trkpt>
      <trkpt lat="43.88653" lon="4.2689">
        <ele>130.0</ele>
      </trkpt>
      <trkpt lat="43.88671" lon="4.26912">
        <ele>130.3</ele>
      </trkpt>
      <trkpt lat="43.88613" lon="4.27066">
        <ele>133.5</ele>
      </trkpt>
      <trkpt lat="43.88612" lon="4.27427">
        <ele>145.8</ele>
      </trkpt>
      <trkpt lat="43.88721" lon="4.27442">
        <ele>147.0</ele>
      </trkpt>
      <trkpt lat="43.88832" lon="4.27466">
        <ele>143.0</ele>
      </trkpt>
      <trkpt lat="43.88909" lon="4.2774">
        <ele>154.2</ele>
      </trkpt>
      <trkpt lat="43.88796" lon="4.27868">
        <ele>160.5</ele>
      </trkpt>
      <trkpt lat="43.88766" lon="4.27885">
        <ele>161.0</ele>
      </trkpt>
      <trkpt lat="43.88399" lon="4.28106">
        <ele>166.1</ele>
      </trkpt>
      <trkpt lat="43.88367" lon="4.28152">
        <ele>167.2</ele>
      </trkpt>
      <trkpt lat="43.88178" lon="4.28392">
        <ele>173.6</ele>
      </trkpt>
      <trkpt lat="43.87952" lon="4.28595">
        <ele>168.4</ele>
      </trkpt>
      <trkpt lat="43.8784" lon="4.28701">
        <ele>170.5</ele>
      </trkpt>
      <trkpt lat="43.87656" lon="4.2893">
        <ele>167.6</ele>
      </trkpt>
      <trkpt lat="43.87437" lon="4.29209">
        <ele>172.1</ele>
      </trkpt>
      <trkpt lat="43.87306" lon="4.29328">
        <ele>168.6</ele>
      </trkpt>
      <trkpt lat="43.87215" lon="4.29381">
        <ele>170.7</ele>
      </trkpt>
      <trkpt lat="43.87188" lon="4.29644">
        <ele>178.1</ele>
      </trkpt>
      <trkpt lat="43.87154" lon="4.29873">
        <ele>176.8</ele>
      </trkpt>
      <trkpt lat="43.87067" lon="4.30105">
        <ele>169.6</ele>
      </trkpt>
      <trkpt lat="43.8695" lon="4.30139">
        <ele>160.4</ele>
      </trkpt>
      <trkpt lat="43.86935" lon="4.30154">
        <ele>159.5</ele>
      </trkpt>
      <trkpt lat="43.86745" lon="4.30123">
        <ele>153.1</ele>
      </trkpt>
      <trkpt lat="43.86689" lon="4.30135">
        <ele>158.8</ele>
      </trkpt>
      <trkpt lat="43.86603" lon="4.30705">
        <ele>149.8</ele>
      </trkpt>
      <trkpt lat="43.86503" lon="4.30927">
        <ele>153.3</ele>
      </trkpt>
      <trkpt lat="43.86429" lon="4.30974">
        <ele>158.1</ele>
      </trkpt>
      <trkpt lat="43.8634" lon="4.31194">
        <ele>155.3</ele>
      </trkpt>
      <trkpt lat="43.86206" lon="4.31457">
        <ele>158.1</ele>
      </trkpt>
      <trkpt lat="43.85973" lon="4.31839">
        <ele>166.2</ele>
      </trkpt>
      <trkpt lat="43.85935" lon="4.32019">
        <ele>169.3</ele>
      </trkpt>
      <trkpt lat="43.85876" lon="4.32331">
        <ele>158.2</ele>
      </trkpt>
      <trkpt lat="43.85836" lon="4.32332">
        <ele>158.1</ele>
      </trkpt>
      <trkpt lat="43.85772" lon="4.32325">
        <ele>157.3</ele>
      </trkpt>
      <trkpt lat="43.85584" lon="4.32428">
        <ele>149.0</ele>
      </trkpt>
      <trkpt lat="43.85419" lon="4.32447">
        <ele>150.0</ele>
      </trkpt>
      <trkpt lat="43.85391" lon="4.32428">
        <ele>147.6</ele>
      </trkpt>
      <trkpt lat="43.85189" lon="4.32769">
        <ele>136.8</ele>
      </trkpt>
      <trkpt lat="43.85182" lon="4.3286">
        <ele>132.6</ele>
      </trkpt>
      <trkpt lat="43.85167" lon="4.32912">
        <ele>129.4</ele>
      </trkpt>
      <trkpt lat="43.85126" lon="4.33436">
        <ele>112.1</ele>
      </trkpt>
      <trkpt lat="43.85095" lon="4.33578">
        <ele>103.7</ele>
      </trkpt>
      <trkpt lat="43.84988" lon="4.33798">
        <ele>110.0</ele>
      </trkpt>
      <trkpt lat="43.84919" lon="4.34069">
        <ele>101.3</ele>
      </trkpt>
      <trkpt lat="43.84797" lon="4.34528">
        <ele>84.0</ele>
      </trkpt>
      <trkpt lat="43.84786" lon="4.34671">
        <ele>73.0</ele>
      </trkpt>
      <trkpt lat="43.84757" lon="4.34687">
        <ele>72.8</ele>
      </trkpt>
      <trkpt lat="43.84664" lon="4.3488">
        <ele>100.0</ele>
      </trkpt>
      <trkpt lat="43.84522" lon="4.3487">
        <ele>102.8</ele>
      </trkpt>
      <trkpt lat="43.84384" lon="4.34903">
        <ele>110.2</ele>
      </trkpt>
      <trkpt lat="43.84317" lon="4.34956">
        <ele>108.8</ele>
      </trkpt>
    </trkseg>
  </trk>
</gpx>